category,difficulty,question,correct_answer,incorrect_answers,type
Entertainment: Video Games,easy,"What year was the game ""Overwatch"" revealed?",2014,"['2015', '2011', '2008']",multiple
Entertainment: Japanese Anime & Manga,medium,"In the anime, ""Fullmetal Alchemist"", who is known as the 'Flame Alchemist'?",Roy Mustang,"['Edward Elric', 'Maes Hughes', 'Lin Yao']",multiple
Entertainment: Music,medium,"""Neutral Milk Hotel"" is a real band.",True,['False'],boolean
History,hard,Which day did World War I begin?,July 28,"['January 28', 'June 28', 'April 28']",multiple
Entertainment: Japanese Anime & Manga,medium,"In the anime ""Mr. Osomatsu"", how many brothers does Osomatsu-san have?",5,"['6', '7', '4']",multiple
Science & Nature,hard,What genetic disease is caused by having an extra Y chromosome (XYY)?,Jacob's Syndrome,"[""Klinefelter's Syndrome"", ""Turner's Syndrome"", 'Down Syndrome']",multiple
Science & Nature,easy,Which of the following is not one of the groups on the periodic table?,Fluorines,"['Alkali Metals', 'Halogens', 'Noble Gases']",multiple
Entertainment: Music,easy,Muse is a British (English) rock band,True,['False'],boolean
Entertainment: Video Games,medium,What is the name of the 8th installment in the Fire Emblem series?,The Sacred Stones,"['Blazing Sword', 'Awakening', 'Path of Radiance']",multiple
Entertainment: Japanese Anime & Manga,hard,"The protagonist in ""Humanity Has Declined"" has no discernable name and is simply referred to as 'I' for most of the series.",True,['False'],boolean
Entertainment: Video Games,easy,"What year did the game ""Overwatch"" enter closed beta?",2015,"['2013', '2011', '2016']",multiple
Science: Mathematics,hard,Which of the following famous mathematicians died in a duel at the age of 20?,Galois,"['Abel', 'Euler', 'Gauss']",multiple
History,medium,On which day did the attempted coup d'etat of 1991 in the Soviet Union begin?,August 19,"['August 21', 'December 26', 'December 24']",multiple
Sports,hard,Which of these Russian cities did NOT contain a stadium that was used in the 2018 FIFA World Cup?,Vladivostok,"['Rostov-on-Don', 'Yekaterinburg', 'Kaliningrad']",multiple
Entertainment: Board Games,hard,"The board game ""Ra"" was designed by which designer? ",Reiner Knizia,"['Bruno Cathala', 'Uwe Rosenburg', 'Allison Kline']",multiple
Vehicles,medium,Which one of the following is not made by Ford?,Camry,"['Fusion', 'Model A', 'F-150']",multiple
History,hard,What year was the United States Declaration of Independence signed?,1776,"['1775', '1774', '1777']",multiple
Entertainment: Music,medium,Which of the following rappers were NOT part of the hip-hop group Odd Future?,Vince Staples,"['Tyler, the Creator', 'Frank Ocean', 'Mike G']",multiple
Sports,easy,Which country hosted the 2018 FIFA World Cup?,Russia,"['Germany', 'United States', 'Saudi Arabia']",multiple
Entertainment: Video Games,easy,"Which of the following is NOT a summon in the game ""South Park: The Stick of Truth""?",Towelie,"['Jesus', 'Mr. Hankey', 'Mr. Slave']",multiple
Entertainment: Television,hard,"In ""It's Always Sunny in Philadelphia"" what was the name of Frank's wrestling persona?",The Trash Man,"['Bird of War', 'Day Man', 'The Maniac']",multiple
History,medium,In what year did William the Conqueror take control of England?,1066,"['1123', '1205', '901']",multiple
Art,hard,What was the major distinction between the English and French Gothic styles of architecture?,Fan vaulting,"['Pinnacles', 'Gargoyles', 'Hemispherical Domes']",multiple
Entertainment: Music,easy,"Who is the musical artist who released the hit song, ""Love Song,"" in 2007?",Sara Bareilles,"['Taylor Swift', 'Katy Perry', 'Sarah Silverman']",multiple
Science: Mathematics,hard,How many zeptometres are inside one femtometre?,"1,000,000","['10', '1,000,000,000', '1000']",multiple
Science & Nature,medium,"The moons, Miranda, Ariel, Umbriel, Titania and Oberon orbit which planet?",Uranus,"['Jupiter', 'Venus', 'Neptune']",multiple
Vehicles,medium,Which country has the international vehicle registration letter 'A'?,Austria,"['Afghanistan', 'Australia', 'Armenia']",multiple
Sports,medium,Who won the 2011 Stanley Cup?,Boston Bruins,"['Montreal Canadiens', 'New York Rangers', 'Toronto Maple Leafs']",multiple
Entertainment: Video Games,easy,"When was the top-down online RPG ""Space Station 13"" released?",2003,"['2000', '2010', '2006']",multiple
Entertainment: Video Games,easy,Who is the main protagonist in Danganronpa 2: Goodbye Despair?,Hajime Hinata,"['Nagito Komaeda', 'Makoto Naegi', 'Junko Enoshima']",multiple
Vehicles,medium,The first true automobile ever made was the 1886 Benz Patent-Motorwagen.,True,['False'],boolean
Sports,medium,With which team did Michael Schumacher make his Formula One debut at the 1991 Belgian Grand Prix?,Jordan,"['Benetton', 'Ferrari', 'Mercedes']",multiple
Entertainment: Video Games,hard,What was the nickname of the original model for Half-Life's protagonist Gordon Freeman?,Ivan the Space Biker,"['Gordon the Space Biker', 'Ivan the Alien Biker', 'Gordon the Alien Biker']",multiple
Entertainment: Music,medium,Which musical instrument is nicknamed 'the clown of the orchestra'?,Bassoon,"['Piccolo', 'Tuba', 'Flute']",multiple
General Knowledge,medium,Kissing someone for one minute burns about 2 calories.,True,['False'],boolean
Geography,medium,"Which of these countries is ""doubly landlocked"" (surrounded entirely by one or more landlocked countries)?",Uzbekistan,"['Switzerland', 'Bolivia', 'Ethiopia']",multiple
History,medium,The creator of the Enigma Cypher and Machine was of what nationality?,German,"['American', 'British', 'Polish']",multiple
Politics,medium,"Between 1973 to 1990, what country was ruled by dictator Augusto Pinochet?",Chile,"['Ethiopia', 'Indonesia', 'Nicaragua']",multiple
General Knowledge,hard,"Which church's interior in Vatican City was designed in 1503 by renaissance architects including Bramante, Michelangelo and Bernini?",St. Peter's Basilica,"['Catania Cathedral', 'St. Mark’s Basilica', 'The Duomo of Florence']",multiple
Geography,medium,Which country has three capital cities?,South Africa,"['Somalia', 'China', 'United Kingdom']",multiple
Science: Mathematics,easy,How many sides does a heptagon have?,7,"['8', '6', '5']",multiple
History,medium,When did Jamaica receive its independence from England? ,1962,"['1492', '1963', '1987']",multiple
Entertainment: Music,easy,"Which punk rock band released hit songs such as ""Californication"", ""Can't Stop"" and ""Under the Bridge""?",Red Hot Chilli Peppers,"['Green Day', 'Linkin Park', 'Foo Fighters']",multiple
Mythology,medium,Which of the following Mesopotamian mythological figures was NOT a deity?,Enkidu,"['Enki', 'Enlil', 'Enkimdu']",multiple
Entertainment: Japanese Anime & Manga,hard,Which of these names are not a character of JoJo's Bizarre Adventure?,JoJo Kikasu,"['Jean-Pierre Polnareff', 'George Joestar', 'Risotto Nero']",multiple
History,medium,Who tutored Alexander the Great?,Aristotle,"['Socrates', 'Plato', 'King Philip']",multiple
Entertainment: Video Games,easy,"Who out of these Team Fortress 2 characters, does not use a Shotgun as a secondary weapon?",Engineer,"['Soldier', 'Pyro', 'Heavy']",multiple
Entertainment: Video Games,easy,"In Kingdom Hearts, how many members does Organization XIII have in total?",14,"['10', '13', '12']",multiple
Entertainment: Music,medium,For which civil rights activist did Stevie Wonder write the song 'Happy Birthday' in 1980?,Martin Luther King Jr,"['Rosa Parks', 'Nelson Mandella', 'Booker T. Washington']",multiple
Entertainment: Video Games,medium,Which is the protagonist of Bioshock Infinite?,Booker DeWitt,"['Zachary Comstock', 'Arthas Menethil', 'Herbie Hancock']",multiple
Entertainment: Film,medium,What is the name of the robot in the 1951 science fiction film classic 'The Day the Earth Stood Still'?,Gort,"['Robby', 'Colossus', 'Box']",multiple
Entertainment: Video Games,easy,"In Night In The Woods, where does Gregg work?",Snack Falcon,"[""Ol' Pickaxe"", 'Video Outpost ""Too""', 'Food Donkey']",multiple
Entertainment: Japanese Anime & Manga,hard,"Which of the following countries does ""JoJo's Bizarre Adventure: Stardust Crusaders"" not take place in?",Philippines,"['India', 'Pakistan', 'Egypt']",multiple
Entertainment: Video Games,medium,How many normal endings are there in Cry Of Fear's campaign mode?,4,"['5', '3', '6']",multiple
Geography,medium,Which state of the United States is the smallest?,Rhode Island ,"['Maine', 'Vermont', 'Massachusetts']",multiple
Entertainment: Video Games,easy,The PlayStation was originally a joint project between Sega and Sony that was a Sega Genesis with a disc drive.,False,['True'],boolean
History,hard,Who assassinated President James A. Garfield?,Charles Guiteau,"['Sirhan Sirhan', 'Leon Czolgosz', 'John Wilkes Booth']",multiple
Entertainment: Music,medium,"Which rock band released the album ""The Bends"" in March 1995?",Radiohead,"['Nirvana', 'Coldplay', 'U2']",multiple
Entertainment: Television,medium,"The author behind the acclaimed novel ""Leaving Las Vegas"" also wrote an episode of Rugrats.",True,['False'],boolean
General Knowledge,easy,Who played General Aladeen in The Dictator?,Sacha Baron Cohen,"['Johnny Depp', 'James Franco', 'Leonardo Dicaprio']",multiple
Entertainment: Video Games,easy,Who's the voice actor for Thrall in the Warcraft game series?,Chris Metzen,"['Ben Affleck', 'Jason Derulo', 'Jim Carrey']",multiple
Science: Gadgets,medium,When was the compact disc player first released?,1982,"['1983', '1981', '1980']",multiple
History,medium,Where was Abraham Lincoln when he was assassinated by John Wilkes Booth in 1865?,At the theatre,"['On a boat', 'On his horse', 'In bed']",multiple
History,hard,What year was the first Pizza Hut restaurant opened?,1958,"['1976', '1965', '1942']",multiple
General Knowledge,easy,Five dollars is worth how many nickels?,100,"['50', '25', '69']",multiple
Entertainment: Film,easy,"In the movie The Revenant, DiCaprio's character hunts down the killer of his son.",True,['False'],boolean
Entertainment: Video Games,easy,"What was the first video game in the Batman ""Arkham"" series?",Arkham Asylum,"['Arkham Knight', 'Arkham City', 'Arkham Origins']",multiple
Geography,easy,Which UK country features a dragon on their flag?,Wales,"['England', 'North Ireland', 'Scotland']",multiple
Entertainment: Video Games,hard,"In Super Mario RPG: Legend of The Seven Stars, what is Geno's real name?",♡♪!?,"['Geno', 'Exor', 'Smithy']",multiple
Entertainment: Music,hard,Which of the following is NOT a real song from the band Thousand Foot Krutch?,Limitless Fury,"['Let The Sparks Fly', 'Down', 'Give Up The Ghost']",multiple
Science: Mathematics,medium,"What are the first 6 digits of the number ""Pi""?",3.14159,"['3.14169', '3.12423', '3.25812']",multiple
Celebrities,hard,Lady Gaga's real name is Stefani Joanne Angelina Germanotta.,True,['False'],boolean
Entertainment: Music,medium,"""Drink the Sea"" is an album by which electronic music artist?",The Glitch Mob,"['Avicii', 'XXYYXX', 'Flux Pavilion']",multiple
Entertainment: Video Games,easy,Which one of these characters is NOT a playable fighter in Super Smash Bros. Ultimate?,Kumatora,"['King K. Rool', 'Incineroar', 'Corrin']",multiple
Entertainment: Video Games,hard,"What was the first ""Call Of Duty: Zombies"" map to be directed by Jason Blundell?",Mob Of The Dead,"['Buried', 'Origins', 'Moon']",multiple
Entertainment: Video Games,medium,Which of these characters is NOT a boss in Crash Bash?,Ripper Roo,"['Papu Papu', 'Komodo brothers', 'Nitros Oxide']",multiple
Entertainment: Television,medium,Baron Silas Greenback is the arch nemesis of which cartoon hero?,Danger Mouse,"['Bananaman', 'SuperTed', 'Captain Star']",multiple
Entertainment: Film,medium,"What city did the monster attack in the film, ""Cloverfield""?","New York, New York","['Las Vegas, Nevada', 'Chicago, Illinois', 'Orlando, Florida']",multiple
Entertainment: Music,medium,Which one of these artists appears in the album Deltron 3030?,Dan the Automater,"['Lamarr Kendrick', 'Danger Mouse', 'CeeLo Green']",multiple
History,medium,During which American Civil War campaign did Union troops dig a tunnel beneath Confederate troops to detonate explosives underneath them?,Siege of Petersburg,"['Siege of Vicksburg', 'Antietam Campaign', 'Gettysburg Campagin']",multiple
Sports,hard,What team did England beat in the semi-final stage to win in the 1966 World Cup final?,Portugal,"['West Germany', 'Soviet Union', 'Brazil']",multiple
Entertainment: Film,medium,"What was Marilyn Monroe`s character's first name in the film ""Some Like It Hot""?",Sugar,"['Honey', 'Caramel', 'Candy']",multiple
Entertainment: Video Games,easy,"When was ""Luigi's Mansion 3"" released?","October 31st, 2019","['January 13th, 2019', 'September 6th, 2018', 'October 1st, 2019']",multiple
Politics,medium,George W. Bush lost the popular vote in the 2004 United States presidential election.,False,['True'],boolean
Animals,easy,Which is the national animal of India?,Tiger,"['Lion', 'Horse', 'Camel']",multiple
Entertainment: Music,hard,"In Kendrick Lamar's 2012 album, ""Good Kid, M.A.A.D City"", the album's story takes place in which city?",Compton,"['Detroit', 'New York', 'Baltimore']",multiple
Entertainment: Music,medium,"When was the 3rd album ""Notes from the Underground"" of the band ""Hollywood Undead"" released?",2013,"['2011', '2014', '2009']",multiple
Science & Nature,medium,What does the yellow diamond on the NFPA 704 fire diamond represent?,Reactivity,"['Health', 'Flammability', 'Radioactivity']",multiple
Entertainment: Video Games,easy,What year was Super Mario Bros. released?,1985,"['1983', '1987', '1986']",multiple
History,medium,Who was the first emperor of Rome?,Augustus ,"['Julius Caesar', 'Pompey Magnus', 'Claudius']",multiple
Entertainment: Video Games,easy,"In the videogame Bully, what is the protagonist's last name?",Hopkins,"['Smith', 'Kowalski', 'Crabblesnitch']",multiple
Science: Mathematics,medium,What Greek letter is used to signify summation?,Sigma,"['Delta', 'Alpha', 'Omega']",multiple
Geography,easy,Alaska is the largest state in the United States.,True,['False'],boolean
Entertainment: Television,medium,What year did the television company BBC officially launch the channel BBC One?,1936,"['1948', '1932', '1955']",multiple
General Knowledge,hard,What was the third country to have a McDonald's restaurant?,Costa Rica,"['Japan', 'France', 'Australia']",multiple
Entertainment: Video Games,medium,"In ""Call Of Duty: Zombies"", which map features the ""Fly Trap"" easter egg?",Der Riese,"['Tranzit', 'Call Of The Dead', 'Shi No Numa']",multiple
Geography,easy,"The derisive acronym ""PIIGS"" refers to which of the following European countries and their economic statuses?","Portugal, Ireland, Italy, Greece, Spain","['Poland, Iceland, Italy, Greece, Serbia', 'Poland, Iceland, Italy, Greenland, Spain', 'Portugal, Iceland, Ireland, Greece, Serbia']",multiple
History,medium,"Which building was set aflame on August 24th, 1812?",The White House,"['Parliament Building', 'Grand National Assembly Building', 'Palace of the Nation']",multiple
Entertainment: Film,easy,"This movie contains the quote, ""Nobody puts Baby in a corner.""",Dirty Dancing,"['Three Men and a Baby', ""Ferris Bueller's Day Off"", 'Pretty in Pink']",multiple
Entertainment: Film,medium,"In ""Jurassic World"", which company purchases InGen and creates Jurassic World?",Masrani Global Corporation ,"['Biology Synthetics Technologies', 'International Genetics Incorporated', 'International Genetic Technologies']",multiple
General Knowledge,medium,Only a small percentage of the world's population is lactose intolerant.,False,['True'],boolean
Entertainment: Film,medium,"Who performed the opening theme song for the James Bond 007 movie ""Goldfinger""?",Shirley Basey,"['Tom Jones', 'John Barry', 'Sheena Easton']",multiple
Entertainment: Musicals & Theatres,medium,"The Andrew Lloyd Webber musical ""Cats"" is based off a book of poems written by which author?",T.S. Elliot,"['Andrew Lloyd Webber', 'Emily Dickenson', 'Robert Frost']",multiple
Entertainment: Books,easy,Which famous book is sub-titled 'The Modern Prometheus'?,Frankenstein,"['Dracula', 'The Strange Case of Dr. Jekyll and Mr. Hyde ', 'The Legend of Sleepy Hollow']",multiple
Entertainment: Video Games,easy,Pac-Man was invented by the designer Toru Iwatani while he was eating pizza.,True,['False'],boolean
Sports,easy,Who won the premier league title in the 2015-2016 season following a fairy tale run?,Leicester City,"['Tottenham Hotspur', 'Watford', 'Stoke City']",multiple
History,medium,What year did the Battle of Agincourt take place?,1415,"['1463', '1401', '1422']",multiple
Science & Nature,easy,What is the atomic mass of Carbon?,12,"['14', '16', '10']",multiple
Entertainment: Japanese Anime & Manga,medium,"In the anime series ""Full Metal Alchemist"", what do Alchemists consider the greatest taboo?",Human Transmutation ,"['Transmuting Lead Into Gold', 'Using Alchemy For Crime ', 'Preforming Without A Permit']",multiple
Entertainment: Video Games,hard,"In the ""PAYDAY"" series, what is the real name of the character known as ""Dallas""?",Nathan Steele,"['Nate Siemens', 'Nick Stamos', 'Nolan Stuhlinger']",multiple
Entertainment: Cartoon & Animations,easy,"Wendy O. Koopa appeared in the Super Mario DIC Cartoons, but what was she known as?",Kootie Pie,"['Sweetie Pie', 'Wendy Pie', 'Honey Pie']",multiple
Science & Nature,hard,What is considered the rarest form of color blindness?,Blue,"['Red', 'Green', 'Purple']",multiple
Science & Nature,medium,"If you dip a dry towel into a tub full of water, water will climb up the towel by a phenomenon called ""Cartillary Action""",False,['True'],boolean
Entertainment: Video Games,medium,"Which one of these nations was added to Civilization V with the ""Gods & Kings"" expansion?",The Netherlands,"['The Zulu', 'The Ottomans', 'The Kongo']",multiple
Entertainment: Musicals & Theatres,medium,Which of these musicals won the Tony Award for Best Musical?,Rent,"['The Color Purple', 'American Idiot', 'Newsies']",multiple
Animals,medium,Cashmere is the wool from which kind of animal?,Goat,"['Sheep', 'Camel', 'Llama']",multiple
Entertainment: Music,easy,What was the best selling album of 2015?,"Adele, 25","['Fetty Wap, Fetty Wap', 'Taylor Swift, 1989', 'Justin Bieber, Purpose']",multiple
Geography,hard,"Bir Tawil, an uninhabited track of land claimed by no country, is located along the border of which two countries?",Egypt and Sudan,"['Israel and Jordan', 'Chad and Libya', 'Iraq and Saudi Arabia']",multiple
Entertainment: Television,medium,Which of following is rude and dishonorable by Klingon standards?,Taking his D'k tahg,"['Insulting and laughing at him at the dinner table', 'Reaching over and taking his meal', 'Punching him and taking his ship station position']",multiple
History,hard,What did Albert Einstein win the Nobel Prize for in 1921?,Photoelectric Effect,"['Relativity', 'Wave-Particle Duality', 'Zero-Point Energy']",multiple
Entertainment: Music,medium,Saul Hudson (Slash) of the band Guns N' Roses is known for playing what type of guitar?,Les Paul Standard,"['Fender Stratocaster', 'LsL Mongrel', 'Gretsch Falcon']",multiple
Entertainment: Video Games,medium,"According to Overwatch's lore, who was once a member of the Deadlock Gang?",McCree,"['Roadhog', 'Soldier 76', 'Junkrat']",multiple
History,easy,Who was the first president of the United States?,George Washington,"['James Madison', 'Thomas Jefferson', 'James K. Polk']",multiple
Entertainment: Japanese Anime & Manga,easy,"What is the name of Funny Valentine's stand in Jojo's Bizarre Adventure Part 7, Steel Ball Run?",Dirty Deeds Done Dirt Cheap,"['Filthy Acts Done For A Reasonable Price', 'Civil War', 'God Bless The USA']",multiple
Science: Gadgets,medium,"What is the ""Mitsubishi Wakamaru""?",A robot,"['A pickup truck', 'An motorcycle', 'A motorboat']",multiple
Entertainment: Music,medium,What is the real name of American rapper Pitbull?,Armando Christian Pérez,"['Ramón Luis Ayala Rodríguez', 'Benito Antonio Martinez Ocasio', 'Belcalis Marlenis Almánzar']",multiple
Entertainment: Video Games,hard,"Which day in ""Papers, Please"" does the man in red appear?",Day 23,"['Day 20', 'Day 17', 'Day 15']",multiple
Entertainment: Music,medium,"3 members of 2 Live Crew were arrested for playing songs from their album, As Nasty As They Wanna Be, live.",True,['False'],boolean
Entertainment: Video Games,medium,"Which of these is NOT a playable character race in the video game ""Starbound""?",Fenerox,"['Floran', 'Novakid', 'Hylotl']",multiple
Entertainment: Video Games,hard,Which of the four empires in  Eve Online was the first to achieve faster than light travel?,Amarr Empire,"['Caldari State', 'Gallente Federation', 'Minmatar Republic']",multiple
Entertainment: Music,medium,"Which band had hits in 1975 with the songs, 'One Of These Nights' & 'Lyin Eyes'?",The Eagles,"['Fools Gold', 'The Doobie Brothers', 'Fleetwood Mac']",multiple
Entertainment: Video Games,hard,"According to the lore of ""Starbound"", what does the ""Colony Deed"" do when it is placed down?",Sends out an advertisement for someone to move in.,"['Teleports somebody from somewhere on the planet it is placed.', 'Teleports a random person to the location.', ""Materializes a new being at it's location.""]",multiple
Entertainment: Cartoon & Animations,easy,"What is lost in Hawaiian and is also the name of a little girl in a 2002 film which features a alien named ""Stitch""?",Lilo,"['Lolo', 'Lucy', 'Lulu']",multiple
General Knowledge,easy,All strawberries are red.,False,['True'],boolean
History,medium,"In 1845, a series of wars named after which indigenous people began in New Zealand?",Māori,"['Papuans', 'Aborigines', 'Polynesians']",multiple
Geography,easy,What is the capital of South Korea?,Seoul,"['Pyongyang', 'Taegu', 'Kitakyushu']",multiple
Entertainment: Japanese Anime & Manga,hard,"In the anime, Full Metal Panic!, who is Kaname's best friend?",Kyoko Tokiwa,"['Melissa Mao', 'Ren Mikihara', 'Teletha ""Tessa"" Testarossa']",multiple
Entertainment: Video Games,hard,"In ""Call Of Duty: Zombies"", which weapon does NOT deal any damage?",31-79 JGb215,"['Sliquifier', 'V-R11', 'Wunderwaffe DG-2']",multiple
History,medium,Which of the following Soviet revolutionaries was exiled from the USSR and later assassinated in 1940 for criticizing Stalinism?,Leon Trotsky,"['Lev Kamenev', 'Mikhail Kalinin', 'Vladimir Lenin']",multiple
Entertainment: Video Games,hard,"What was the first game to utilize Valve's ""Source 2"" engine?",Dota 2,"['Counter-Strike: Global Offensive', 'Pirates, Vikings & Knights II', 'Artifact']",multiple
Entertainment: Video Games,medium,"In the PAYDAY series, who is the iconic leader of the PAYDAY gang?",Dallas,"['Wolf', 'Chains', 'Hoxton']",multiple
Entertainment: Video Games,easy,Which of the following is NOT a Nintendo game console?,Dreamcast,"['SNES', 'Wii', 'Switch']",multiple
Politics,medium,Which of the following Argentinian presidents was elected in 2015?,Mauricio Macri,"['Cristina Fernandez de Kirchner', 'Nestor Kirchner', 'Juan Domingo Peron']",multiple
Animals,medium,What dog breed is one of the oldest breeds of dog and has flourished since before 400 BCE.,Pugs,"['Bulldogs', 'Boxers', 'Chihuahua']",multiple
General Knowledge,medium,The US emergency hotline is 911 because of the September 11th terrorist attacks.,False,['True'],boolean
Entertainment: Video Games,medium,"In ""PUBATTLEGROUNDS"" what is the name of the Military Base island?",Sosnovka,"['Novorepnoye', 'Mylta', 'Yasnaya']",multiple
Geography,medium,Which is the world's longest river?,Nile,"['Missouri', 'Amazon', 'Yangtze']",multiple
General Knowledge,hard,Which film star has his statue in Leicester Square?,Charlie Chaplin,"['Paul Newman', 'Rowan Atkinson ', 'Alfred Hitchcock']",multiple
Entertainment: Japanese Anime & Manga,easy,"What year did ""Attack on Titan"" first air?",2013,"['2014', '2012', '2015']",multiple
Sports,easy,"In the 2014 FIFA World Cup, what was the final score in the match Brazil - Germany?",1-7,"['1-5', '1-6', '2-6']",multiple
Geography,medium,Which is the largest city in Morocco?,Casablanca,"['Rabat', 'Fes', 'Sale']",multiple
Entertainment: Music,medium,Which British female singer and songwriter was sampled Eminem's hit single 'Stan'?,Dido,"['Adele', 'Lily Allen', 'Leona Lewis']",multiple
General Knowledge,easy,How many fingers does a single human hand have?,Four,"['Five', 'Ten', 'Eight']",multiple
Sports,easy,Which of these teams has Jaromir Jagr not played for?,New York Islanders,"['Calgary Flames', 'New Jersey Devils', 'Dallas Stars']",multiple
Science & Nature,hard,"In quantum physics, which of these theorised sub-atomic particles has yet to be observed?",Graviton,"['Z boson', 'Tau neutrino', 'Gluon']",multiple
Science & Nature,easy,Which of these bones is hardest to break?,Femur,"['Cranium', 'Humerus', 'Tibia']",multiple
History,easy,"Which famous military commander marched an army, which included war elephants, over the Alps during the Second Punic War?",Hannibal,"['Garmanicus', 'Alexander the Great', 'Tiberius']",multiple
Entertainment: Video Games,easy,Which character was introduced to the Super Smash Bros franchise in Super Smash Bros Melee?,Sheik,"['Samus', 'Lucas', 'Mega Man']",multiple
Entertainment: Video Games,hard,"In the book & video game Metro 2033, which Moscow Metro station is the main character Artyom's home station?",VDNKh,"['Prospekt Mira', 'Kitay-Gorod', 'Botanichesky Sad']",multiple
Entertainment: Video Games,medium,"In ""Starbound"", the track played by the Decorated Music Box is named ""Atlas"".",True,['False'],boolean
Entertainment: Comics,easy,When was Marvel Comics founded?,1939,"['1932', '1951', '1936']",multiple
Vehicles,medium,Which of the following car models has been badge-engineered (rebadged) the most?,Isuzu Trooper,"['Holden Monaro', 'Suzuki Swift', 'Chevy Camaro']",multiple
Entertainment: Video Games,easy,The end credits sequence in Grand Theft Auto 5 is over half an hour long.,True,['False'],boolean
History,medium,"As poverty and racial tensions pushed African-Americans out of the southern US, many of them moved north in an event known as what?",The Great Migration,"['The Great Awakening', 'The Harlem Renaissance', 'The Resettlement']",multiple
General Knowledge,hard,Which of these anatomical terms refers to the tail end of the creature?,Caudal,"['Ventral', 'Proximal', 'Coronal']",multiple
Science & Nature,medium,"Which color cannot be produced in Roses, even through genetic alteration?",Blue,"['Black', 'Orange', 'Brown']",multiple
Science & Nature,medium,Gannymede is the largest moon of which planet?,Jupiter,"['Uranus', 'Neptune', 'Mars']",multiple
Vehicles,easy,The Italian automaker Lamborghini uses what animal as its logo?,Bull,"['Bat', 'Horse', 'Snake']",multiple
Entertainment: Film,easy,"Max Schreck, a famous German silent film actor, plays a famous monster in which 1922 film?",Nosferatu,"['Frankenstein ', 'The Headless Horseman', 'Häxan']",multiple
General Knowledge,medium,What is the unit of currency in Laos?,Kip,"['Ruble', 'Konra', 'Dollar']",multiple
Entertainment: Video Games,easy,Who is the main antagonist in the Portal franchise?,GLaDOS,"['Chell', 'Wheatley', 'Rick']",multiple
Sports,medium,"In Formula 1, the Virtual Safety Car was introduced following the fatal crash of which driver?",Jules Bianchi,"['Ayrton Senna', 'Ronald Ratzenberger', 'Gilles Villeneuve']",multiple
Science & Nature,medium,"The ""Gympie Stinger"" is the deadliest plant in the world.",False,['True'],boolean
Entertainment: Video Games,easy,Which of the following Zelda games did not feature Ganon as a final boss?,Majora's Mask,"['Ocarina of Time', 'Skyward Sword', 'Breath of the Wild']",multiple
Animals,easy,How many teeth does an adult rabbit have?,28,"['30', '26', '24']",multiple
History,medium,"What number does the Roman numeral ""D"" stand for?",500,"['100', '1000', '50']",multiple
Geography,medium,What island in the Canary Islands was the scene of one of the worst air disasters in history with the collision of two jumbo jets?,Tenerife,"['Fuerteventura', 'Gran Canaria', 'Maui']",multiple
Sports,medium,Which car manufacturer won the 2016 24 Hours of Le Mans?,Porsche,"['Toyota', 'Audi', 'Ferrari']",multiple
General Knowledge,medium,"When did the website ""Facebook"" launch?",2004,"['2005', '2003', '2006']",multiple
Entertainment: Video Games,easy,"Who is the main character in ""The Stanley Parable""?",Stanley,"['The Adventure Line', 'The Narrator', 'The Boss']",multiple
Entertainment: Video Games,easy,"Which of the following weapons in ""Counter-Strike: Global Offensive"" does not have a right-click function?",XM1014,"['SG553', 'R8 Revolver', 'USP-S']",multiple
Entertainment: Video Games,hard,"What programming language was used to create the game ""Minecraft""?",Java,"['HTML 5', 'C++', 'Python']",multiple
Entertainment: Books,medium,What position does Harry Potter play in Quidditch?,Seeker,"['Beater', 'Chaser', 'Keeper']",multiple
Sports,medium,What cricketing term denotes a batsman being dismissed with a score of zero?,Duck,"['Bye', 'Beamer', 'Carry']",multiple
Sports,medium,Which sport is NOT traditionally played during the Mongolian Naadam festival?,American Football,"['Wrestling', 'Archery', 'Horse-Racing']",multiple
Entertainment: Video Games,hard,"In Rainbow 6 Siege, what is Mozzie's real name?",Max Goose,"['Mick Seagull', 'Hugo Sparrow', 'Dan Bird']",multiple
Animals,hard,What is the average amount of chinchillas born into a single litter?,2-3,"['10-15', '5-8', '15-18']",multiple
Entertainment: Video Games,easy,"Who created the indie adventure game ""Night in the Woods""?",Alec Holowka,"['Ron Gilbert', 'Tim Schafer', ' Tommy Refenes']",multiple
Animals,easy,Zebras are white with black stripes.,False,['True'],boolean
Vehicles,hard,What was the name of the first front-wheel-drive car produced by Datsun (now Nissan)?,Cherry,"['Sunny', 'Bluebird', 'Skyline']",multiple
Science: Gadgets,easy,Which of the following is not a type of computer mouse?,Smoothie mouse,"['Drum mouse', 'Trackball mouse', 'Optical mouse']",multiple
Science & Nature,hard,What is isobutylphenylpropanoic acid more commonly known as?,Ibuprofen,"['Morphine', 'Ketamine', 'Aspirin']",multiple
Entertainment: Film,easy,What was Bruce Campbell's iconic one-liner after getting a chainsaw hand in Evil Dead 2?,Groovy.,"['Gnarly.', 'Perfect.', 'Nice.']",multiple
Entertainment: Video Games,hard,"In the game Nuclear Throne, the boss ""Big Dog"" was made into a character on April Fool's Day 2015.",True,['False'],boolean
Science & Nature,medium,How many teeth does the average adult mouth have (except for wisdom teeth)?,32,"['36', '20', '28']",multiple
Entertainment: Japanese Anime & Manga,easy,What is the name of JoJo's Bizarre Adventure Part 5?,Vento Aureo,"['Vento Oreo', 'Vanto Aureo', 'Vento Eureo']",multiple
History,medium,Which dictator killed the most people?,Mao Zedong,"['Joseph Stalin', 'Adolf Hitler', 'Kim Il Sung']",multiple
Entertainment: Video Games,medium,"What is the name of the protagonist's first Persona in ""Persona 5""?",Arsene,"['Mara', 'Izanagi', 'Sandaphlon']",multiple
Entertainment: Video Games,easy,"What is the name of the 4-armed Chaos Witch from the 2016 video game ""Battleborn""?",Orendi,"['Orendoo', 'Oranda', 'Randy']",multiple
Entertainment: Japanese Anime & Manga,hard,"In the ""To Love-Ru"" series, Peke is considered a female robot.",True,['False'],boolean
Politics,easy,Denmark has a monarch.,True,['False'],boolean
Entertainment: Cartoon & Animations,medium,"Which singer provided the voice of Metroid's Mother Brain in the animated series ""Captain N: The Game Master""?",Levi Stubbs,"['Freddie Mercury', 'Janet Jackson', 'Joan Jett']",multiple
Geography,hard,What is the capital of Mauritius?,Port Louis,"['Port Moresby', 'Port Vila', 'Port-au-Prince']",multiple
History,medium,"Which infamous European traitor was known as ""the last person to enter Parliament with honest intentions""?",Guy Fawkes,"['Robert Catesby', 'Francis Tresham', 'Everard Digby']",multiple
Entertainment: Music,easy,Which of the following songs did Elton John perform following Princess Diane's passing?,Candles in the Wind,"[""I Guess That's Why They Call It The Blues"", 'Your Song', 'Island Girl']",multiple
History,medium,"Which American civilization is the source of the belief that the world would end or drastically change on December 21st, 2012?",The Mayans,"['The Incas', 'The Aztecs', 'The Navajos']",multiple
Entertainment: Japanese Anime & Manga,medium,"In the ADV (English) Dub of the anime ""Ghost Stories"", which character is portrayed as a Pentacostal Christian?",Momoko Koigakubo,"['Hajime Aoyama', 'Satsuki Miyanoshita', 'Mio Itai']",multiple
General Knowledge,easy,"In aerodynamics, which force pushes an object upwards?",Lift,"['Drag', 'Weight', 'Thrust']",multiple
Entertainment: Video Games,easy,"Which of these is not a Dragon Age Origins ""Origin"": ",Human Commoner,"['Dwarf Commoner', 'Dwarf Noble', 'Human Noble']",multiple
Entertainment: Video Games,easy,"In Pokemon, the ability Wonder Guard is exclusive to which Pokemon? ",Shedinja ,"['Sableye', 'Spiritomb', 'Silvally ']",multiple
History,medium,"During the Mongolian invasions of Japan, what were the Mongol boats mostly stopped by?",Typhoons,"['Tornados', 'Economic depression', 'Samurai']",multiple
Entertainment: Video Games,easy,Codemasters is the developer of the Gran Turismo series.,False,['True'],boolean
Entertainment: Television,hard,"In 2008, British celebrity chef Gordon Ramsay believes he almost died after suffering what accident in Iceland while filming?","Slipping off a cliff, and nearly drowning in icy water","['Crash landing when arriving at Keflavík airport', 'A minor car accident in a snowstorm', 'Being served under-cooked chicken at his hotel']",multiple
Entertainment: Music,easy,Lead Singer Rivers Cuomo of American rock band Weezer attended Harvard.,True,['False'],boolean
Entertainment: Music,easy,"The Rush song ""YYZ"" derives its name from the IATA aiport identification code for which city?",Toronto,"['Vancouver', 'Ottawa', 'Calgary']",multiple
General Knowledge,easy,When was the website reddit founded ?,2005,"['2008', '2004', '2006']",multiple
Politics,hard,Which US state was the first to allow women to vote in 1869?,Wyoming,"['California', 'Delaware', 'Virginia']",multiple
Entertainment: Video Games,medium,Which Touhou character is a Hell Raven?,Utsuho Reiuji,"['Flandre Scarlet', 'Marisa Kirisame', 'Aya Shameimaru']",multiple
Science: Computers,hard,"Who invented the ""Spanning Tree Protocol""?",Radia Perlman,"['Paul Vixie', 'Vint Cerf', 'Michael Roberts']",multiple
Entertainment: Books,easy,"""Green Eggs and Ham"" consists of only 50 different words.",True,['False'],boolean
Geography,medium,What is the capital of Lithuania?,Vilnius,"['Tallinn', 'Helsinki', 'Riga']",multiple
Entertainment: Music,hard,The song Scatman's World was released after Scatman (Ski-Ba-Bop-Ba-Dop-Bop).,True,['False'],boolean
Science: Mathematics,medium,How many zeros are there in a googol?,100,"['10', '1,000', '1,000,000']",multiple
Vehicles,medium,"What part of an automobile engine uses lobes to open and close intake and exhaust valves, and allows an air/fuel mixture into the engine?",Camshaft,"['Piston', 'Drive shaft', 'Crankshaft']",multiple
Science: Computers,easy,"According to the International System of Units, how many bytes are in a kilobyte of RAM?",1000,"['512', '1024', '500']",multiple
Mythology,easy,Which of the following is not true about the life of Tiresias?,Sailed with the Argonauts to find the golden fleece,"['Athena turned him into a woman, and then years later back into a man', 'Hera blinded him after he agreed with Zeus in an argument', 'Revealed to Oedipus that Oedipus had married his own mother']",multiple
Science: Computers,hard,Dutch computer scientist Mark Overmars is known for creating which game development engine?,Game Maker,"['Stencyl', 'Construct', 'Torque 2D']",multiple
History,medium,What is the name of the US Navy spy ship which was attacked and captured by North Korean forces in 1968?,USS Pueblo,"['USS North Carolina', 'USS Constitution', 'USS Indianapolis']",multiple
Science: Mathematics,medium,"In the complex plane, multiplying a given function by i rotates it anti-clockwise by how many degrees?",90,"['180', '270', '0']",multiple
Sports,easy,Which country won the 2018 FIFA World Cup hosted in Russia?,France,"['Croatia', 'Belgium', 'England']",multiple
Entertainment: Video Games,hard,"In Counter Strike: Global Offensive, what is the code implanted onto the C4 as the Terrorists plant the bomb?",7355608,"['7890728', '7256380', '7726354']",multiple
Science: Gadgets,easy,"The term ""battery"" to describe an electrical storage device was coined by?",Benjamin Franklin,"['Nikola Tesla', 'Luigi Galvani', ' Alessandro Volta']",multiple
Entertainment: Music,easy,"Finish these lyrics from the 2016 song ""Panda"" by Desiigner: ""I got broads in _______"".",Atlanta,"['Savannah', 'Augusta', 'Marietta']",multiple
Entertainment: Music,easy,What genre of music did the band Type O Negative play?,Gothic Metal,"['Thrash Metal', 'Hard Rock ', 'Pop Rock']",multiple
Entertainment: Video Games,easy,"In Resident Evil 4, the Chicago Typewriter has infinite ammo.",True,['False'],boolean
Entertainment: Video Games,medium,"In the Disgaea series, any character can equip any weapon.",False,['True'],boolean
Geography,medium,"Route 66 in the United States spans the entire mainland of America, from California to New York.",False,['True'],boolean
General Knowledge,medium,What is real haggis made of?,"Sheep's Heart, Liver and Lungs","[""Sheep's Heart, Kidneys and Lungs"", ""Sheep's Liver, Kidneys and Eyes"", 'Whole Sheep']",multiple
Entertainment: Video Games,medium,"Toby Fox's ""Megalovania"" was first used where?",Radiation's Earthbound Halloween Hack,"['Homestuck: [S] Wake', 'Undertale', 'Mother: Cognitive Dissonance']",multiple
Science & Nature,hard,What physics principle relates the net electric flux out of a closed surface to the charge enclosed by that surface?,Gauss's Law,"[""Faraday's Law"", ""Ampere's Law"", 'Biot-Savart Law']",multiple
Sports,easy,The Rio 2016 Summer Olympics held it's closing ceremony on what date?,August 21,"['August 23', 'August 19', 'August 17']",multiple
Science: Computers,medium,"What does ""LCD"" stand for?",Liquid Crystal Display,"['Language Control Design', 'Last Common Difference', 'Long Continuous Design']",multiple
Vehicles,easy,What animal is pictured on the logo of the automobile manufacturer Porsche?,Horse,"['Bull', 'Lion', 'Cheetah']",multiple
History,easy,The Spitfire originated from a racing plane.,True,['False'],boolean
Entertainment: Video Games,medium,"Which operation in ""Tom Clancy's Rainbow Six Siege"" introduced the ""Skyscraper"" map?",Red Crow,"['Velvet Shell', 'Skull Rain', 'Dust Line']",multiple
Entertainment: Video Games,medium,"In the game Destiny, who succeeded Peter Dinklage in voicing the protagonist's ""Ghost""?",Nolan North,"['John DiMaggio', 'Mark Hamill', ' Troy Baker']",multiple
Science: Computers,medium,"Linus Sebastian is the creator of the Linux kernel, which went on to be used in Linux, Android, and Chrome OS.",False,['True'],boolean
History,medium,"Which of the following years is commonly referred to as the ""Year Without a Summer""?",1816,"['1823', '1813', '1808']",multiple
Entertainment: Japanese Anime & Manga,easy,"In ""To Love-Ru"", Ren and Run are from what planet?",Memorze,"['Deviluke', 'Mistletoe', 'Okiwana']",multiple
Entertainment: Video Games,medium,"In Star Wars: Republic Commando (2005), what is the name of the squad that you play as?",Delta Squad,"['Omega Squad', 'Echo Squad', 'Alpha Squad']",multiple
Politics,easy,How many people are in the U.S. House of Representatives?,435,"['260', '415', '50']",multiple
Entertainment: Film,hard,"In what year did Clint Eastwood star as Inspector Harry Callahan in the film ""Dirty Harry""?",1971,"['1975', '1983', '1969']",multiple
Entertainment: Television,easy,"In Game of Thrones, what is Littlefinger's real name?",Petyr Baelish,"['Podrick Payne', 'Lancel Lannister', 'Torrhen Karstark']",multiple
Entertainment: Video Games,medium,"What is the name of the currency in the ""Animal Crossing"" series?",Bells,"['Sea Shells', 'Leaves', 'Bugs']",multiple
Mythology,medium,Hel was the daughter of which Norse Mythological figure?,Loki,"['Thor', 'Odin', 'Balder']",multiple
Entertainment: Comics,hard,"In the ""Archie"" comics, who was Jughead's first girlfriend?",Joani,"['Ethel', 'Debbi', 'Margret']",multiple
Entertainment: Comics,medium,What was the name of the first Robin in the Batman comics?,Dick Grayson,"['Bruce Wayne', 'Jason Todd', 'Tim Drake']",multiple
Science & Nature,hard,Which of these is a semiconductor amplifying device?,transistor,"['tube', 'diode', 'P-N junction']",multiple
Entertainment: Music,medium,What is the real name of Canadian electronic music producer deadmau5?,Joel Zimmerman,"['Sonny Moore', 'Adam Richard Wiles', 'Thomas Wesley Pentz']",multiple
Entertainment: Video Games,medium,"In World of Warcraft lore, Thrall is the original wielder of ""Doomhammer"".",False,['True'],boolean
Entertainment: Video Games,hard,"In ""Team Fortress 2"", how much health does a scout have when overhealed?",185,"['215', '195', '225']",multiple
Entertainment: Film,easy,Who portrayed Han Solo in the Star Wars main film series?,Harrison Ford,"['Peter Cushing', 'Mark Hamill', 'Alec Guinness']",multiple
Entertainment: Television,hard,"In ""Star Trek"", who was the founder of the Klingon Empire and its philosophy?",Kahless the Unforgettable,"['Lady Lukara of the Great Hall', 'Molor the Unforgiving', 'Dahar Master Kor']",multiple
Entertainment: Japanese Anime & Manga,medium,Which JoJo's Bizarre Adventure character possesses the Stand named Silver Chariot?,Jean Pierre Polnareff,"['Noriaki Kakyoin', 'Hol Horse', 'Hermes Costello']",multiple
Science: Computers,hard,Which of these names was an actual codename for a cancelled Microsoft project?,Neptune,"['Enceladus', 'Pollux', 'Saturn']",multiple
History,easy,Which South American country fought Great Britain over the Falkland Islands in 1982?,Argentina,"['Brazil', 'Chile', 'Venezuela']",multiple
Science: Computers,easy,The first IBM PC was released in 1981.,True,['False'],boolean
General Knowledge,hard,Which one of these Swedish companies was founded in 1943?,IKEA,"['H & M', 'Lindex', 'Clas Ohlson']",multiple
Science: Computers,hard,What was the name of the security vulnerability found in Bash in 2014?,Shellshock,"['Heartbleed', 'Bashbug', 'Stagefright']",multiple
Entertainment: Video Games,medium,"In Dota 2, what is Earthshaker's real name?",Raigor Stonehoof,"['Banehallow Ambry', 'Carl', 'Barathrum']",multiple
Entertainment: Video Games,easy,What minimum level in the Defence skill is needed to equip Dragon Armour in the MMO RuneScape?,60,"['65', '55', '70']",multiple
Entertainment: Video Games,hard,"Before Super Smash Bros. contained Nintendo characters, what was it known as internally?",Dragon King: The Fighting Game,"['Contest of Champions', 'Smash and Pummel', 'Fighter of the Ages: Conquest']",multiple
Entertainment: Music,hard,Which company did the animation for Peter Gabriel's Video Sledgehammer (1986)?,Aardman Animations,"['HIT Entertainment', 'Illumination Entertainment', 'VIZ Media']",multiple
Entertainment: Books,hard,What is Hermione Granger's middle name?,Jean,"['Jane', 'Emma', 'Jo']",multiple
General Knowledge,medium,"In a 1994 CBS interview, Microsoft co-founder Bill Gates performed what unusual trick on camera?",Jumping over an office chair,"['Jumping backwards over a desk', 'Standing on his head', 'Typing on a keyboard during a handstand']",multiple
Science: Mathematics,medium,"In the hexadecimal system, what number comes after 9?",The Letter A,"['10', 'The Number 0', '16']",multiple
Entertainment: Video Games,easy,Which company did Gabe Newell work at before founding Valve Corporation?,Microsoft,"['Apple', 'Google', 'Yahoo']",multiple
Entertainment: Film,medium,Which of the following films was NOT directed by Quentin Tarantino?,From Dusk till Dawn,"['Jackie Brown', 'Pulp Fiction', 'Reservoir Dogs']",multiple
Entertainment: Television,medium,Who was the first Big Brother US winner to win with a perfect game?,Dan Gheesling,"['Ian Terry', 'Jordan Lloyd', 'Rachael Reilly']",multiple
Entertainment: Music,hard,"Which year was the album ""Floral Shoppe"" by Macintosh Plus released?",2011,"['2014', '2013', '2012']",multiple
Entertainment: Television,medium,"Who was the star of the TV series ""24""?",Kiefer Sutherland,"['Kevin Bacon', 'Hugh Laurie', 'Rob Lowe']",multiple
Entertainment: Video Games,medium,"What is the name of Joel's daughter in the game, ""The Last of Us""? ",Sarah,"['Ellie', 'Tess', 'Marlene']",multiple
Geography,easy,"Where would you find the ""Spanish Steps""?","Rome, Italy","['Barcelona, Spain', 'Berlin, Germany', 'London, England']",multiple
Entertainment: Video Games,easy,What vehicle in PUBG has the highest top speed?,Motorcycle,"['PG-117', 'Dacia', 'Buggy']",multiple
Mythology,medium,"Who is the father of Icarus, who flew too close to the sun?",Daedalus,"['Minos', 'Perseus', 'Zeus']",multiple
Science & Nature,easy,What is the speed of light in a vacuum?,"299,792,458 m/s","['50,461 m/s', '308,215,043 m/s', '751,665,014,151 m/s']",multiple
Entertainment: Books,hard,"Who wrote the novel ""Moby-Dick""?",Herman Melville,"['William Golding', 'William Shakespeare', 'J. R. R. Tolkien']",multiple
Entertainment: Video Games,easy,What's the Team Fortress 2 Scout's city of origin?,Boston,"['Sydney', 'Detroit', 'New York']",multiple
Entertainment: Video Games,easy,What is the name of the main healing item in Dark Souls?,Estus Flask,"['Health Potion', 'Orange Juice', 'Ashen Flask']",multiple
Geography,medium,"On a London Underground map, what colour is the Circle Line?",Yellow,"['Red', 'Blue', 'Green']",multiple
Entertainment: Japanese Anime & Manga,easy,"In ""The Melancholy of Haruhi Suzumiya"" series, the SOS Brigade club leader is unknowingly treated as a(n) __ by her peers.",God,"['Alien', 'Time Traveler', 'Esper']",multiple
Vehicles,medium,The Chevrolet Corvette has always been made exclusively with V8 engines only.,False,['True'],boolean
Vehicles,medium,"What country is the Hussarya supercar, made by the car manufacturer ""Arrinera"", assembled in?",Poland,"['China', 'Sweden', 'Italy']",multiple
Animals,easy,Rabbits are carnivores.,False,['True'],boolean
Entertainment: Japanese Anime & Manga,easy,"In ""A Certain Scientific Railgun"", how many ""sisters"" did Accelerator have to kill to achieve the rumored level 6?","20,000","['128', '10,000', '5,000']",multiple
Entertainment: Music,easy,"Which song on Daft Punk's ""Random Access Memories"" features Pharrell Williams?",Get Lucky,"[""Doin' It Right"", 'Instant Crush', 'The Game of Love']",multiple
Entertainment: Comics,medium,"In Marvel comics, which of the following is not one of the infinity stones?",Energy,"['Time', 'Power', 'Soul']",multiple
Entertainment: Video Games,hard,"In the Zombies mode of ""Call of Duty: Black Ops"", what is the ""Pack-A-Punched"" version of the ""Galil"" called?",Lamentation,"['Galvanized Atomic Lead Insertion Liquidator', 'Gabig', 'Predictive Death Wish']",multiple
Science & Nature,medium,Which planet in the Solar System is the closest to the Sun?,Mercury,"['Earth', 'Mars', 'Venus']",multiple
History,easy,Who was the Prime Minister of Japan when Japan declared war on the US?,Hideki Tojo,"['Michinomiya Hirohito', 'Isoroku Yamamoto', 'Fumimaro Konoe']",multiple
History,easy,Which German field marshal was known as the `Desert Fox`?,Erwin Rommel,"['Ernst Busch', 'Wolfram Freiherr von Richthofen', 'Wilhelm List']",multiple
Science: Computers,medium,Unix Time is defined as the number of seconds that have elapsed since when?,"Midnight, January 1, 1970","['Midnight, July 4, 1976', ""Midnight on the creator of Unix's birthday"", 'Midnight, July 4, 1980']",multiple
Entertainment: Video Games,easy,Gordon Freeman is said to have burnt and destroyed what food in the break room microwave?,Casserole,"['Sub Sandwich', 'Chicken Soup', 'Pepperoni Pizza']",multiple
Geography,hard,"Where is the fast food chain ""Panda Express"" headquartered?","Rosemead, California","['Sacramento, California', 'Fresno, California', 'San Diego, California']",multiple
Entertainment: Video Games,easy,How many flagship monsters appear in Monster Hunter Gernerations?,4,"['1', '2', '3']",multiple
Geography,hard,What is the second-largest city in Lithuania?,Kaunas,"['Panevėžys', 'Vilnius', 'Klaipėda']",multiple
Sports,hard,Which male player won the gold medal of table tennis singles in 2016 Olympics Games?,Ma Long (China),"['Zhang Jike (China)', 'Jun Mizutani (Japan)', 'Vladimir Samsonov (Belarus)']",multiple
Science: Computers,medium,Which one of these is not an official development name for a Ubuntu release?,Mystic Mansion,"['Trusty Tahr', 'Utopic Unicorn', 'Wily Werewolf']",multiple
General Knowledge,easy,Dihydrogen Monoxide was banned due to health risks after being discovered in 1983 inside swimming pools and drinking water.,False,['True'],boolean
Entertainment: Film,hard,"In Big Hero 6, what were Baymax's motions modeled after?",Baby penguins,"['Baby monkeys', 'Baby ostriches', 'Baby bears']",multiple
Animals,hard,What is the scientific name of the cheetah?,Acinonyx jubatus,"['Panthera onca', 'Lynx rufus', 'Felis catus']",multiple
Entertainment: Japanese Anime & Manga,hard,"The character Plum from ""No Game No Life"" is a girl.",False,['True'],boolean
General Knowledge,easy,Antibiotics are generally taken to combat what?,Bacterial infections,"['Viruses', 'Migraines', 'Muscular pains']",multiple
General Knowledge,easy,Who is the youngest person to receive a Nobel Prize?,Malala Yousafzai,"['Lawrence Bragg', 'Werner Heisenberg', 'Yasser Arafat']",multiple
History,easy,In which war did the atomic bombings of Hiroshima and Nagasaki occur?,World War II,"['World War I', 'Russo-Japanese War', 'First Sino-Japanese War']",multiple
Geography,easy,The longest shared border in the world can be found between which two nations?,Canada and the United States,"['Chile and Argentina', 'Russia and China', 'India and Pakistan']",multiple
Entertainment: Musicals & Theatres,hard,Who serves as the speaker of the prologue in Shakespeare's Romeo and Juliet?,Chorus,"['Montague', 'Refrain', 'Capulet']",multiple
Vehicles,easy,Which of these companies does NOT manufacture motorcycles?,Toyota,"['Honda', 'Kawasaki', 'Yamaha']",multiple
Entertainment: Board Games,hard,What is the sum of all the tiles in a standard box of Scrabble?,187,"['207', '197', '177']",multiple
Science & Nature,easy,What is the unit of electrical resistance?,Ohm,"['Mho', 'Tesla', 'Joule']",multiple
Entertainment: Video Games,easy,"In the game Half-Life, which enemy is showcased as the final boss?",The Nihilanth,"['Dr. Wallace Breen', 'G-Man', 'The Gonarch']",multiple
Celebrities,hard,"Which school in Surrey, England did Steve Backshall attend?",Collingwood College,"['Tomlinscote School', 'Kings International College', 'Lyndhurst School']",multiple
Entertainment: Video Games,easy,Which of these following weapon or equipment exists in Counter Strike but not in Counter Strike: Source?,Tactical Shield,"['Molotov Cocktail', 'MP5 Navy', 'TMP']",multiple
General Knowledge,easy,"In ""Shrek"", what comedic actor voices Donkey?",Eddie Murphy,"['Chris Rock', 'Richard Pryor', 'Bernie Mac']",multiple
Entertainment: Video Games,hard,"In the game Cry of Fear, which enemy can cause the player to kill themselves if they are wielding a loaded firearm?",Drowned,"['Suicider', 'Citalopram', 'Psycho']",multiple
Entertainment: Film,hard,Which sci-fi cult films plot concerns aliens attempting to prevent humans from creating a doomsday weapon?,Plan 9 from Outer Space,"['The Man from Planet X', 'It Came from Outer Space', 'The Day The Earth Stood Still']",multiple
Vehicles,medium,When was Tesla founded?,2003,"['2008', '2005', '2007']",multiple
Entertainment: Film,hard,"Which of the following films was directed by Ivan Reitman, written by Gary Ross, featured Kevin Kline, and was released in 1993?",Dave,"['John', 'Will', 'Carl']",multiple
Sports,easy,"In Rugby League, performing a ""40-20"" is punished by a free kick for the opposing team.",False,['True'],boolean
Sports,easy,Which driver has been the Formula 1 world champion for a record 7 times?,Michael Schumacher,"['Ayrton Senna', 'Fernando Alonso', 'Jim Clark']",multiple
Entertainment: Film,easy,"Who directed the movies ""Pulp Fiction"", ""Reservoir Dogs"" and ""Django Unchained""?",Quentin Tarantino,"['Martin Scorcese', 'Steven Spielberg', 'James Cameron']",multiple
Art,easy,Who painted the Mona Lisa?,Leonardo da Vinci,"['Pablo Picasso', 'Claude Monet', 'Vincent van Gogh']",multiple
Geography,medium,What is the capital of Senegal?,Dakar,"['Nouakchott', 'Conakry', 'Monrovia']",multiple
Entertainment: Video Games,medium,"When was the game ""Roblox"" released?",2006,"['2003', '2002', '2007']",multiple
General Knowledge,easy,Which of the following landmarks is not located in New York City?,Lincoln Memorial,"['Empire State Building', 'Times Square', 'Central Park']",multiple
Mythology,medium,This Greek mythological figure is the god/goddess of battle strategy (among other things).,Athena,"['Ares', 'Artemis', 'Apollo']",multiple
Entertainment: Video Games,medium,"In the game ""Brawlhalla"", what species is the character Bödvar is?",Half Human / Half Bear,"['A Human', 'Half Wolf / Half Bear', 'Half Tiger /  Half Human']",multiple
Entertainment: Film,medium,"Which iconic character is featured in movies such as ""The Enforcer"", ""Sudden Impact"", and ""The Dead Pool""?",Dirty Harry,"['Indiana Jones', 'James Bond', 'Harry Potter']",multiple
Entertainment: Film,hard,Which was the first of Alfred Hitchcock's movies to be filmed in colour?,Rope,"['Psycho', 'Vertigo', 'Rebecca']",multiple
Entertainment: Television,easy,"In which British seaside town was the BBC sitcom ""Fawlty Towers"" set?",Torquay,"['Blackpool', 'Bournemouth', 'Great Yarmouth']",multiple
General Knowledge,medium,What is the star sign of someone born on Valentines day?,Aquarius,"['Pisces', 'Capricorn', 'Scorpio']",multiple
Entertainment: Video Games,easy,"In Divinity: Original Sin II, what is the name of the skeletal origin character?",Fane,"['Lohse', 'The Red Prince', 'There are no skeletal origin characters']",multiple
Science: Computers,hard,"The acronym ""RIP"" stands for which of these?",Routing Information Protocol,"['Runtime Instance Processes', 'Regular Interval Processes', 'Routine Inspection Protocol']",multiple
Entertainment: Video Games,easy,"Which ""Call Of Duty: Zombies"" map introduced the ""Staffs Of The Ancients""?",Origins,"['Shangri-La', 'Revelations', 'Nuketown']",multiple
History,hard,What Southeast Asian country was formerly known as 'Lan Xang'?,Laos,"['Cambodia', 'Vietnam', 'Thailand']",multiple
Entertainment: Video Games,medium,"In Terraria, which of these items is NOT crafted at a Mythril Anvil?",Ankh Charm,"['Venom Staff', 'Sky Fracture', 'Orichalcum Tools']",multiple
Entertainment: Film,easy,What was the first James Bond film?,Dr. No,"['Goldfinger', 'From Russia With Love', 'Thunderball']",multiple
Science: Computers,medium,"""Windows NT"" is a monolithic kernel.",False,['True'],boolean
Entertainment: Video Games,hard,"In the ""Pikmin"" games, which of the following pikmin colors lacks it's own ""Onion"" nest?",Purple,"['Winged', 'Blue', 'Rock']",multiple
Entertainment: Film,medium,"In Tron: Legacy, Kevin Flynn wrote a program to create the perfect system. What was the program's name?",Clu,"['Tron', 'MCP', 'Quorra']",multiple
Entertainment: Video Games,easy,"In the survival horror game, ""Cry of Fear,"" what was the name of Simon's close friend/potential love interest?",Sophie,"['Olivia', 'Jessica', 'Alice']",multiple
Entertainment: Music,medium,A piccolo is a smaller version of what instrument?,Flute,"['Trumpet', 'Harp', 'Violin']",multiple
Entertainment: Music,easy,"Who released the song ""Photograph"" in 2005?",Nickelback,"['Fall Out Boy', 'Coldplay', 'Green Day']",multiple
Entertainment: Video Games,medium,"In Terraria, which of the following items does the Martian Saucer mini-boss NOT drop?",Drill Containment Unit,"['Anti-Gravity Hook', 'Influx Waver', 'Cosmic Car Key']",multiple
Geography,hard,Which of these countries is NOT the only country to start with that letter of the alphabet?,Zambia,"['Qatar', 'Yemen', 'Oman']",multiple
Entertainment: Video Games,easy,Aperture Science CEO Cave Johnson is voiced by which American actor?,J.K. Simmons,"['Nolan North', 'John Patrick Lowrie', 'Christopher Lloyd']",multiple
Entertainment: Books,easy,Dracula is destroyed by contact with sunlight,False,['True'],boolean
General Knowledge,easy,A pasodoble is a type of Italian pasta sauce.,False,['True'],boolean
Sports,easy,Which team won the 2015-16 English Premier League?,Leicester City,"['Liverpool', 'Cheslea', 'Manchester United']",multiple
Science & Nature,medium,What is the mathematical formula of Ohm's law?,V = I*R,"['I = V*R', 'R = V*I', 'V = I / R']",multiple
Entertainment: Cartoon & Animations,medium,"What year was the Disney film ""A Goofy Movie"" released?",1995,"['1999', '2001', '1997']",multiple
Entertainment: Video Games,hard,Which of these games was NOT developed by Markus Persson?,Dwarf Fortress,"['Minecraft', 'Wurm Online', '0x10c']",multiple
History,medium,Oxford University is older than the Aztec Empire. ,True,['False'],boolean
Entertainment: Video Games,medium,"In ""Call Of Duty: Zombies"", completing which map's easter egg will reward you with the achievement, ""Time Travel Will Tell""?",Shangri-La,"['Ascension', 'Moon', 'Die Rise']",multiple
Entertainment: Video Games,medium,"Which one of the following actors did not voice a character in ""Saints Row: The Third""?",Ron Jeremy,"['Sasha Grey', 'Burt Reynolds', 'Hulk Hogan']",multiple
Entertainment: Video Games,medium,"When was the video game ""P.A.M.E.L.A."" released on Steam?","March 9, 2017","['January 7, 2007', 'October 23, 1997', 'February 16, 2015']",multiple
Entertainment: Books,hard,Which fictional English county was the setting for Thomas Hardy's novels?,Wessex,"['Barsetshire', 'Fulchester', 'Ambridge']",multiple
Entertainment: Television,hard,What was the name of the inflatable duck sacrified to the crowd at the end of Episode 34 of the 18th season of Big Brother?,Pablo,"['Esteban', 'Carlos', 'Duckster']",multiple
Geography,easy,South Africa has more than one capital city,True,['False'],boolean
Entertainment: Video Games,medium,"Why were only only 300,000 copies of Uniracers were produced?","DMA Designs was sued by Pixar, preventing more copies from being produced","['There was a disagreement between DMA Designs and Nintendo', ""It didn't sell well due to poor review scores"", 'No public information is available']",multiple
Entertainment: Video Games,medium,"In No Man's Sky (as of the Beyond update), what two resources do you need to craft Antimatter?",Condensed Carbon and Chromatic Metal,"['Starship Launch Fuel and Condensed Carbon', 'Pure Ferrite and Sodium', 'Storm Crystal and Antimatter Housing']",multiple
Science: Computers,hard,Which of the following computer components can be built using only NAND gates?,ALU,"['CPU', 'RAM', 'Register']",multiple
Sports,medium,What is the nickname of Northampton town's rugby union club?,Saints,"['Harlequins', 'Saracens', 'Wasps']",multiple
General Knowledge,hard,Where is Apple Inc. headquartered?,"Cupertino, California","['Redwood City, California', 'Redmond, Washington', 'Santa Monica, CA']",multiple
Entertainment: Books,easy,How many Harry Potter books are there?,7,"['8', '5', '6']",multiple
Geography,medium,What is the capital of Belarus?,Minsk,"['Warsaw', 'Kiev', 'Vilnius']",multiple
General Knowledge,medium,"If a person's hair is described as 'Titian', what colour is it?",Red,"['Blonde', 'Brunette', 'Black']",multiple
Mythology,easy,"In Norse mythology, Thor once dressed as a woman.",True,['False'],boolean
Entertainment: Film,medium,"What is the name of the foley artist who designed the famous sounds of Star Wars, including Chewbacca's roar and R2-D2's beeps and whistles?",Ben Burtt,"['Ken Burns', 'Ralph McQuarrie', 'Miranda Keyes']",multiple
Entertainment: Video Games,hard,How many people can you recruit in the game Suikoden in a single playthrough?,107,"['108', '93', '96']",multiple
Entertainment: Cartoon & Animations,easy,"In My Little Pony, what is the name of Applejack's younger sister?",Apple Bloom,"['Red Delicious', 'Apple Sweets', 'Apple Fritter']",multiple
Entertainment: Japanese Anime & Manga,easy,"In Digimon, what is the Japanese name for the final evolutionary stage?",Ultimate,"['Mega', 'Adult', 'Champion']",multiple
Entertainment: Video Games,medium,What was the first Game released using the Build Engine?,Witchaven,"['DOOM', 'Duke Nukem 3D', ""William Shatner's Tekwar""]",multiple
Entertainment: Video Games,easy,"Big the Cat is a playable character in ""Sonic Generations"".",False,['True'],boolean
Animals,easy,How many legs do butterflies have?,6,"['2', '4', '0']",multiple
Entertainment: Video Games,hard,What animal is on Link's pajamas in The Legend of Zelda: The Wind Waker?,Crawfish,"['Lobster', 'Salmon', 'Swordfish']",multiple
Entertainment: Film,easy,"Who played the female lead in the 1933 film ""King Kong""?",Fay Wray,"['Jean Harlow', 'Vivien Leigh', 'Mae West']",multiple
Geography,easy,Which of these is NOT an Australian state or territory?,Alberta,"['New South Wales', 'Victoria', 'Queensland']",multiple
Entertainment: Video Games,medium,"TF2: The Heavy's voice actor, Gary Schwartz, voices the Demoman as well ",True,['False'],boolean
Entertainment: Music,medium,Which of these bands is the oldest?,Pink Floyd,"['AC/DC', 'Metallica', 'Red Hot Chili Peppers']",multiple
Sports,medium,Who is Manchester United's top premier league goal scorer?,Wayne Rooney,"['Sir Bobby Charlton', 'Ryan Giggs', 'David Beckham']",multiple
Geography,medium,Which of the following countries banned the use of personal genetic ancestry tests?,Germany,"['Austria', 'Canada', 'Sweden']",multiple
Entertainment: Video Games,medium,"In ""Fallout 4"", what is the name of the dog you find at Red Rocket truck stop?",Dogmeat,"['Sparky', 'Quazar', 'Chop']",multiple
General Knowledge,hard,What year was Queen Elizabeth II born?,1926,"['1923', '1929', '1930']",multiple
Entertainment: Video Games,medium,"In World of Warcraft lore,  how many siblings does Sylvanas Windrunner have?",3,"['2', '4', '1']",multiple
Entertainment: Board Games,easy,"When was the board game Twister, released to the public?",April 1966,"['September 1965', 'January 1969', 'February 1966']",multiple
General Knowledge,easy,Which of these Marvel games was released on the Playstation 2?,Spider-Man 2,"['Silver Surfer', 'Howard the Duck', 'Wolverine: Adamantium Rage']",multiple
Geography,hard,The flag of Belarus has a red and white embroidery pattern on the hoist side.,True,['False'],boolean
Science & Nature,medium,What part of the brain takes its name from the Greek for seahorse?,Hippocampus,"['Cerebellum', 'Thalamus', 'Amygdala']",multiple
Entertainment: Television,hard,"Who was the winner of ""Big Brother"" Season 10?",Dan Gheesling,"['Bryce Kranyik', 'Ryan Sutfin', 'Chris Mundorf']",multiple
Entertainment: Film,easy,Where does the original Friday The 13th movie take place?,Camp Crystal Lake,"['Packanack', 'Higgins Haven', 'Camp Forest Green']",multiple
Entertainment: Film,hard,"In the movie ""Scream"" who is Ghost Face?",Billy Loomis and Stu Macher,"['Dewey Riley', 'Sidney Prescott', 'Archie Prescott and Philip Marv']",multiple
History,medium,In which year was Constantinople conquered by the Turks?,1453,"['1435', '1454', '1440']",multiple
History,medium,In what year was the famous 45 foot tall Hollywood sign first erected?,1923,"['1903', '1913', '1933']",multiple
Science & Nature,easy,71% of the Earth's surface is made up of,Water,"['Deserts', 'Continents', 'Forests']",multiple
Entertainment: Books,easy,"""Green Eggs And Ham"" is a book by which author?",Dr. Seuss,"['Beatrix Potter', 'Roald Dahl', 'A.A. Milne']",multiple
Entertainment: Japanese Anime & Manga,easy,"What animation studio produced ""Gurren Lagann""?",Gainax,"['Kyoto Animation', 'Pierrot', 'A-1 Pictures']",multiple
Entertainment: Music,easy,"The Red Hot Chili Pepper song ""Give It Away"" is from what album?",Blood Sugar Sex Magik,"['One Hot Minute', 'By the Way', 'Stadium Arcadium']",multiple
Art,easy,Who painted the biblical fresco The Creation of Adam?,Michelangelo,"['Leonardo da Vinci', 'Caravaggio', 'Rembrandt']",multiple
Entertainment: Television,easy,"In the show Stranger Things, what is Eleven's favorite breakfast food?",Eggo Waffles,"['Toast', 'Captain Crunch', 'Bacon and Eggs']",multiple
Entertainment: Video Games,easy,Which of the following is not a character in the video game Doki Doki Literature Club?,Nico,"['Monika', 'Natsuki', 'Sayori']",multiple
Entertainment: Books,medium,"The novel ""Of Mice And Men"" was written by what author? ",John Steinbeck ,"['George Orwell', 'Mark Twain ', 'Harper Lee']",multiple
Entertainment: Video Games,medium,"In the ""Pikmin"" series, what is the only pikmin type to possess visible ears?",Yellow,"['Red', 'White', 'Winged']",multiple
General Knowledge,easy,Who is depicted on the US hundred dollar bill?,Benjamin Franklin,"['George Washington', 'Abraham Lincoln', 'Thomas Jefferson']",multiple
General Knowledge,easy,"In Half-Life, what is the name of the alien that attaches to heads?",Headcrab,"['Bullsquid', 'Vortigaunt', 'Facehugger']",multiple
General Knowledge,easy,What fruit is a traditional ingredient of a Black Forest Gateau?,Cherries,"['Apricots', 'Raisins', 'Apples']",multiple
Entertainment: Video Games,medium,How many Chaos Emeralds can you collect in the first Sonic The Hedgehog?,Six,"['Seven', 'Five', 'Eight']",multiple
Entertainment: Video Games,hard,"In the game ""Overwatch,"" which quote does the hero ""McCree"" NOT say upon using his flashbang ability?","""You done?""","['""Whoa there.""', '""Hold up now.""', '""Don\'t move.""']",multiple
Entertainment: Musicals & Theatres,hard,"What is the name of Broadway's first ""long-run"" musical?",The Elves,"['Wicked', 'Hamilton', 'The Book of Mormon']",multiple
Politics,medium,The Watergate Scandal occured in what year?,1972,"['1973', '1974', '1971']",multiple
Geography,medium,Which of these countries is the smallest by population?,Norway,"['Slovakia', 'Finland', 'Hong Kong']",multiple
History,hard,Which of these theoretical phycisists first predicted the existence of antimatter?,Paul Dirac,"['Niels Bohr', 'Albert Einstein', 'Werner Heisenberg']",multiple
Entertainment: Video Games,easy,Which of these is NOT a map included in the game Counter-Strike: Global Offensive?,Oilrig,"['Assault', 'Mirage', 'Cache']",multiple
Entertainment: Television,easy,Who is the star of the AMC series Breaking Bad?,Walter White,"['Saul Goodman', 'Jesse Pinkman', 'Skyler White']",multiple
Entertainment: Japanese Anime & Manga,medium,"In ""JoJo's Bizarre Adventure"", which of the following Stands does NOT have a time-based ability?",20th Century Boy,"['Made in Heaven', 'Star Platinum', 'The World']",multiple
Entertainment: Video Games,hard,"Who is the victim mentioned in the second KG-8 incident, in Ace attorney Investigations, Case 4?",Deid Mann,"['Frank Sahwit', 'Shey De Killer', 'Raymond Shields']",multiple
Entertainment: Video Games,hard,"In ""Final Fantasy VI"", what is the name of (summoned) Gilgamesh's weakest attack?",Excalipoor,"['Excalibore', 'Excalisnore', 'Excalisore']",multiple
Entertainment: Books,easy,What was the first ever entry written for the SCP Foundation collaborative writing project?,SCP-173,"['SCP-001', 'SCP-999', 'SCP-1459']",multiple
General Knowledge,medium,"What Latin phrase roughly translates to ""seize the day""?",Carpe diem,"['Memento mori', 'Plus ultra', 'Sic semper tyrannis']",multiple
History,medium,Which of these 1900s tanks were designed and built BEFORE the others?,Renault FT,"['M4 Sherman', ' Panzer IV', 'Cromwell ']",multiple
History,medium,Which of the following battles is often considered as marking the beginning of the fall of the Western Roman Empire?,Battle of Adrianople,"['Battle of Thessalonica', 'Battle of Pollentia', 'Battle of Constantinople']",multiple
Entertainment: Board Games,hard,"Which board game was first released on February 6th, 1935?",Monopoly,"['Risk', 'Clue', 'Candy Land']",multiple
Entertainment: Video Games,medium,"Who is the creator of the free, open-source rhythm game 'osu!'?",Dean 'Peppy' Herbert,"[""Daisuke 'Pixel' Amaya"", ""Eric 'ConcernedApe' Barone"", ""Toby 'FwugRadiation' Fox""]",multiple
Entertainment: Video Games,medium,"In ""Deus Ex: Mankind Divided"", Adam Jensen can die from overclocking.",False,['True'],boolean
Entertainment: Television,medium,"The first half-hour CGI cartoon, ReBoot, aired on which year?",1994,"['1993', '1998', '1999']",multiple
Entertainment: Music,easy,"In 1993, Prince changed his name to an unpronounceable symbol because he was unhappy with his contract with Warner Bros.",True,['False'],boolean
Science & Nature,hard,"Botanically speaking, which of these fruits is NOT a berry?",Strawberry,"['Blueberry', 'Banana', 'Concord Grape']",multiple
Entertainment: Video Games,medium,Which of these is NOT a name of a city in the main island of PLAYERUNKNOWN'S BATTLEGROUNDS?,Belushya Guba,"['Yasnaya Polyana', 'Pochinki', 'Georgopol']",multiple
Entertainment: Music,medium,"""Make You Feel My Love"" was originally written and performed by which singer-songwriter?",Bob Dylan,"['Elvis', 'Adele', 'Billy Joel']",multiple
Entertainment: Video Games,medium,"Which of the following colors does the Zombie eyes glow in the ""Nuketown"" map in ""Call of Duty: Black Ops II"" Zombies mode?",Yellow and Blue,"['Yellow and Red', 'Red and Blue', 'Blue and White']",multiple
Entertainment: Music,easy,Which Beatles album does NOT feature any of the band members on it's cover?,The Beatles (White Album),"['Rubber Soul', 'Abbey Road', 'Magical Mystery Tour']",multiple
Geography,easy,What is Russia's second-largest city?,Saint Petersburg,"['Minsk', 'Nizhny Novgorod', 'Vladivostok']",multiple
Geography,easy,Which of the following countries has a flag featuring a yellow lion wielding a sword on a dark red background?,Sri Lanka,"['Kiribati', 'Scotland', 'Bhutan']",multiple
Entertainment: Film,medium,"There aren't any live-action clones in ""Star Wars: Episode III - Revenge of the Sith"".",True,['False'],boolean
Science & Nature,hard,What is the name for the auditory illusion of a note that seems to be rising infinitely?,Shepard Tone,"['Glissandro Illusion', 'Fransen Effect', 'McGurck Effect']",multiple
Entertainment: Video Games,hard,Which souls game was not directed by Hidetaka Miyazaki?,Dark Souls 2,"['Demon Souls', 'Dark Souls', 'Dark Souls 3']",multiple
Entertainment: Video Games,medium,"In the rules of the Danganronpa franchise, it states that a nighttime curfew for certain areas occurs between 12am and 8am.",False,['True'],boolean
Science: Computers,easy,"On Twitter, what was the original character limit for a Tweet?",140,"['120', '160', '100']",multiple
General Knowledge,hard,Which of the following  British Monarchs never appeared on a circulated pound sterling coin?,Edward VIII,"['Victoria', 'George VI', 'Charles II']",multiple
General Knowledge,medium,"What was the height of Kingda Ka, the tallest roller coaster in the world from 2005 to 2024?",456 ft,"['500 ft', '429 ft', '396 ft']",multiple
Geography,hard,"What national museum will you find in Cooperstown, New York?",National Baseball Hall of Fame,"['Metropolitan Museum of Art', 'National Toy Hall of Fame', 'Museum of Modern Art']",multiple
Entertainment: Music,medium,"The song ""Caramelldansen"" is commonly mistaken as a Japanese song, what language is the song actually sung in?",Swedish,"['Hungarian', 'Finnish', 'Chinese']",multiple
Entertainment: Television,easy,"In AMC's TV Series ""The Walking Dead"" what are ""Zombies"" referred to as?",Walkers,"['Creepers', 'Maggots', 'Hell Pigs']",multiple
Entertainment: Japanese Anime & Manga,medium,"In the 2011 TV anime series, ""THE iDOLM@STER"", what was the name of Iori's stuffed toy bunny?",Charles,"['Bubsy', 'Kero', 'Usagi']",multiple
Art,medium,"Who painted ""The Scream""?",Edvard Munch,"['Vincent Van Gogh', 'Picasso', 'Henri Matisse']",multiple
Sports,medium,Who has played the most tournaments on the Brazilian national soccer team?,Cafu,"['Ronaldo', 'Kaká', 'Roberto Carlos']",multiple
Geography,hard,Which of these cities has a 4° East longitude. ,Amsterdam,"['Rio de Janero', 'Toronto', 'Hong Kong']",multiple
Entertainment: Film,easy,Which of the following actors has only been in a Quentin Tarantino directed film once?,John Travolta,"['Christoph Waltz', 'Harvey Keitel', 'Samuel L. Jackson']",multiple
Science & Nature,medium,How many baby/milk teeth does a human child have in total?,20,"['10', '15', '25']",multiple
Entertainment: Video Games,easy,Niko Bellic is the protagonist of Grand Theft Auto IV.,True,['False'],boolean
Sports,medium,The Olympics tennis court is a giant green screen.,True,['False'],boolean
Entertainment: Video Games,medium,The original Planetside was released in North America on...,"May 20, 2003","['June 17, 2001', 'September 29, 2003', 'January 14, 2005']",multiple
Entertainment: Video Games,medium,"In ""Call of Duty: Zombies"", what group does Doctor Maxis work for?",Group 935,"['Group Reanimate', 'Group Rezurrection', 'Division 9']",multiple
Science & Nature,easy,The shape of the Earth is a perfect sphere.,False,['True'],boolean
Entertainment: Music,medium,Which one of these Pink Floyd albums were also a movie?,The Wall,"['The Dark Side of the Moon', 'Wish You Were Here', 'Animals']",multiple
Entertainment: Film,medium,"In the 1979 British film ""Quadrophenia"" what is the name of the main protagonist?",Jimmy Cooper,"['Pete Townshend', 'Franc Roddam', 'Archie Bunker']",multiple
Animals,medium,The echidna is a monotreme.,True,['False'],boolean
History,easy,Who rode on horseback to warn the Minutemen that the British were coming during the U.S. Revolutionary War?,Paul Revere,"['Thomas Paine', 'Henry Longfellow', 'Nathan Hale']",multiple
Entertainment: Video Games,easy,Who turns out to be the true victor in the Battle of Armageddon in Mortal Kombat?,Shao Kahn,"['Liu Kang', 'Shang Tsung', 'Raiden']",multiple
Entertainment: Music,medium,Which American family band had a 1986 top 10 hit with the song 'Crush On You'?,The Jets,"['DeBarge', 'The Jacksons', 'The Cover Girls']",multiple
Entertainment: Video Games,medium,"In the game ""Undertale"", who was Mettaton's creator?",Alphys,"['Undyne', 'Sans', 'Asgore']",multiple
General Knowledge,easy,"Who invented the first ever chocolate bar, in 1847?",Joseph Fry,"['Andrew Johnson', 'John Cadbury', 'John Tyler']",multiple
Vehicles,easy,Which of the following car manufacturers had a war named after it?,Toyota,"['Honda', 'Ford', 'Volkswagen']",multiple
Geography,medium,On which continent/s is the entire country of Spain specifically located when taking into account all of its territory?,Europe and Africa,"['Europe, Africa and Asia', 'Europe', 'Europe and Asia']",multiple
Entertainment: Comics,hard,What is the real hair colour of the mainstream comic book version (Earth-616) of Daredevil?,Blonde,"['Auburn', 'Brown', 'Black']",multiple
Entertainment: Music,medium,"Green Day's album 'American Idiot' is considered a ""punk rock opera.""",True,['False'],boolean
Science: Computers,medium,What is the name of the default theme that is installed with Windows XP?,Luna,"['Neptune', 'Whistler', 'Bliss']",multiple
Science: Computers,hard,"Released in 2001, the first edition of Apple's Mac OS X operating system (version 10.0) was given what animal code name?",Cheetah,"['Puma', 'Tiger', 'Leopard']",multiple
Entertainment: Television,medium,"What is the title of The Allman Brothers Band instrumental used as the theme to the BBC motoring show, 'Top Gear'?",Jessica,"['Angela', 'Erica', 'Sandra']",multiple
Science & Nature,easy,All planets in the Solar System orbit the Sun.,True,['False'],boolean
Sports,medium,Which of these English football clubs is based in Liverpool?,Everton,"['West Ham United', 'Crystal Palace', 'Arsenal']",multiple
Entertainment: Video Games,easy,"What is the Alien Race in the game ""Lego Racers 2"" known as?",Ramas,"['Slizers', 'Roboriders', 'Turagas']",multiple
Entertainment: Video Games,easy,Which of these is NOT a playable character in the 2016 video game Overwatch?,Invoker,"['Mercy', 'Winston', 'Zenyatta']",multiple
Entertainment: Music,easy,"According to a song by Belinda Carlisle, Heaven is a place on what?",Earth,"['Venus', 'Mars', 'Uranus']",multiple
Entertainment: Music,easy,What album did Bon Iver release in 2016?,"22, A Million","['Bon Iver, Bon Iver', 'Blood Bank EP', 'For Emma, Forever Ago']",multiple
Celebrities,medium,What caused Jake Lloyd who played Anakin Skywalker in The Phantom Menace to quit acting?,Bullying,"['Criminal Record', 'Nomination for Worst Actor', 'Racism']",multiple
Geography,easy,St. Louis is the capital of the US State Missouri.,False,['True'],boolean
Entertainment: Film,hard,"In the 1974 Christmas flick ""The Year Without a Santa Claus,"" what are the names of the two elves who help Mrs. Claus save Christmas?",Jingle & Jangle,"['Buddy & Bobby', 'Holly & Jolly', 'Snowflake & Icicle']",multiple
Science & Nature,easy, What is the chemical symbol for Helium?,He,"['H', 'Hg', 'Hs']",multiple
Sports,easy,Which two teams played in Super Bowl XLII?,The New York Giants & The New England Patriots,"['The Green Bay Packers & The Pittsburgh Steelers', 'The Philadelphia Eagles & The New England Patriots', 'The Seattle Seahawks & The Denver Broncos']",multiple
Science & Nature,medium,What is the atomic number of Uranium ,92,"['235', '17', '167']",multiple
Science & Nature,hard,"Which of the following is the term for ""surgical complications resulting from surgical sponges left inside the patient's body?",Gossypiboma,"['Gongoozler', 'Jentacular', 'Meupareunia']",multiple
General Knowledge,easy,What is the shape of the toy invented by Hungarian professor Ernő Rubik?,Cube,"['Sphere', 'Cylinder', 'Pyramid']",multiple
Entertainment: Musicals & Theatres,medium,"In Jeff Wayne's Musical Version of War of the Worlds, the chances of anything coming from Mars are...",A million to one,"['A billion to one', 'A trillion to one', 'A hundred to one']",multiple
Geography,hard,Llanfair­pwllgwyngyll­gogery­chwyrn­drobwll­llan­tysilio­gogo­goch is located on which Welsh island?,Anglesey,"['Barry', 'Bardsey', 'Caldey']",multiple
Geography,medium,"The title of the 1969 film ""Krakatoa, East_of Java"" is incorrect, as Krakatoa is in fact west of Java.",True,['False'],boolean
Science & Nature,easy,The Sun is considered a star.,True,['False'],boolean
Science: Computers,medium,The name of technology company HP stands for what?,Hewlett-Packard,"['Howard Packmann', 'Husker-Pollosk', 'Hellman-Pohl']",multiple
Entertainment: Musicals & Theatres,easy,"Who wrote the musical ""Hamilton""?",Lin-Manuel Miranda,"['Andrew Lloyd Webber', 'Nell Benjamin', 'Tom Kitt']",multiple
Entertainment: Music,medium,"What French artist/band is known for playing on the midi instrument ""Launchpad""?",Madeon,"['Daft Punk ', 'Disclosure', 'David Guetta']",multiple
Politics,easy,The largest consumer market in 2015 was...,The United States of America,"['Germany', 'Japan', 'United Kingdom']",multiple
Entertainment: Video Games,medium,"In Left 4 Dead, what is the name of the Special Infected that is unplayable in Versus mode?",The Witch,"['The Tank', 'The Smoker', 'The Spitter']",multiple
Entertainment: Board Games,medium,What happens when you roll 3 doubles in a row in Monopoly?,Go to jail,"['Get paid $200', 'Pay $200', 'Move to Free Parking']",multiple
Animals,hard,Chronic Wasting Disease (CWD) exclusively infects members of which family of animals?,Cervids,"['Hominids', 'Felids', 'Canids']",multiple
Geography,medium,In which English county is Stonehenge?,Wiltshire,"['Somerset', 'Cumbria', 'Herefordshire']",multiple
Entertainment: Film,hard,"In the film ""Interstellar"", how long did they spend on Miller's planet?","23 years, 4 months, and 8 days","['15 years, 2 months, and 15 days', '10 months and 6 days', '26 years, 4 months, and 10 days']",multiple
Art,medium,Which of these are the name of a famous marker brand?,Copic,"['Dopix', 'Cofix', 'Marx']",multiple
Entertainment: Television,medium,"An episode of ""The Simpsons"" is dedicated to Moe Szyslak's bar rag.",True,['False'],boolean
Entertainment: Cartoon & Animations,easy,"In the Pixar film, ""Toy Story"" what was the name of the child who owned the toys?",Andy,"['Edward', 'Danny', 'Matt']",multiple
Entertainment: Video Games,hard,Which retro video game was released first?,Space Invaders,"['Galaga', 'Pac-Man', 'Asteroids']",multiple
Science: Mathematics,medium,"The proof for the Chinese Remainder Theorem used in Number Theory was NOT developed by its first publisher, Sun Tzu.",True,['False'],boolean
Entertainment: Music,medium,"In which year was the Megadeth album ""Peace Sells... but Who's Buying?"" released?",1986,"['1979', '1987', '1983']",multiple
Science: Computers,medium,Which of the following languages is used as a scripting language in the Unity 3D game engine?,C#,"['Java', 'C++', 'Objective-C']",multiple
Geography,medium,Which of these countries is NOT located in Africa?,Suriname,"['Burkina Faso', 'Mozambique', 'Algeria']",multiple
Entertainment: Television,medium,"Like his character in ""Parks and Recreation"", Aziz Ansari was born in South Carolina.",True,['False'],boolean
Geography,medium,The World Health Organization headquarters is located in which European country?,Switzerland,"['United Kingdom', 'France', 'Belgium']",multiple
Entertainment: Music,easy,Which Nirvana album had a naked baby on the cover?,Nevermind,"['Bleach', 'In Utero', 'Incesticide']",multiple
Sports,easy,Which boxer was banned for taking a bite out of Evander Holyfield's ear in 1997?,Mike Tyson,"['Roy Jones Jr.', 'Evander Holyfield', 'Lennox Lewis']",multiple
Entertainment: Video Games,hard,"The first ""Metal Gear"" game was released for the PlayStation 1.",False,['True'],boolean
Politics,medium,Which of these is NOT one of Donald Trump's children?,Julius,"['Donald Jr.', 'Ivanka', 'Eric']",multiple
Sports,medium,Josh Mansour is part of what NRL team?,Penrith Panthers,"['Melbourne Storm', 'Sydney Roosters', 'North Queensland Cowboys']",multiple
Politics,easy,What candidate won the 2012 US Presidential Election?,Barack Obama,"['Mitt Romney', 'Bob Hope', 'Ross Perot']",multiple
Science & Nature,medium,What medication was once commonly used as rat poison?,Coumadin,"['Aspirin', 'Eliquis', 'Tylenol']",multiple
Entertainment: Television,hard,"Which of the following actors portrayed the Ninth Doctor in the British television show ""Doctor Who""?",Christopher Eccleston,"['David Tennant', 'Matt Smith', 'Tom Baker']",multiple
Entertainment: Television,medium,"In the Black Mirror episode ""Bandersnatch"", PAC-MAN stands for:",Program And Control Man,"['Postgraduate Aplications Centre Man', 'Political Action Committee Man', 'Physics & Astronomy Classification Man']",multiple
Entertainment: Video Games,easy,"The Indie Game Development Studio Cing, developers of Hotel Dusk and Last Window, went bankrupt on March 1st, 2010.",True,['False'],boolean
General Knowledge,easy,Which sign of the zodiac comes between Virgo and Scorpio?,Libra,"['Gemini', 'Taurus', 'Capricorn']",multiple
Entertainment: Video Games,medium,"Which of these symbols can be seen on the shirt of the 1993 video game character, Bubsy T. Bobcat?",An exclamation point,"['A question mark', 'The letter B', 'Nothing']",multiple
Entertainment: Television,medium,Which British writer wrote for both Doctor Who and Sherlock?,Steven Moffatt,"['Phil Ford', 'Russell T Davies', 'Toby Whithouse']",multiple
Entertainment: Music,easy,"Whose signature guitar technique is called the ""windmill""?",Pete Townshend,"['Jimmy Page', 'Eddie Van Halen', 'Jimi Hendrix']",multiple
Art,hard,Albrecht Dürer's birthplace and place of death were in...,Nürnberg,"['Augsburg', 'Bamberg', 'Berlin']",multiple
Entertainment: Japanese Anime & Manga,medium,Which character in Touhou is able to control dolls?,Alice Margatroid,"['Marisa Kirisame', 'Clownpiece', 'Flandre Scarlet']",multiple
Entertainment: Video Games,hard,"Counting the Blood and Wine DLC, how many Hero Cards are there in total in The Witcher 3?",25,"['30', '20', '15']",multiple
General Knowledge,easy,"In the video-game franchise Kingdom Hearts, the main protagonist, carries a weapon with what shape?",Key,"['Sword', 'Pen', 'Cellphone']",multiple
Entertainment: Video Games,hard,What is the name of your team in Star Wars: Republic Commando?,Delta Squad,"['The Commandos', 'Bravo Six', ""Vader's Fist""]",multiple
General Knowledge,easy,What company owns Outlook?,Microsoft,"['Google', 'Apple', 'Yahoo']",multiple
General Knowledge,easy,What is the most frequently used letter in the english alphabet?,E,"['A', 'I', 'O']",multiple
General Knowledge,medium,"According to the United States' CDC, one in how many Americans die annually due to smoking?",Five,"['Twenty', 'Ten', 'One hundred']",multiple
General Knowledge,easy,"In a standard Gregorian calendar, how many months begin with the letter 'J'?",Three,"['Four', 'Five', 'Two']",multiple
Science & Nature,medium,"Which NASA Space Shuttle broke apart during atmospheric re-entry on February 1, 2003? ",Columbia,"['Challenger', 'Discovery', 'Endeavour']",multiple
Entertainment: Japanese Anime & Manga,easy,"The two main characters of ""No Game No Life"", Sora and Shiro, together go by what name?",Blank,"['Immanity', 'Disboard', 'Warbeasts']",multiple
Entertainment: Video Games,easy,"In Until Dawn, both characters Sam and Mike cannot be killed under any means until the final chapter of the game.",True,['False'],boolean
Science & Nature,medium,"To the nearest minute, how long does it take for light to travel from the Sun to the Earth?",8 Minutes,"['6 Minutes', '2 Minutes', '12 Minutes']",multiple
Entertainment: Video Games,hard,"Which game in the ""Monster Hunter"" series introduced the monster ""Gobul""?",Monster Hunter Tri,"['Monster Hunter Freedom Unite', 'Monster Hunter Frontier', 'Monster Hunter Generations']",multiple
History,hard,What is the name of the Boeing B-29 that dropped the 'Little Boy' atomic bomb on Hiroshima?,Enola Gay,"['Necessary Evil', 'The Great Artiste', 'Full House']",multiple
Entertainment: Film,hard,"What is the name of the assassin in the first ""Hellboy"" movie?",Karl Ruprecht Kroenen,"['Klaus Werner von Krupt', 'Grigori Efimovich Rasputin', 'Ilsa Haupstein']",multiple
Entertainment: Video Games,easy,"What is the hardest possible difficulty in ""Deus Ex: Mankind Divided""?",I Never Asked For This,"['Nightmare', 'Extreme', 'Guru']",multiple
Entertainment: Musicals & Theatres,hard,"In Macbeth, the eyes of what animals were used in the Witches' cauldron?",Newts,"['Humans', 'Sharks', 'Squids']",multiple
Geography,easy,The capital of Indonesia is Bali.,False,['True'],boolean
Entertainment: Books,medium,What book series published by Jim Butcher follows a wizard in modern day Chicago?,The Dresden Files,"['A Hat in Time', 'The Cinder Spires', 'My Life as a Teenage Wizard']",multiple
Entertainment: Video Games,easy,"In ""Yo! Noid 2,"" The Noid can perform what special move?",Dab,"['Pizza Throw', 'Dodge Roll', 'Spin Dash']",multiple
Science: Computers,easy,The logo for Snapchat is a Bell.,False,['True'],boolean
Entertainment: Video Games,medium,What is the main character of Metal Gear Solid 2?,Raiden,"['Solidus Snake', 'Big Boss', 'Venom Snake']",multiple
Science: Gadgets,medium,"Mobile hardware and software company ""Blackberry Limited"" was founded in which country?",Canada,"['Norway', 'United States of America', 'United Kingdom']",multiple
Geography,medium," What Texas city is nicknamed ""The Yellow Rose of Texas""?",Amarillo,"['Corpus Christi', 'Frisco', 'Houston']",multiple
Art,hard,"The painting ""The Starry Night"" by Vincent van Gogh was part of which art movement?",Post-Impressionism,"['Romanticism', 'Neoclassical', 'Impressionism']",multiple
Entertainment: Film,medium,"In the 1979 British film ""Quadrophenia"" what is the name of the seaside city the mods are visiting?",Brighton,"['Eastbourne', 'Mousehole', 'Bridlington']",multiple
Entertainment: Film,medium,"Which director directed the movie ""Pan's Labyrinth""?",Guillermo Del Toro,"['Alfonso Cuarón', 'Alejandro González Iñárritu', ' Alejandro Jodorowsky']",multiple
Entertainment: Video Games,medium,Which of the following characters were considered for inclusion in Super Smash Bros. Melee?,Lucas,"['Mega Man', 'Meta Knight', 'Diddy Kong']",multiple
Entertainment: Japanese Anime & Manga,easy,"In the ""To Love-Ru"" series, Golden Darkness is sent to kill Lala Deviluke.",False,['True'],boolean
Entertainment: Video Games,easy,"Which Pokemon generation did the fan-named ""Masuda Method"" first appear in? ",Diamond/Pearl,"['Ruby/Sapphire', 'Black/White', 'X/Y']",multiple
Entertainment: Japanese Anime & Manga,hard,"In the superhero anime, ""One Punch Man"", what is the main protagonist's Hero name?",Caped Baldy,"['Strong Fist', 'Mad Boxer', 'Justice Puncher']",multiple
Entertainment: Film,medium,"What is the make and model of the tour vehicles in ""Jurassic Park"" (1993)?",1992 Ford Explorer XLT,"['1992 Toyota Land Cruiser', '1992 Jeep Wrangler YJ Sahar', 'Mercedes M-Class']",multiple
Entertainment: Video Games,easy,The protagonist of Dead Rising 3 is called Chuck Greene.,False,['True'],boolean
Sports,easy,Which English football club has the nickname 'The Foxes'?,Leicester City,"['Northampton Town', 'Bradford City', 'West Bromwich Albion']",multiple
General Knowledge,hard,"The Swedish word ""Grunka"" means what in English?",Thing,"['People', 'Place', 'Pineapple']",multiple
Politics,medium,Theresa May was the first female Prime Minister of the United Kingdom.,False,['True'],boolean
Entertainment: Video Games,easy,"In Sonic the Hedgehog universe, Tails' real name is Miles Prower.",True,['False'],boolean
Celebrities,medium,"Before voicing Pearl in Steven Universe, Deedee Magno Hall was part of which American band?",The Party,"['The Weather Girls', 'The Pussycat Dolls', 'The Cheetah Girls']",multiple
Entertainment: Video Games,medium,Which Game Development company made No Man's Sky?,Hello Games,"['Dovetail Games', 'Valve', 'Blizzard Entertainment']",multiple
Geography,medium,Norway has a larger land area than Sweden.,False,['True'],boolean
Entertainment: Video Games,easy,What is the default alias that Princess Garnet goes by in Final Fantasy IX?,Dagger,"['Dirk', 'Garnet', 'Quina']",multiple
Entertainment: Film,easy,"In the original Star Wars: A New Hope, Han Solo is the first to shoot his blaster in a conversation with Greedo.",True,['False'],boolean
Science: Gadgets,easy,Which virtual assistant is developed by Amazon?,Alexa,"['Google Assistant', 'Siri', 'Cortana']",multiple
Geography,medium,Kuala Lumpur is the capital of which country?,Malaysia,"['Indonesia', 'Singapore', 'Thailand']",multiple
Entertainment: Video Games,medium,Killing Floor started as a mod for which Unreal Engine 2 game?,Unreal Tournament 2004,"['Deus Ex: Invisible War', 'Unreal Tournament 3', 'Postal']",multiple
Entertainment: Video Games,easy,"In vanilla Minecraft, which of the following cannot be made into a block?",Charcoal,"['Coal', 'Wheat', 'String']",multiple
Entertainment: Video Games,medium,"In the 1980s, a service called Gameline allowed users to download games to what console?",Atari 2600,"['Sega Genesis', 'Nintendo Entertainment System', 'ColecoVision']",multiple
Geography,easy,Vatican City is a country.,True,['False'],boolean
General Knowledge,easy,What is Cynophobia the fear of?,Dogs,"['Birds', 'Flying', 'Germs']",multiple
Entertainment: Television,easy,"In the Star Trek universe, what color is Vulcan blood?",Green,"['Blue', 'Red', 'Purple']",multiple
Art,easy,Who painted The Starry Night?,Vincent van Gogh,"['Pablo Picasso', 'Leonardo da Vinci', 'Michelangelo']",multiple
Geography,easy,Portugal's modern territory was once a part of the Roman Empire.,True,['False'],boolean
Celebrities,easy,Which actress married Michael Douglas in 2000?,Catherine Zeta-Jones,"['Ruth Jones', 'Pam Ferris', 'Sara Sugarman']",multiple
Science: Gadgets,easy,What round is a classic AK-47 chambered in?,7.62x39mm,"['7.62x51mm', '5.56x45mm', '5.45x39mm']",multiple
History,hard,"What was the code name for the Allied invasion of Southern France on August 15th, 1944?",Operation Dragoon,"['Operation Overlord', 'Operation Market Garden', 'Operation Torch']",multiple
Entertainment: Musicals & Theatres,medium,Who played Marquis de Lafayette and Thomas Jefferson in the original Broadway run of Hamilton?,Daveed Diggs,"['Lin-Manuel Miranda', 'Javier Muñoz', 'Wayne Brady']",multiple
Entertainment: Television,easy,"When Donkey Kong died in the ""Donkey Kong Country"" episode ""It's a Wonderful Life"", who was his guardian angel?",Eddie the Mean Old Yeti,"['Kiddy Kong', 'Diddy Kong', 'King K. Rool']",multiple
Entertainment: Video Games,hard,"How long was the World Record Speed Run of Valve Software's ""Half-Life"" that was done in 2014.","20 Minutes, 41 Seconds","['45 Minutes, 32 Seconds', '5 Minutes, 50 Seconds', '12 Minutes, 59 Seconds']",multiple
General Knowledge,medium,What does a milliner make and sell?,Hats,"['Shoes', 'Belts', 'Shirts']",multiple
Entertainment: Music,medium,What was The Velvet Underground's first album called?,The Velvet Underground & Nico,"['Loaded', 'The Velvet Underground', 'White Light / White Heat']",multiple
Vehicles,medium,"Which car manufacturer created the ""Aventador""?",Lamborghini,"['Ferrari', 'Pagani', 'Bugatti']",multiple
Entertainment: Board Games,hard,What do you declare in Rīchi Mahjong when you've drawn your winning tile?,Tsumo,"['Ron', 'Rīchi', 'Kan']",multiple
Politics,hard,Which of the following United States Presidents served the shortest term in office?,William Henry Harrison,"['Zachary Taylor', 'James A. Garfield', 'Warren G. Harding']",multiple
General Knowledge,easy,What is the currency of India and Pakistan as well as a few other Asian countries?,Rupee,"['Riyal', 'Peso', 'Dinar']",multiple
General Knowledge,easy,"Which of these words refers to something made, distributed, or sold illegally?",Bootleg,"['Bootblack', 'Bootlace', 'Bootstrap']",multiple
Entertainment: Film,easy,Which of the following movies was not based on a novel by Stephen King? ,The Thing,"['Carrie', 'Misery', 'The Green Mile']",multiple
Entertainment: Video Games,hard,When was Steam first released?,2003,"['2004', '2011', '2007']",multiple
Entertainment: Video Games,hard,What is the name of the main island in PLAYERUNKNOWN'S BATTLEGROUNDS?,Erangel,"['Marmara', 'Severny', 'Lastovo']",multiple
General Knowledge,medium,Who is a co-founder of music streaming service Spotify?,Daniel Ek,"['Sean Parker', 'Felix Miller', 'Michael Breidenbruecker']",multiple
Entertainment: Video Games,hard,"""Strangereal"" is a fictitious Earth-like world for which game series?",Ace Combat,"['Jet Set Radio', 'Deus Ex', 'Crimson Skies']",multiple
Sports,easy,Which of these NHL teams originally played in Atlanta?,Calgary Flames,"['St. Louis Blues', 'Minnesota Wild', 'Vancouver Canucks']",multiple
Science: Computers,easy,What kind of memory is used on memory cache?,SRAM,"['DRAM', 'ROM', 'Flash']",multiple
Art,medium,"Venus of Willendorf is one of the earliest works of art, depicting the planets Mars and Venus embrace in the heavens at night.",False,['True'],boolean
Entertainment: Video Games,easy,"In most FPS video games such as Counter-Strike, shooting which part of the body does the highest damage?",Head,"['Arm', 'Leg', 'Chest']",multiple
Science: Gadgets,medium,The Western Electric Model 500 telephone uses tone dialing to dial phone numbers.,False,['True'],boolean
Entertainment: Video Games,medium,In which U.S. state is Far Cry 5's fictional setting 'Hope County' located?,Montana,"['Idaho', 'Wyoming', 'North Carolina']",multiple
Entertainment: Video Games,easy,"What video game sparked controversy because of its hidden ""Hot Coffee"" minigame?",Grand Theft Auto: San Andreas,"['Grand Theft Auto: Vice City', 'Hitman: Blood Money', 'Cooking Mama']",multiple
Entertainment: Video Games,easy,"Which game did ""Sonic The Hedgehog"" make his first appearance in?",Rad Mobile,"['Sonic The Hedgehog', 'Super Mario 64', 'Mega Man']",multiple
Entertainment: Video Games,medium,The creator of the Touhou Project series is:,ZUN,"['SUN', 'RUN', 'PUN']",multiple
Entertainment: Video Games,medium,How many stars are there to collect in Super Mario 64?,120,"['60', '80', '100']",multiple
Entertainment: Video Games,medium,Who is the protagonist in Dead Rising 3?,Nick Ramos,"['Frank West', 'Chuck Greene', 'Isabela Keyes']",multiple
Entertainment: Film,easy,Matt Damon played an astronaut stranded on an extraterrestrial planet in both of the movies Interstellar and The Martian.,True,['False'],boolean
Entertainment: Video Games,medium,"In ""Clash Royale"" what is Arena 4 called?",Spell Valley,"['Barbarian Bowl', ""P.E.K.K.A's Playhouse"", 'Royal Arena']",multiple
Entertainment: Music,easy,Who is the lead singer of Pearl Jam?,Eddie Vedder,"['Ozzy Osbourne', 'Stone Gossard', 'Kurt Cobain']",multiple
Science: Computers,medium,All of the following programs are classified as raster graphics editors EXCEPT:,Inkscape,"['Paint.NET', 'GIMP', 'Adobe Photoshop']",multiple
Geography,easy,Alaska and Hawaii are the only US states that have their own timezones.,True,['False'],boolean
Entertainment: Books,medium,"Who is the protagonist of the book: ""The Catcher in the Rye"" by J.D. Salinger",Holden Caulfield,"['Holden David', 'Jerome Caulfield', 'Jerome David']",multiple
Science: Mathematics,medium,"111,111,111 x 111,111,111 = 12,345,678,987,654,321",True,['False'],boolean
Entertainment: Comics,medium,"In the comics, which Sonic character took command of the Dark Legion after Luger's assassination?",Lien-Da,"['Kragok', 'Dimitri', 'Remington']",multiple
Entertainment: Music,medium,What is the relationship between the band members of American rock band King of Leon?,Brothers & cousins,"['Childhood friends', 'Former classmates', 'Fraternity house members']",multiple
General Knowledge,hard,"What is the romanized Arabic word for ""moon""?",Qamar,"['Najma', 'Kawkab', 'Shams']",multiple
Entertainment: Music,easy,Brian May was the guitarist for which band?,Queen,"['Pink Floyd', 'Rolling Stones', 'The Doors']",multiple
Entertainment: Video Games,medium,"Which company developed the video game ""Borderlands""?",Gearbox Software,"['2K Games', 'Activision', 'Rockstar Games']",multiple
Entertainment: Television,easy,What country is Cory in the House set in?,The United States of America,"['Canada', 'Venezuala', 'England']",multiple
Entertainment: Board Games,medium,Wooden molding scraps were used to make the original Monopoly houses and hotels.,True,['False'],boolean
Science & Nature,easy,What is the largest planet in the Solar System?,Jupiter,"['Saturn', 'Earth', 'Mars']",multiple
Entertainment: Japanese Anime & Manga,easy,What is Gatomon's name in the original Japanese version of Digimon Adventure?,Tailmon,"['Pawmon', 'Catmon', 'Nekomon']",multiple
Entertainment: Books,easy,Under what pseudonym did Stephen King publish five novels between 1977 and 1984?,Richard Bachman,"['J. D. Robb', 'Mark Twain', 'Lewis Carroll']",multiple
Entertainment: Video Games,hard,"Which gaming series includes ""The Diabolical Box"" and ""The Curious Village""?",Professor Layton,"['Persona', 'Etrian Odyssey', 'Sam & Max']",multiple
General Knowledge,easy," Which chemical element, number 11 in the Periodic table, has the symbol Na?",Sodium,"['Carbon', 'Lead', 'Nitrogen']",multiple
History,hard,Who was the first man to travel into outer space twice?,Gus Grissom,"['Vladimir Komarov', 'Charles Conrad', 'Yuri Gagarin']",multiple
General Knowledge,easy,"The file hosting service, ""Google Drive"" was launched on what day?","April 24, 2012","['January 12, 2014', 'November 14, 2008', 'January 20, 2010']",multiple
Entertainment: Cartoon & Animations,medium,Who voiced Finn in Adventure Time?,Jeremy Shada,"['Nolan North', 'John DiMaggio', 'Tom Kenny']",multiple
Entertainment: Video Games,hard,"TF2: Sentry rocket damage falloff is calculated based on the distance between the sentry and the enemy, not the engineer and the enemy",False,['True'],boolean
Entertainment: Film,easy,"Who is the main antagonist of Christopher Nolan's 2012 film ""The Dark Knight Rises""?",Bane,"['The Joker', 'CIA', 'The Riddler']",multiple
Entertainment: Music,easy,"The four strings on a violin are the G string, D string, A string, and...",E string,"['C string', 'B string', 'F string']",multiple
Entertainment: Video Games,easy,"Blinky, Pinky, Inky and Clyde are characters from which classic video game?",Pac-Man,"['Gauntlet', 'Space Invaders', 'Street Fighter']",multiple
Entertainment: Music,easy,"Which classical composer wrote the ""Moonlight Sonata""?",Ludvig Van Beethoven,"['Chief Keef', 'Wolfgang Amadeus Mozart', 'Johannes Brahms']",multiple
History,easy,Which of these countries remained neutral during World War II?,Switzerland,"['United Kingdom', 'France', 'Italy']",multiple
Science: Computers,easy,What programming language was GitHub written in?,Ruby,"['JavaScript', 'Python', 'Lua']",multiple
General Knowledge,easy,What is the name of the company in Lethal Company?,The Company,"['Planet Scrap Co.', 'Lethal Robotics', 'Gordian Shipping Co.']",multiple
Geography,hard,What is the world's smallest country by population?,Vatican City,"['Nauru', 'Marshall Islands', 'Lichtenstein']",multiple
History,easy,"What battle was the longest in World War I, lasting approximately 303 days?",Battle of Verdun ,"['Battle of Passchendaele', 'Battle of Amiens', 'Battle of Stalingrad']",multiple
Entertainment: Video Games,medium,"How many games are there in the ""Colony Wars"" series for the PlayStation?",3,"['2', '4', '5']",multiple
Entertainment: Music,medium,"On the cover of 'Abbey Road,' which of the Beatles is not wearing shoes?",Paul McCartney,"['Ringo Starr', 'John Lennon', 'George Harrison']",multiple
Entertainment: Video Games,medium,"In Night In The Woods, what is Mae Borowski mother's name?",Candy,"['Jenny', 'Margaret', 'Kate']",multiple
Vehicles,medium,Which of the following vehicles featured a full glass roof at base model?,Renault Avantime,"['Chevy Volt', 'Mercedes-Benz A-Class', 'Honda Odyssey']",multiple
Sports,medium,Which German sportswear company's logo is the 'Formstripe'?,Puma,"['Nike', 'Adidas', 'Reebok']",multiple
Geography,easy,Hungary is the only country in the world beginning with H.,False,['True'],boolean
Science & Nature,hard,Which of the following liquids is least viscous? Assume temperature is 25°C.,Acetone,"['Water', 'Mercury', 'Benzene']",multiple
Entertainment: Video Games,easy,English new wave musician Gary Numan founded the video game development company Facepunch Studios in March 2009.,False,['True'],boolean
Entertainment: Video Games,hard,Which game was exclusive to Dreamcast?,Pen Pen TriIcelon,"['Sylvester & Tweety in Cagey Capers', 'Perfect Dark', 'Tetrisphere']",multiple
Entertainment: Video Games,easy,"The names of Tom Nook's cousins in the Animal Crossing franchise are named ""Timmy"" and ""Jimmy"".",False,['True'],boolean
Entertainment: Video Games,medium,"In the game ""Persona 4"", what is the canonical name of the protagonist?",Yu Narukami,"['Chino Mashido', 'Tunki Sunada', 'Masaki Narinaka']",multiple
History,easy,Which of the following African countries was most successful in resisting colonization?,Ethiopia,"['Côte d’Ivoire', 'Congo', 'Namibia']",multiple
Science & Nature,medium,What is the unit of electrical capacitance?,Farad,"['Gauss', 'Henry', 'Watt']",multiple
Entertainment: Music,easy,Which country does the band Rammstein hail from?,Germany,"['Austria', 'Armenia', 'Belgium']",multiple
Entertainment: Video Games,hard,How many partners can you obtain in Paper Mario: The Thousand-Year Door?,7,"['6', '9', '10']",multiple
History,medium,When did the British hand-over sovereignty of Hong Kong back to China?,1997,"['1999', '1841', '1900']",multiple
General Knowledge,easy,What is the closest planet to our solar system's sun?,Mercury,"['Mars', 'Jupiter', 'Earth']",multiple
Art,easy,"Who painted ""Swans Reflecting Elephants"", ""Sleep"", and ""The Persistence of Memory""?",Salvador Dali,"['Jackson Pollock', 'Vincent van Gogh', 'Edgar Degas']",multiple
Animals,medium,What is the average lifespan of a domestic rabbit?,8-12 years,"['1-2 years', '4-7 years', '14-20 years']",multiple
Entertainment: Books,hard,"Which author co-wrote ""The Communist Manifesto"" alongside Karl Marx?",Friedrich Engels,"['Robert Owen', 'Alexander Kerensky', 'Paul Lafargue']",multiple
Mythology,hard,Janus was the Roman god of doorways and passageways.,True,['False'],boolean
Entertainment: Film,hard,"In the Friday The 13th series, what year did Jason drown in?",1957,"['1955', '1953', '1959']",multiple
Entertainment: Film,medium,Which of these movies is NOT considered to be part of the Marvel Cinematic Universe?,Fantastic Four (2015),"[' Spider-Man: Homecoming (2017)', 'The Incredible Hulk (2008)', 'Captain Marvel (2019)']",multiple
General Knowledge,easy,What do the letters in the GMT time zone stand for?,Greenwich Mean Time,"['Global Meridian Time', 'General Median Time', 'Glasgow Man Time']",multiple
Geography,hard,Which of these is NOT a city in India?,Islamabad,"['Hyderabad', 'Ahmedabad', 'Ghaziabad']",multiple
Science & Nature,easy,Dry ice is the solid form of what substance?,Carbon dioxide,"['Nitrogen', 'Ammonia', 'Oxygen']",multiple
Entertainment: Video Games,medium,"In what year was ""Super Mario Sunshine"" released?",2002,"['2003', '2000', '2004']",multiple
Entertainment: Cartoon & Animations,medium,"What is the name of Sid's dog in ""Toy Story""?",Scud,"['Buster', 'Whiskers', 'Mr. Jones']",multiple
Politics,hard,Which of the following United States senators is known for performing a 24-hour long filibuster?,Strom Thurmond,"['Roy Blunt', 'John Barrasso', 'Chuck Schumer']",multiple
General Knowledge,medium,Amsterdam Centraal station is twinned with what station?,London Liverpool Street,"['Frankfurt (Main) Hauptbahnhof', 'Paris Gare du Nord', 'Brussels Midi']",multiple
History,medium,In what year was the last natural case of smallpox documented?,1977,"['1982', '1980', '1990']",multiple
Entertainment: Cartoon & Animations,medium,"In ""My Little Pony: Friendship is Magic"", which of these ponies represents the quality of honesty?",Applejack,"['Twilight Sparkle', 'Pinkie Pie', 'Rarity']",multiple
Animals,hard,How many known living species of hyenas are there?,4,"['8', '2', '6']",multiple
Entertainment: Japanese Anime & Manga,easy,Kirito and Asuna are main characters from which anime?,Sword Art Online,"['One Piece', 'Death Note', 'Fairy Tail']",multiple
Geography,easy,"Which of the following European languages is classified as a ""language isolate?""",Basque,"['Galician', 'Maltese', 'Hungarian']",multiple
Entertainment: Film,medium,"The 1939 movie ""The Wizard of Oz"" contained a horse that changed color, what material did they use to achieve this effect?",Gelatin,"['Dye', 'Paint', 'CGI Effect']",multiple
Science: Gadgets,hard,Which of the following is used to measure blood pressure?,Sphygmomanometer,"['Barometer', 'Ruler', 'Haemoerythrometer']",multiple
Entertainment: Music,easy,What is the name of the album released in 2014 by American band Maroon 5?,V,"['X', 'III', 'IV']",multiple
History,hard,List the following Iranic empires in chronological order:,"Median, Achaemenid, Parthian, Sassanid","['Median, Achaemenid, Sassanid, Parthian', 'Achaemenid, Median, Parthian, Sassanid', 'Achaemenid, Median, Sassanid, Parthian']",multiple
Entertainment: Video Games,hard,"In ""The Binding of Isaac"", which item instantly kills Mom and Mom's Heart?",The Bible,"['The Halo', 'Brimstone', 'Book of Shadows']",multiple
Entertainment: Music,hard,What was the progressive rock band Rush's first single?,Not Fade Away,"['Tom Sawyer', 'Working Man', 'Owner of a Lonely Heart']",multiple
Vehicles,hard,The difference between the lengths of a Boeing 777-300ER and an Airbus A350-1000 is closest to:,0.1m,"['1m', '10m ', '100m']",multiple
Sports,medium,Edson Arantes do Nascimento is the full name of which legendary football player?,Pelé,"['Romário', 'Zico', 'Ronaldinho']",multiple
General Knowledge,medium,Francis Bacon died from a fatal case of pneumonia while he was attempting to preserve meat by stuffing a chicken with snow.,True,['False'],boolean
Entertainment: Cartoon & Animations,medium,Which episode from The Amazing World Of Gumball won the Childrens Choice Award at the British Animation Awards in 2016?,The Shell,"['The Limit', 'The Kids', 'The Gripes']",multiple
Entertainment: Film,medium,Leonardo Di Caprio won his first Best Actor Oscar for his performance in which film?,The Revenant,"['The Wolf Of Wall Street', 'Shutter Island', 'Inception']",multiple
History,medium,Assyrian king Sennacherib's destruction of Babylon in 689 BCE was viewed as a triumph by other Assyrian citizens.,False,['True'],boolean
Science & Nature,easy,What produces the green colour of most plant leaves?,Chlorophyll,"['Light refraction', 'Natural pigments', 'UV radiation']",multiple
Science: Mathematics,medium,Zero factorial is equal to zero. ,False,['True'],boolean
Entertainment: Film,medium,Which Marvel superhero did Chris Evans play prior to his role as Captain America?,Human Torch,"['Cyclops', 'Iceman', 'Daredevil']",multiple
Entertainment: Books,hard,"In The Lies Of Locke Lamora, what does ""Lamora"" mean in Throne Therin?",Shadow,"['Thievery', 'Justice', 'Chaos']",multiple
Geography,medium,The Southeast Asian island of Borneo is politically divided among 3 countries.,True,['False'],boolean
Science: Computers,easy,"In web design, what does CSS stand for?",Cascading Style Sheet,"['Counter Strike: Source', 'Corrective Style Sheet', 'Computer Style Sheet']",multiple
Animals,hard,"Which of the following is another name for the ""Poecilotheria Metallica Tarantula""?",Gooty,"['Hopper', 'Silver Stripe', 'Woebegone']",multiple
Entertainment: Video Games,medium,Which of these Counter-Strike maps is a bomb defuse scenario?,Prodigy,"['747', 'Havana', 'Oilrig']",multiple
Entertainment: Video Games,medium,In which Mario game did the Mega Mushroom make its debut?,Mario Party 4,"['New Super Mario Bros.', 'Mario Kart Wii', 'Super Mario 3D World']",multiple
Entertainment: Japanese Anime & Manga,medium,"In ""JoJo's Bizarre Adventure"", Father Enrico Pucchi uses a total of 3 stands in Part 6: Stone Ocean.",True,['False'],boolean
General Knowledge,easy,"On a dartboard, what number is directly opposite No. 1?",19,"['20', '12', '15']",multiple
Science & Nature,medium,Which part of the body does glaucoma affect?,Eyes,"['Throat', 'Stomach', 'Blood']",multiple
Entertainment: Music,easy,"""Hallelujah"" is a song written by which Canadian recording artist?",Leonard Cohen,"['Kory Lefkowits', 'Ryan Letourneau ', 'Justin Bieber ']",multiple
Entertainment: Music,medium,Which European capital city gives its name to a 1981 song by Ultravox?,Vienna,"['Berlin', 'Paris', 'Brussels']",multiple
Geography,medium,What is the capital of Estonia?,Tallinn,"['Helsinki', 'Tartu', 'Riga']",multiple
Entertainment: Music,medium,Who had a 1973 hit with the song 'Hocus Pocus'?,Focus,"['Pilot', 'Rush', 'AC/DC']",multiple
Geography,medium,The Pyrenees mountains are located on the border of which two countries?,France and Spain,"['Italy and Switzerland', 'Norway and Sweden', 'Russia and Ukraine']",multiple
Sports,easy,"Which city did the former NHL team ""The Nordiques"" originiate from?",Quebec City,"['Houston', 'Montreal', 'New York']",multiple
Geography,hard,How many stations does the Central Line have on the London Underground?,49,"['51', '43', '47']",multiple
Geography,medium,Bikini Atoll is in which country?,Marshall Islands,"['Fiji', 'Christmas Islands', 'Bahamas']",multiple
Entertainment: Japanese Anime & Manga,medium,"In ""One Piece"", which one of the following is NOT an Ancient Weapon?",Jupiter,"['Uranus', 'Poseidon', 'Pluton']",multiple
Animals,medium,The average lifespan of a wildcat is only around 5-6 years. ,False,['True'],boolean
General Knowledge,easy,Which American president appears on a one dollar bill?,George Washington,"['Thomas Jefferson', 'Abraham Lincoln', 'Benjamin Franklin']",multiple
Entertainment: Music,medium,"""Rumble"" by Link Wray is the only instrumental song to ever have been banned from US radio.",True,['False'],boolean
Science & Nature,medium,Which of the following is the male pollen-producing reproductive part of a flower?,Stamen,"['Sepal', 'Pistil', 'Petal']",multiple
Mythology,medium,The Japanese god Izanagi successfully returned his wife Izanami from the Underworld.,False,['True'],boolean
Science: Computers,medium,"In programming, what do you call functions with the same name but different implementations?",Overloading,"['Overriding', 'Abstracting', 'Inheriting']",multiple
History,medium,Against which country did the Dutch Republic fight the Eighty Years' War?,Spain,"['France', 'England', 'Portugal']",multiple
Science: Computers,hard,Which of the following physical typologies are used with Ethernet Networks?,Star,"['Ring', 'Mesh', 'Hex']",multiple
Science & Nature,easy,Great Whites sometimes perform the bump-and-bite attack (a test bite) on victims.,True,['False'],boolean
General Knowledge,easy,The Hyundai Motor Company was founded in which country?,South Korea,"['Russia', 'Japan', 'China']",multiple
Entertainment: Video Games,medium,Phil Fish was the designer of which game?,Fez,"['Super Meat Boy', 'Hotline Miami', 'FTL']",multiple
History,easy,Which of the following was Brazil was a former colony under?,Portugal,"['Spain', 'The Netherlands', 'France']",multiple
Science & Nature,medium,Which psychological term refers to the stress of holding contrasting beliefs?,Cognitive Dissonance,"['Flip-Flop Syndrome', 'Split-Brain', 'Blind Sight']",multiple
Science: Mathematics,hard,What is the derivative of Acceleration with respect to time?,Jerk,"['Shift', 'Bump', 'Slide']",multiple
Science & Nature,medium,Shrimp can swim backwards.,True,['False'],boolean
Entertainment: Video Games,medium,"In ""Call Of Duty: Zombies"", completing which map's main easter egg will reward you with the achievement, ""High Maintenance""?",Die Rise,"['Mob Of The Dead', 'Origins', 'Ascension']",multiple
Entertainment: Cartoon & Animations,hard,"Who played Stan's dog in the South Park episode ""Big Gay Al's Big Gay Boat Ride""?",George Clooney,"['Jay Leno', 'Matt Stone', 'Robert Smith']",multiple
Entertainment: Books,medium,"In ""The Lord of the Rings,"" who is the owner of Asfaloth, the horse which brings Frodo to Rivendell?",Glorfindel,"['Arwen', 'Aragorn', 'Haldir']",multiple
General Knowledge,medium,Which of these American singers and songwriters won a Nobel Prize in Literature?,Bob Dylan,"['Buddy Holly', 'Johnny Cash', 'Alice Cooper']",multiple
History,hard,Which Irish village in County Mayo built a tourism industry on the back of an alleged appearance by the Virgin Mary in 1879?,Knock,"['Ballycastle', 'Swinford', 'Turlough']",multiple
Animals,medium,Which of the following is true when alligators are behaving territorially?,They bellow while showing their tail and neck,"['Open their jaws while making a clicking noise', 'They run full force at the threat', 'Slap their tails on the ground']",multiple
Entertainment: Video Games,hard,"What was the name of the game created by Masahiro Sakurai and Satoru Iwata that would eventually evolve into ""Super Smash Bros.""?",Dragon King: The Fighting Game,"['Nintendo Legends: Fight!', 'Martial Arts: King of the Hill', 'Aerial Warriors: Supreme Battle']",multiple
Entertainment: Video Games,medium,What was the first .hack game?,.hack//Infection,"['.hack//Zero', '.hack//Sign', '.hack//Liminality']",multiple
Entertainment: Video Games,medium,"What engine did the original ""Half-Life"" run on?",GoldSrc,"['Source', 'Quake', 'Unreal']",multiple
Entertainment: Video Games,medium,"In the video game DOTA 2, which of these is NOT a hero?",Dragon Champion,"['Dark Seer', 'Keeper of the Light', 'Mirana']",multiple
Entertainment: Board Games,easy,Which of these board games do NOT utilize standard 6-sided dice?,The Game of Life,"['Monopoly', 'Risk', 'Snakes and Ladders']",multiple
Science & Nature,easy,What is the primary addictive substance found in tobacco?,Nicotine,"['Cathinone', 'Ephedrine', 'Glaucine']",multiple
Science & Nature,hard,The core of the Sun can reach which temperature?,27° Million F (15° Million C),"['938,000° F (521093.3° C)', '8° Billion F (°4.4 Billion C)', 'Absolute Zero (Both F and C)']",multiple
Science: Gadgets,easy,When was the Tamagotchi digital pet released?,1996,"['1989', '1992', '1990']",multiple
Entertainment: Film,medium,Who played Sgt. Gordon Elias in 'Platoon' (1986)?,Willem Dafoe,"['Charlie Sheen', 'Matt Damon', 'Johnny Depp']",multiple
Animals,medium,Which of the following is NOT a venomous snake?,Reticulated python,"['Malayan Krait', 'Yellow bellied sea snake', 'Black mamba']",multiple
Entertainment: Board Games,medium,How many points is the Z tile worth in Scrabble?,10,"['8', '5', '6']",multiple
History,medium,Where and when was the first cardboard box made for industrial use?,"England, 1817","['United States, 1817', 'England, 1917', 'United States, 1917']",multiple
General Knowledge,medium,Where does water from Poland Spring water bottles come from?,"Maine, United States","['Hesse, Germany', 'Masovia, Poland', 'Bavaria, Poland']",multiple
Science: Computers,medium,What does RAID stand for?,Redundant Array of Independent Disks,"['Rapid Access for Indexed Devices', 'Range of Applications with Identical Designs', 'Randomized Abstract Identification Description']",multiple
History,medium,How old was Lyndon B. Johnson when he assumed the role of President of the United States?,55,"['50', '60', '54']",multiple
Entertainment: Music,easy,"What is the name of Metallica's debut album, released in 1983?",Kill 'Em All,"['...And Justice for All', 'Master of Puppets', 'Countdown to Extinction']",multiple
History,medium,"Which British monarch was also known as ""William of Orange""?",William III,"['William I', 'William II', 'William IV']",multiple
Science: Mathematics,easy,An isosceles triangle has two sides of equal length as opposed to three.,True,['False'],boolean
Geography,medium,The surface area of Russia is slightly larger than that of the dwarf planet Pluto.,True,['False'],boolean
Geography,hard,Which city is the capital of Michigan?,Lansing,"['Kalamazoo', 'Ann Arbor', 'Detroit']",multiple
General Knowledge,easy,The National Animal of Scotland is the Unicorn.,True,['False'],boolean
Entertainment: Film,easy,"Shaquille O'Neal appeared in the 1997 film ""Space Jam"".",False,['True'],boolean
Entertainment: Books,easy,What's the second book in George R. R. Martin's 'A Song of Ice and Fire' series?,A Clash of Kings,"['A Dance with Dragons', 'A Storm of Swords', 'A Feast for Crows']",multiple
Entertainment: Video Games,easy,"Who is the founder of Team Fortress 2's fictional company ""Mann Co""?",Zepheniah Mann,"['Cave Johnson', 'Wallace Breem', 'Saxton Hale']",multiple
Entertainment: Comics,easy,"In ""Homestuck"" what is Dave Strider's guardian?",Bro,"['Becquerel', 'Doc Scratch', 'Halley']",multiple
Entertainment: Video Games,easy,"In ""Xenoblade Chronicles 2"", Which party member cannot use normal blades?",Tora,"['Rex', 'Zeke', 'Nia']",multiple
Entertainment: Books,medium,Which of these book series is by James Patterson?,Maximum Ride,"['Harry Potter', 'The Legend of Xanth', 'The Bartemaeus Trilogy']",multiple
Entertainment: Video Games,medium,"In the video game ""League of Legends"" which character is known as ""The Sinister Blade""?",Katarina,"['Shaco', 'Akali', 'Zed']",multiple
Entertainment: Video Games,medium,"In the Fallout: New Vegas add-on Honest Hearts, what is the name of Joshua Graham's personal .45 pistol?",A Light Shining in Darkness,"['Requiem', 'Maria', 'Recompense of the Fallen']",multiple
Entertainment: Video Games,medium,"In Sid Meier's Civilization V, which World Wonder can only be built in cities on or next to a desert?",Petra,"['The Pyramids', 'Alhambra', 'Mausoleum of Maussollos']",multiple
Entertainment: Music,hard,Who was the original drummer for The Beatles?,Tommy Moore,"['Ringo Starr', 'Stuart Sutcliffe', 'Pete Best']",multiple
Entertainment: Video Games,medium,"In the game series ""The Legend of Zelda"", what was the first 3D game?",Ocarina of Time,"[""Majora's Mask"", 'A Link to the Past', 'The Wind Waker']",multiple
Entertainment: Japanese Anime & Manga,easy,What is the name of the corgi in Cowboy Bebop?,Einstein,"['Edward', 'Rocket', 'Joel']",multiple
Geography,medium,The historical city Timbuktu is located in which West African country?,Mali,"['Senegal', 'Niger', 'Burkina Faso']",multiple
Science & Nature,hard,"In the Scoville scale, what is the hottest chemical?",Resiniferatoxin,"['Capsaicin', 'Dihydrocapsaicin', 'Tinyatoxin']",multiple
Entertainment: Music,hard,What is the name of the 2016 mixtape released by Venezuelan electronic producer Arca?,Entrañas,"['&&&&&&', 'Sheep', 'Xen']",multiple
Entertainment: Video Games,medium,One of the early prototypes of the Sega Dreamcast controller resembled which of the following?,Television Remote,"['Tablet', 'Hairdryer', 'Flip Phone']",multiple
Entertainment: Music,hard,Which Death Grips album is the only one to feature a band member?,No Love Deep Web,"['Bottomless Pit', 'The Money Store', 'The Powers That B']",multiple
Entertainment: Film,medium,"Stanley Kubrick's ""Dr. Strangelove"" (1964) originally ended with a large pie fight in the war room.",True,['False'],boolean
Entertainment: Film,hard,"What did Alfred Hitchcock use as blood in the film ""Psycho""? ",Chocolate syrup,"['Ketchup', 'Red food coloring', 'Maple syrup']",multiple
Entertainment: Video Games,medium,What is the canonical name of the Persona 4 protagonist?,Yu Narukami,"['Minato Arisato', 'Soji Seta', 'Nagito Komaeda']",multiple
Entertainment: Television,medium,How long was Ken Jennings' win streak on Jeopardy?,74,"['88', '49', '62']",multiple
Entertainment: Music,medium,What was David Bowie's real surname?,Jones,"['Johnson', 'Edwards', 'Carter']",multiple
Entertainment: Video Games,medium,What are tiny Thwomps called in Super Mario World?,Thwimps,"['Little Thwomp', 'Mini Thwomp', 'Tiny Tims']",multiple
Geography,medium,Montreal is in which Canadian province?,Quebec,"['Ontario', 'Nova Scotia', 'Alberta']",multiple
Entertainment: Comics,hard,"Better known by his nickname Logan, what is Wolverine's birth name?",James Howlett,"['Logan Wolf', 'Thomas Wilde', 'John Savage']",multiple
Geography,easy,Which small country is located between the borders of France and Spain?,Andorra,"['San Marino', 'Vatican City', 'Lichtenstein']",multiple
Animals,medium,About how much of their body weight in food do sea otters eat every day?,25%,"['10%', '80%', '45%']",multiple
Entertainment: Books,easy,"Who wrote the young adult novel ""The Fault in Our Stars""?",John Green,"['Stephenie Meyer', 'Suzanne Collins', 'Stephen Chbosky']",multiple
Science: Computers,medium,The first dual-core CPU was the Intel Pentium D.,False,['True'],boolean
General Knowledge,easy,Which of the following nations was NOT a belligerent in World War I?,Denmark,"['Portugal', 'Greece', 'Romania']",multiple
Entertainment: Video Games,easy,"Which popular First Person Shooter (FPS) franchise, got a Real Time Strategy (RTS) game developed based on its universe?",Halo,"['Battlefield', 'Call of Duty', 'Borderlands']",multiple
History,hard,What age was King Henry V when he died?,35,"['62', '87', '73']",multiple
Politics,medium,What is the primary purpose of the Fourth Amendment to the US Constitution?,Preventing unreasonable searches and seizures,"['Preventing cruel and unusual punishments', 'Protecting against imprisonment without due process of law', 'Protecting the right to keep and bear arms']",multiple
Entertainment: Video Games,medium,"In the Mass Effect trilogy, who is the main protagonist?",Shepard,"['Mordin', 'Garrus', 'Thane']",multiple
Entertainment: Video Games,medium,"In the Halo series, what fleet was Thel 'Vadam supreme commander of before being branded an Arbiter?",Fleet of Particular Justice,"['Fleet of Sacred Consecration', 'Fleet of Furious Redemption', 'Fleet of Righteous Vigilance']",multiple
Science: Gadgets,medium,"What is the most significant side venture the popular firearms company, Remington, has pursued?",Typewriters,"['Blenders', 'Ceiling Fans', 'Door Knobs']",multiple
General Knowledge,hard,"In ""Resident Evil 3"", how many inventory slots does Jill have at the start of the game?",8,"['6', '10', '12']",multiple
General Knowledge,easy,Who was the 1st President of Mexico?,Guadalupe Victoria,"['Benito Juárez', 'Miguel Hidalgo Y Costilla', 'Vicente Guerrero']",multiple
Entertainment: Musicals & Theatres,easy,"In the play Oedipus Rex, Oedipus kills his father due to jealousy in loving his mother.",False,['True'],boolean
Science: Mathematics,easy,What's the square root of 49?,7,"['4', '12', '9']",multiple
Art,hard,A typical trait of the Expressionist art movement is to distort the world radically for emotional effect.,True,['False'],boolean
Entertainment: Video Games,easy,Who is the main character in Metal Gear Rising: Revengeance?,Raiden,"['Solid Snake', 'Otacon', 'Revolver Ocelot']",multiple
Entertainment: Film,easy,"Which movie contains the quote, ""Say hello to my little friend!""?",Scarface,"['Reservoir Dogs', 'Heat', 'Goodfellas']",multiple
Entertainment: Video Games,medium,The city of Rockport is featured in which of the following video games?,Need for Speed: Most Wanted (2005),"['Infamous 2', 'Saints Row: The Third', 'Burnout Revenge']",multiple
Entertainment: Music,medium,EDM record label Monstercat is based in which country?,Canada,"['United States', 'Australia', 'United Kingdom']",multiple
Geography,medium,Which is the only US state located entirely within the Appalachia region?,West Virginia,"['Pennsylvania', 'Alabama', 'Kentucky']",multiple
History,medium,What was the unofficial name for Germany between 1919 and 1933?,Weimar Republic,"['German Democratic Republic', 'Federal Republic of Germany', 'Oesterreich ']",multiple
Entertainment: Film,easy,"""Minions"" was released on the June 10th, 2015.",False,['True'],boolean
Entertainment: Video Games,medium,"Who is the main character of ""Metal Gear Solid 3""?",Naked Snake,"['Solid Snake', 'Liquid Snake', 'Venom Snake']",multiple
Entertainment: Video Games,easy,"Before it's redesign of the company logo in the year 2000, which 3D shape is NOT represented in the Electronic Arts logo?",Cylinder,"['Pyramid', 'Cube', 'Sphere']",multiple
Geography,medium,What is the capital of Chile?,Santiago,"['Valparaíso', 'Copiapó', 'Antofagasta']",multiple
Entertainment: Books,medium,"In the children's book series, where is Paddington Bear originally from?",Peru,"['India', 'Iceland', 'Canada']",multiple
Entertainment: Video Games,hard,"In what year was the game ""Eliminator"" released?",1998,"['2000', '1999', '2001']",multiple
Animals,easy,"The Kākāpō is a large, flightless, nocturnal parrot native to which country?",New Zealand,"['South Africa', 'Australia', 'Madagascar']",multiple
General Knowledge,easy,The Lego Group was founded in 1932.,True,['False'],boolean
Geography,medium,Australia is greater than Greenland in size.,True,['False'],boolean
Entertainment: Books,medium,"Where does Stephen King's ""IT"" take place?","Derry, Maine","['Rockford, Illinois', 'Innsmouth, Massachusetts', 'Kingsland, Texas']",multiple
Geography,easy,What is the nickname for the US state Delaware?,The First State,"['The Fiftieth State', 'The Second State', 'The Sixteenth State']",multiple
Entertainment: Video Games,medium,What was the name of the device used by Scarecrow in Batman: Arkham Knight to cover Gotham in fear gas?,The Cloudburst,"['The Fear Bomb', 'The Fearburst', 'Cloud Dispersal System']",multiple
Entertainment: Television,medium,"In the TV series Red Dwarf, Kryten's full name is Kryten 2X4B-523P.",True,['False'],boolean
Entertainment: Japanese Anime & Manga,easy,Which Pokémon and it's evolutions were banned from appearing in a main role after the Episode 38 Incident?,The Porygon Line,"['The Pikachu Line', 'The Elekid Line', 'The Magby Line']",multiple
Entertainment: Film,easy,Which actor plays Obi-Wan Kenobi in Star Wars Episodes I-III?,Ewan McGregor,"['Alec Guinness', 'Hayden Christensen', 'Liam Neeson']",multiple
Science & Nature,medium,What is the lowest layer of the Earth's atmosphere named?,Troposphere,"['Stratosphere', 'Mesosphere', 'Thermosphere']",multiple
Geography,hard,"What is the most common climbing route for the second highest mountain in the world, K2?",Abruzzi Spur,"['Magic Line', 'Cesen Route', 'Polish Line']",multiple
Entertainment: Music,medium,"The 1952 musical composition 4'33"", composed by prolific American composer John Cage, is mainly comprised of what sound?",Silence,"['Farts', 'People talking', 'Cricket chirps']",multiple
Entertainment: Music,medium,Which of the following music bands is not from Finland?,Sabaton,"['Apocalyptica', 'Waltari', 'Lordi']",multiple
General Knowledge,easy,Gouda cheese is from which European country?,The Netherlands,"['Belgium', 'Germany', 'France']",multiple
Celebrities,hard,Billy Herrington is from which US state?,New York,"['Arizona', 'California', 'Georgia']",multiple
Entertainment: Music,medium,Which of the Beatles band members is barefoot on the front cover of the 'Abbey Road' album?,Paul McCartney,"['Ringo Starr', 'George Harrison', 'John Lennon']",multiple
Entertainment: Video Games,easy,"In Team Fortress 2, being disguised as a scout or medic results in a speed boost.",False,['True'],boolean
Science & Nature,easy,The biggest distinction between a eukaryotic cell and a prokaryotic cell is:,The presence or absence of a nucleus,"['The overall size', 'The presence or absence of certain organelles', 'The mode of reproduction']",multiple
Science & Nature,medium,A positron is an antiparticle of a what?,Electron,"['Neutron', 'Proton', 'Photon']",multiple
Geography,easy,What country is the second largest in the world by area?,Canada,"['Russia', 'China', 'United States of America']",multiple
Entertainment: Books,easy,In what Harry Potter book was a Horcrux first encountered?,The Chamber of Secrets,"['The Half-Blood Prince', 'The Goblet of Fire', 'The Deathly Hallows']",multiple
Sports,easy,What was the final score of the Germany vs. Brazil 2014 FIFA World Cup match?,7 - 1,"['0 - 1', '3 - 4', '16 - 0']",multiple
Entertainment: Film,hard,"In what year does Jurassic World open in the ""Jurassic Park"" universe?",2005,"['2007', '2015', '2020']",multiple
General Knowledge,hard,"Which product did Nokia, the telecommunications company, originally sell?",Paper,"['Phones', 'Computers', 'Processors']",multiple
Entertainment: Music,easy,"Which rap group released the album ""Straight Outta Compton""?",N.W.A,"['Wu-Tang Clan', 'Run-D.M.C.', 'Beastie Boys']",multiple
Entertainment: Board Games,easy,What is the maximum level you can have in a single class in Dungeons and Dragons (5e)?,20,"['30', '15', '25']",multiple
Sports,hard,Who did Drew Brees pass in all time NFL passing yards in 2018?,Peyton Manning,"['Tom Brady', 'Dan Marino', 'Joe Montana']",multiple
Entertainment: Television,medium,"In what year did ""The Big Bang Theory"" debut on CBS?",2007,"['2008', '2006', '2009']",multiple
Entertainment: Video Games,hard,In which video game did Michael Fassbender star?,Fable 3,"['Call of Duty: Modern Warfare', ""Assassin's Creed 3"", 'Red Dead Redemption']",multiple
Entertainment: Cartoon & Animations,medium,"Bugs Bunny, Tony the Tiger, and other bipedal animal characters are known as what type of character?",Anthropomorphic,"['Anthropolegic ', 'Anthrologic', 'Anthrogenetic']",multiple
Entertainment: Cartoon & Animations,easy,Who is the only voice actor to have a speaking part in all of the Disney Pixar feature films? ,John Ratzenberger,"['Tom Hanks', 'Dave Foley', 'Geoffrey Rush']",multiple
Geography,hard,The two largest ethnic groups of Belgium are Flemish and Walloon. ,True,['False'],boolean
Entertainment: Video Games,easy,Each piece in Tetris is called a tetris.,False,['True'],boolean
Sports,medium,Which darts player has won the most World Championship titles?,Phil Taylor,"['Michael van Gerwen', 'Raymond van Barneveld', 'Eric Bristow']",multiple
Entertainment: Books,hard,"In Margaret Atwood's ""The Handmaid's Tale"", what is Offred's real name is implied to be?",June,"['August', 'April', 'May']",multiple
History,medium,In what year did the Berlin Wall fall?,1989,"['1987', '1991', '1993']",multiple
History,medium,What year did the Boxing Day earthquake & tsunami occur in the Indian Ocean?,2004,"['2006', '2008', '2002']",multiple
Entertainment: Video Games,easy,Which member of the Velvet Room is not a playable character in Persona 4 Arena Ultimax?,Theodore,"['Elizabeth', 'Margaret', 'Marie']",multiple
Entertainment: Television,easy,Which character was played by Dustin Diamond in the sitcom 'Saved by the Bell'?,Screech,"['Zack', 'Mr. Belding', 'A.C. Slater']",multiple
Entertainment: Video Games,easy,"In ""Undertale"", how many main endings are there?",3,"['2', '5', '13']",multiple
Entertainment: Television,easy,"In the TV show 'M*A*S*H', what was the nickname of Corporal Walter O'Reilly?",Radar,"['Hawkeye', 'Hot Lips', 'Trapper']",multiple
Animals,easy,The internet browser Firefox is named after the Red Panda.,True,['False'],boolean
General Knowledge,easy,"If you are traveling at a speed of 80 mph, how long will it take you to drive 80 miles?",60 minutes,"['90 minutes', '30 minutes', '50 minutes']",multiple
History,easy,In which year was Nelson Mandela released from prison,1990,"['1994', '1992', '1980']",multiple
Entertainment: Film,hard,Which movie did NOT feature the late actor John Candy?,Ghostbusters,"['Little Shop Of Horrors', 'Home Alone', 'Planes Trains and Automobiles']",multiple
Entertainment: Japanese Anime & Manga,medium,"Who voices ""Shou Suzuki"" in the English dub of ""Mob Psycho 100""?",Casey Mongillo,"['Ben Diskin', 'Chris Niosi', 'David Naughton']",multiple
Entertainment: Japanese Anime & Manga,easy,What is the last name of Edward and Alphonse in the Fullmetal Alchemist series.,Elric,"['Ellis', 'Eliek', 'Elwood']",multiple
Sports,easy,Roger Federer is a famous soccer player.,False,['True'],boolean
Geography,easy,Which of the following Arab countries does NOT have a flag containing only Pan-Arab colours?,Qatar,"['Kuwait', 'United Arab Emirates', 'Jordan']",multiple
History,medium,What year did Australia become a federation?,1901,"['1910', '1899', '1911']",multiple
Geography,easy,Which city is the biggest in Canada?,Toronto,"['Montreal', 'Vancouver', 'Ottawa']",multiple
Entertainment: Video Games,medium,"Which of these games takes place in the Irish town of Doolin, with the option to play as one of the characters, Ellen and Keats?",Folklore,"['Shadow of the Colossus', 'ICO', 'Beyond Good & Evil']",multiple
Animals,hard,What is the collective noun for vultures?,Wake,"['Ambush', 'Building', 'Gaze']",multiple
Geography,easy,Greenland is almost as big as Africa.,False,['True'],boolean
Entertainment: Musicals & Theatres,easy,"""The Crucible"" was written by William Shakespeare.",False,['True'],boolean
Entertainment: Music,hard,Which lyric is about Red Hot Chili Peppers frontman Anthony Kiedis?,"""A rainy Lithuanian / Is dancing as an Indian""","['""Fly away on, my zephyr / I feel it more than ever""', '""And I liked the dimple in your chin / Your pale blue eyes""', '""You used to be so warm and affectionate...but now you\'re quick to get into your regret""']",multiple
Science & Nature,medium,What is the largest living organism currently known to man?,Honey Fungus,"['Blue Whale', 'Redwood Tree', 'The Coral Reef']",multiple
Science: Computers,easy,What does the term USB stand for?,Universal Serial Bus,"['Universal Simtex Blot', 'Unified Signal Bus', 'Unityped Semtex Backer']",multiple
Entertainment: Film,medium,"Who played the Cenobite called ""Pinhead"" in the original Hellraiser films?",Doug Bradley,"['Doug Jones', 'Doug Savant', 'Doug Benson']",multiple
Entertainment: Music,medium,"With his distinctive red hair, which Italian composer, born in 1678, was known as the 'Red Priest'?",Vivaldi,"['Puccini', 'Verdi', 'Monteverdi']",multiple
General Knowledge,easy,What technology is named after a tenth-century ruler of Denmark and Norway?,Bluetooth,"['Wi-Fi', 'GPS', 'Internet']",multiple
Geography,easy,"Vatican City, the smallest country in the world, is fully enclosed by which country?",Italy,"['France', 'Spain', 'Germany']",multiple
Science & Nature,easy,Which element has the highest melting point?,Carbon,"['Tungsten', 'Platinum', 'Osmium']",multiple
Entertainment: Television,medium,Who composed the theme song for The Simpsons?,Danny Elfman,"['John Williams', 'Hans Zimmer', 'Ennio Morricone']",multiple
Entertainment: Music,medium,Ashley Frangipane performs under the stage name Halsey.,True,['False'],boolean
Entertainment: Video Games,medium,"In which location does Dark Sun Gwyndolin reside in ""Dark Souls""?",Anor Londo,"['Firelink Shrine', 'Blighttown', 'Kiln of the first flame']",multiple
General Knowledge,medium,The sum of all the numbers on a roulette wheel is 666.,True,['False'],boolean
Entertainment: Video Games,medium,"In ""Mother 3,"" the bird on the Ultimate Chimera's head is there only for decoration.",False,['True'],boolean
History,easy,Adolf Hitler was a german soldier in World War I.,True,['False'],boolean
Art,hard,What was the first successful and commercially viable photographic technique?,The Daguerreotype,"['Collodion process', 'The Turin Shroud', 'Kodachrome film']",multiple
Science: Computers,easy,"What does the ""MP"" stand for in MP3?",Moving Picture,"['Music Player', 'Multi Pass', 'Micro Point']",multiple
Entertainment: Music,medium,"The song ""Feel Good Inc."" by British band Gorillaz features which hip hop group?",De La Soul,"['Public Enemy', 'OutKast', 'Cypress Hill']",multiple
Entertainment: Video Games,medium,What is the AK-47's name in Counter Strike: Source?,CV-47,"['AK-74', 'AK', 'CZ-75']",multiple
History,hard,"Before the American colonies switched to the Gregorian calendar in 1752, on what date did their new year start?",March 25th,"['June 1st', 'September 25th', 'December 1st']",multiple
Animals,hard,What is the scientific name of the Budgerigar?,Melopsittacus undulatus,"['Nymphicus hollandicus', 'Pyrrhura molinae', 'Ara macao']",multiple
Entertainment: Japanese Anime & Manga,medium,"In the anime ""Gintama"" which accessory/article of clothing is the character Shinpachi commonly referred to as?",Glasses,"['Nose Ring', 'T-Shirt', 'Underwear']",multiple
Sports,hard,Which city features all of their professional sports teams' jersey's with the same color scheme?,Pittsburgh,"['New York', 'Seattle', 'Tampa Bay']",multiple
Geography,hard,"What North American tourist attraction is served by the ""Maid of the Mist"" tour company?",Niagara Falls,"['Whistler, British Columbia', 'Disney World', 'Yosemite National Park']",multiple
History,medium,"What year did Skoal, a smokeless Tobacco company, release their first line of Pouches, known as ""Skoal Bandits""?",1983,"['1934', '1984', '1822']",multiple
Entertainment: Video Games,easy,Who is Sonic's sidekick?,Tails,"['Shadow', 'Amy', 'Knuckles']",multiple
General Knowledge,hard,"Before the 19th Century, the ""Living Room"" was originally called the...",Parlor,"['Open Room', 'Sitting Room', 'Loft']",multiple
Entertainment: Music,medium,"The cover of The Beatles album ""Abbey Road"" featured a Volkswagen Beetle in the background.",True,['False'],boolean
Science: Mathematics,easy,What is a polygon with eight sides called?,Octagon,"['Hexagon', 'Nanagon', 'Heptagon']",multiple
Sports,medium,Which soccer team won the Copa América Centenario 2016?,Chile,"['Argentina', 'Brazil', 'Colombia']",multiple
Entertainment: Film,hard,"What is the name of the supercomputer located in the control room in ""Jurassic Park"" (1993)?",Thinking Machines CM-5,"['Cray X-MP', 'Cray XK7', 'IBM Blue Gene/Q']",multiple
Geography,medium,"Frankenmuth, a US city nicknamed ""Little Bavaria"", is located in what state?",Michigan,"['Pennsylvania', 'Kentucky', 'Virginia']",multiple
Entertainment: Video Games,hard,"In ""Minecraft"", gold tools are faster than diamond tools.",True,['False'],boolean
Entertainment: Video Games,medium,"Psych-Horror ""Eternal Darkness: Sanity's Requiem"", developed by Silicon Knights in 2002, was published by who and on what platform?",Nintendo® Co. Ltd. | GameCube™,"['Sony® Computer Entertainment™ Inc. | PlayStation® 2', 'Microsoft® Game Studios™ | XBox™', 'Sega® Enterprises Co. Ltd. | Dreamcast™']",multiple
Politics,medium,Who succeeded Joseph Stalin as General Secretary of the Communist Party of the Soviet Union?,Nikita Khrushchev,"['Leonid Brezhnev', 'Mikhail Gorbachev', 'Boris Yeltsin']",multiple
Entertainment: Music,easy,Where does the Mac part of the name Fleetwood Mac come from?,John McVie,"['Christine McVie', 'Mac McAnally', 'David Tennant']",multiple
Entertainment: Film,easy,What was the first monster to appear alongside Godzilla?,Anguirus,"['King Kong', 'Mothra', 'King Ghidora']",multiple
Entertainment: Music,easy,Which singer was featured in Jack Ü (Skrillex & Diplo)'s 2015 song 'Where Are Ü Now'?,Justin Bieber,"['Selena Gomez', 'Ellie Goulding', 'The Weeknd']",multiple
Entertainment: Japanese Anime & Manga,easy,Who is the true moon princess in Sailor Moon?,Sailor Moon,"['Sailor Venus', 'Sailor Mars', 'Sailor Jupiter']",multiple
Geography,hard,What is the land connecting North America and South America?,Isthmus of Panama,"['Isthmus of Suez', 'Urals', 'Australasia']",multiple
Entertainment: Music,easy,Eurobeat is primarily an Italian genre of music.,True,['False'],boolean
Science: Computers,medium,What was the first commerically available computer processor?,Intel 4004,"['Intel 486SX', 'TMS 1000', 'AMD AM386']",multiple
Science: Computers,medium,"Generally, which component of a computer draws the most power?",Video Card,"['Hard Drive', 'Processor', 'Power Supply']",multiple
Geography,easy,Toronto is the capital city of the North American country of Canada.,False,['True'],boolean
Entertainment: Cartoon & Animations,easy,The song 'Little April Shower' features in which Disney cartoon film?,Bambi,"['Cinderella', 'Pinocchio', 'The Jungle Book']",multiple
Entertainment: Video Games,medium,"Which town was Seamus ""Sledge"" Cowden from ""Tom Clancy's Rainbow Six Siege"" born in?",John O'Groats,"['Brawl', 'Kearvaig', 'Talmine']",multiple
Entertainment: Board Games,medium,What special item did the creators of Cards Against Humanity ship for their Black Friday pack?,Bull Feces,"['A Card Expansion', 'A Racist Toy', 'Cat Urine']",multiple
Entertainment: Music,easy,Ozzy Osbourne was the lead singer for what metal band?,Black Sabbath,"['AC/DC', 'Iron Maiden', 'Judas Priest']",multiple
Entertainment: Music,medium,"For his performance at ComplexCon 2016 in Long Beach, California, Skrillex revived his ""Mothership"" set piece for one night only.",True,['False'],boolean
General Knowledge,medium,In which country was the 1992 Summer Olympics Games held?,Spain,"['Russia', 'Korea', 'USA']",multiple
General Knowledge,hard,What is the longest bridge in the world?,"Danyang–Kunshan Grand Bridge, China","['Lake Pontchartrain Causeway, United States', 'King Fahd Causeway Bridge I, Saudi Arabia', 'Sultan Abdul Halim Muadzam Shah Bridge, Malaysia']",multiple
Geography,hard,What is the name of one of the Neo-Aramaic languages spoken by the Jewish population from Northwestern Iraq?,Lishana Deni,"['Hulaulá', 'Lishan Didan', 'Chaldean Neo-Aramaic']",multiple
Mythology,medium,"Which greek god/goddess tossed a golden apple with the words ""for the fairest"" into the middle of the feast of the gods?",Eris,"['Hades', 'Ares', 'Artemis']",multiple
General Knowledge,hard,"If someone said ""you are olid"", what would they mean?",You smell extremely unpleasant.,"['You are out of shape/weak.', 'Your appearance is repulsive.', 'You are incomprehensible/an idiot.']",multiple
Mythology,medium,Which of these Roman gods doesn't have a counterpart in Greek mythology?,Janus,"['Vulcan', 'Juno', 'Mars']",multiple
Science & Nature,medium,"Which planet did the ""Viking 1"" spacecraft send surface images of, starting in 1976?",Mars,"['Saturn', 'Jupiter', 'Venus']",multiple
Art,medium,Which one of these colors are not featured in Mondrian's Broadway Boogie-Woogie?,Green,"['Blue', 'Yellow', 'Red']",multiple
Entertainment: Video Games,hard,"In World of Warcraft lore, who organized the creation of the Paladins?",Alonsus Faol,"['Uther the Lightbringer', 'Alexandros Mograine', 'Sargeras, The Daemon Lord']",multiple
Science: Computers,hard,The IBM PC used an Intel 8008 microprocessor clocked at 4.77 MHz and 8 kilobytes of memory.,False,['True'],boolean
Geography,medium,Which German city is located on the River Isar?,Munich,"['Berlin', 'Hamburg', 'Dortmund']",multiple
Entertainment: Video Games,medium,"Which car is NOT featured in ""Need for Speed: Hot Pursuit 2""?",Toyota MR2,"['Ford Crown Victoria', 'BMW Z8', 'McLaren F1']",multiple
Entertainment: Comics,easy,"Who is the creator of the comic series ""The Walking Dead""?",Robert Kirkman,"['Stan Lee', 'Malcolm Wheeler-Nicholson', 'Robert Crumb']",multiple
Entertainment: Video Games,medium,"Which of these operators from ""Tom Clancy's Rainbow Six Siege"" has the ability to damage reinforced walls?","Jordan ""Thermite"" Trace","['Eliza ""Ash"" Cohen', 'Seamus ""Sledge"" Cowden', 'Dominic ""Bandit"" Brunsmeier']",multiple
General Knowledge,easy,The CEO of tech company Apple following Steve Jobs is named Tim Apple.,False,['True'],boolean
Entertainment: Japanese Anime & Manga,easy,Who is the main character with yellow hair in the anime Naruto?,Naruto,"['Ten Ten', 'Sasuke', 'Kakashi']",multiple
Entertainment: Japanese Anime & Manga,easy,In the anime Seven Deadly Sins what is the name of one of the sins?,Diane,"['Sakura', 'Ayano', 'Sheska']",multiple
Entertainment: Video Games,medium,"In Undertale, how much do Spider Donuts cost in Hotland?",9999G,"['7G', '40G', '12G']",multiple
General Knowledge,easy,Which of the following is not the host of a program on NPR?,Ben Shapiro,"['Terry Gross', 'Ira Glass', 'Peter Sagal']",multiple
History,medium,"John Moses Browning, the designer of the M1918 BAR (Browning Automatic Rifle) was a part of which religion?",Mormon,"['Catholic', 'Jewish', 'Atheist']",multiple
Sports,medium,A stimpmeter measures the speed of a ball over what surface?,Golf Putting Green,"[' Football Pitch', 'Cricket Outfield', 'Pinball Table']",multiple
Entertainment: Cartoon & Animations,medium,"What Cartoon Network show aired its first episode on November 4th, 2013?",Steven Universe,"['Regular Show', 'Adventure Time', 'The Amazing World of Gumball']",multiple
Entertainment: Video Games,medium,"In Call of Duty: Modern Warfare 2, how many consecutive kills does it require to earn the ""Tactical Nuke"" killstreak?",25,"['20', '30', '35']",multiple
General Knowledge,easy,What are Panama hats made out of?,Straw,"['Silk', 'Hemp', 'Flax']",multiple
History,hard,The term Luddite originally applied to disgruntled workers in which industry?,Textile,"['Farming', 'Mining', 'Ceramics']",multiple
Geography,hard,In which city is the Big Nickel located in Canada?,"Sudbury, Ontario","['Calgary, Alberta', 'Halifax, Nova Scotia ', 'Victoria, British Columbia']",multiple
History,medium,"""I disapprove of what you say, but I will defend to the death your right to say it"" is a quote from French philosopher Voltaire.",False,['True'],boolean
Entertainment: Film,hard,"The weapon Clint Eastwood uses in ""Dirty Harry"" was a .44 Automag.",False,['True'],boolean
Entertainment: Video Games,easy,"In ""Space Station 13"",  the station has a clown aboard it.",True,['False'],boolean
General Knowledge,medium,"According to the BBPA, what is the most common pub name in the UK?",Red Lion,"['Royal Oak', 'White Hart', ""King's Head""]",multiple
Entertainment: Video Games,medium,Who is the half-demon character in Divinity: Original Sin 2 who you talk to to transition between acts?,Malady,"['Meister Siva', 'Gawin', 'Exter']",multiple
Entertainment: Video Games,easy,"In ""Tony Hawk's Underground"", the main character's friend turned rival is named ""Jeff Sampson""",False,['True'],boolean
Entertainment: Music,hard,"What was the name of the cold-war singer who has a song in Grand Theft Auto IV, and a wall landmark in Moscow for his memorial?",Viktor Tsoi,"['Jimi Hendrix', 'Brian Jones', 'Vladimir Vysotsky']",multiple
Entertainment: Music,easy,"What Led Zeppelin album contains ""Stairway to Heaven""?",Led Zeppelin IV,"['Houses of the Holy', 'Physical Graffiti', 'Led Zeppelin III']",multiple
Entertainment: Video Games,medium,"In the video game ""Blue Reflection"", the main protagonist, Hinako Shirai, was a ballet dancer.",True,['False'],boolean
History,hard,Which naval battle was considered the turning point of the Pacific Ocean Theater during World War 2?,Battle of Midway,"['Attack on Truk Island', 'Attack on Pearl Harbor', 'Battle of the Coral Sea']",multiple
History,medium,Which country was an allied power in World War II?,Soviet Union,"['Italy', 'Germany', 'Japan']",multiple
Entertainment: Video Games,medium,"In Overwatch, how old is Reinhardt Wilhelm?",61,"['59', '65', '62']",multiple
Entertainment: Film,medium,"Which DC superhero was NOT included in the 2017 movie ""Justice League""?",Green Arrow,"['Batman', 'Cyborg', 'Wonder Woman']",multiple
Entertainment: Video Games,easy,"The football video game series ""Pro Evolution Soccer"" is developed by which company?",Konami,"['Square Enix', 'Electronic Arts', 'THQ']",multiple
Entertainment: Musicals & Theatres,medium,In which Shakespearean play will you find the suicide of Ophelia?,Hamlet,"['Macbeth', 'Othello', 'King Lear']",multiple
Entertainment: Music,medium,"Which novelty band was best known for their UK chart hits ""Combine Harvester"" and ""I Am a Cider Drinker"" in 1976?",The Wurzels,"['Goldie Lookin Chain', 'Bonzo Dog Doo-Dah Band', 'The Firm']",multiple
Entertainment: Video Games,hard,When was the Valve Corporation founded?,"August 24, 1996","['December 26, 1994', 'March 22, 1997', 'March 13, 1997']",multiple
Entertainment: Music,medium,Which Beatle led the way across the zebra crossing on the Abbey Road album cover?,John,"['Paul', 'George', 'Ringo']",multiple
Science: Computers,easy,The C programming language was created by this American computer scientist. ,Dennis Ritchie,"['Tim Berners Lee', 'al-Khwārizmī', 'Willis Ware']",multiple
Entertainment: Film,medium,"What year did the James Cameron film ""Titanic"" come out in theaters?",1997,"['1996', '1998', '1999']",multiple
History,hard,Which Australian Prime Minister disappeared in 1967 and was never found?,Harold Holt,"['Paul Keating', 'Edmund Barton', 'Scott Morrison']",multiple
Entertainment: Japanese Anime & Manga,easy,"In the 2012 animated film ""Wolf Children"", what are the names of the wolf children?",Ame & Yuki,"['Hana & Yuki', 'Ame & Hana', 'Chuck & Anna']",multiple
Entertainment: Music,hard,"Which of these artists did NOT feature in the fitfh studio album ""Humanz"" by British virtual band Gorillaz?",Snoop Dogg,"['Vince Staples', 'Pusha T', 'Danny Brown']",multiple
Entertainment: Music,hard,Which member of the Wu-Tang Clan had only one verse in their debut album Enter the Wu-Tang (36 Chambers)?,Masta Killa,"['Method Man', 'Inspectah Deck', 'GZA']",multiple
Entertainment: Music,medium,"The band, HEALTH, is called HEALTH because they wanted to choose an everyday word for the band name.",True,['False'],boolean
Entertainment: Music,medium,"Who had a US and UK number 1 hit in 1962 with the instrumental, 'Telstar'?",The Tornados,"['The Ventures', 'The Spotnicks', 'The Tremeloes']",multiple
Science & Nature,medium,"What cell organelle is known as ""the powerhouse of the cell?""",Mitochondria,"['Nucleus', 'Golgi apparatus', 'Endoplasmic reticulum']",multiple
Entertainment: Television,easy,In which state of America was the Fresh Prince of Bel-Air born and raised in?,Pennsylvania,"['Florida', 'California', 'New Jersey']",multiple
Geography,easy,The body of the Egyptian Sphinx was based on which animal?,Lion,"['Bull', 'Horse', 'Dog']",multiple
Entertainment: Television,medium,"Klingons respect their disabled comrades, and those who are old, injuried, and helpless.",False,['True'],boolean
Entertainment: Music,easy,What is the name of Rivers Cuomo's wife?,Kyoko Ito,"['Yoko Ono', 'Kyary Pamyu Pamyu', 'LiSA']",multiple
Entertainment: Film,hard,What was the wifi password given to Stephen Strange in Doctor Strange?,Shambala,"['Peace', 'Ancient', 'Chakra']",multiple
Entertainment: Video Games,easy,"In ""PUBATTLEGROUNDS"" which ammo type does the M24 use?",7.62mm,"['5.56mm', '9mm', '.300 Magnum']",multiple
Entertainment: Japanese Anime & Manga,easy,"Who is the colossal titan in ""Attack On Titan""?",Bertolt Hoover,"['Reiner', 'Eren', 'Sasha']",multiple
Entertainment: Film,medium,"In the movie “The Iron Giant,” this character is the protagonist.",Hogarth Hughes,"['Kent Mansley', 'Dean McCoppin', 'Annie Hughes']",multiple
Geography,medium,Which of these countries is located the FURTHEST away from the South China Sea?,Bangladesh,"['Malaysia', 'Vietnam', 'Philippines']",multiple
Entertainment: Japanese Anime & Manga,hard,"Which one of these characters is from ""Legendz : Tale of the Dragon Kings""?",Shiron,"['Jack', 'Axia', 'Drum']",multiple
Geography,medium,What is the name of the only remaining Grand Duchy in the world ?,Luxembourg,"['Montenegro', 'Liechtenstein', 'Andorra']",multiple
General Knowledge,medium,Which of the following buildings is example of a structure primarily built in the Art Deco architectural style?,Niagara Mohawk Building,"['Taipei 101', 'One Detroit Center', 'Westendstrasse 1']",multiple
Entertainment: Music,medium,Who is the frontman of Muse?,Matt Bellamy,"['Dominic Howard', 'Thom Yorke', 'Jonny Greenwood']",multiple
Entertainment: Film,medium,"In the 1999 movie Fight Club, which of these is not a rule of the ""fight club""?",Always wear a shirt,"['You do not talk about FIGHT CLUB', 'Only two guys to a fight', 'Fights will go on as long as they have to']",multiple
Entertainment: Television,medium,"In ""Star Trek: The Next Generation"", Data is the only android in existence.",False,['True'],boolean
Entertainment: Music,easy,Which term best describes the connection of two sections of a musical piece through a transitional passage?,Bridge,"['Coda', 'Capo', 'Binary Form']",multiple
Sports,hard,The AHL affiliate team of the Boston Bruins is named what?,Providence Bruins,"['New Haven Bruins', 'Cambridge Bruins', 'Hartford Bruins']",multiple
Entertainment: Musicals & Theatres,easy,IMAX stands for Image Maximum.,True,['False'],boolean
Entertainment: Music,easy,"In an orchestra, what is the lowest member of the brass family?",Tuba,"['Trombone', 'Contrabass', 'Bassoon']",multiple
Entertainment: Music,easy,What is the name of Finnish DJ Darude's hit single released in October 1999?,Sandstorm,"['Dust Devil', 'Sirocco', 'Khamsin']",multiple
Politics,easy,Russia passed a law in 2013 which outlaws telling children that homosexuals exist.,True,['False'],boolean
Science & Nature,easy,The Earth and the Moon roughly have the same mass.,False,['True'],boolean
Science & Nature,easy,Igneous rocks are formed by excessive heat and pressure.,False,['True'],boolean
Entertainment: Books,medium,"Who is the author of the series ""Malazan Book of the Fallen""?",Steven Erikson,"['Ian Cameron Esslemont', 'George R. R. Martin', 'J. R. R. Tolkien']",multiple
Sports,medium,What national team won the 2016 edition of UEFA European Championship?,Portugal,"['France', 'Germany', 'England']",multiple
Science & Nature,medium,"Centripetal force is an apparent force that acts outward on a body moving around a center, arising from the body's inertia.",False,['True'],boolean
Entertainment: Video Games,hard,"In the 2014 Pokemon VGC Finals, which Pokemon was famous for bringing the winner to victory?",Pachirisu,"['Garchomp', 'Lapras', 'Primal Groudon']",multiple
Science: Computers,hard,Which of these was the name of a bug found in April 2014 in the publicly available OpenSSL cryptography library?,Heartbleed,"['Shellshock', 'Corrupted Blood', 'Shellscript']",multiple
Vehicles,hard,In 1993 Swedish car manufacturer Saab experimented with replacing the steering wheel with a joystick in a Saab 9000.,True,['False'],boolean
History,easy,"In World War ll, Great Britian used inflatable tanks on the ports of Great Britain to divert Hitler away from Normandy/D-day landing.",True,['False'],boolean
Entertainment: Film,easy,"Who directed ""E.T. the Extra-Terrestrial"" (1982)?",Steven Spielberg,"['Stanley Kubrick', 'James Cameron', 'Tim Burton']",multiple
Entertainment: Television,easy,"In season one of the Netflix political drama ""House of Cards"", what government position does Frank Underwood hold?",House Majority Whip,"['Attorney General', 'President', 'Chief of Staff']",multiple
Science: Computers,easy,"In most programming languages, the operator ++ is equivalent to the statement ""+= 1"".",True,['False'],boolean
Animals,easy,A bear does NOT defecate during hibernation. ,True,['False'],boolean
Geography,medium,The following Spanish provinces are located in the northern area of Spain except:,Murcia,"['Asturias', 'Navarre', 'León']",multiple
Entertainment: Cartoon & Animations,hard,What was the name of Jonny's pet dog in The Adventures of Jonny Quest?,Bandit,"['Lucky', 'Rocky', 'Max']",multiple
Entertainment: Film,medium,"What is the name of the first ""Star Wars"" film by release order?",A New Hope,"['The Phantom Menace', 'The Force Awakens', 'Revenge of the Sith']",multiple
Entertainment: Television,medium,"What is the name of the ""Flash"" and ""Arrow"" spinoff featuring a team of characters that have appeared on both shows?",Legends of Tomorrow,"['Heroes of Tomorrow', 'The Justice Society of America', 'The Justice Society']",multiple
History,medium,United States President Ronald Reagan was the first president to appoint a woman to the Supreme Court. ,True,['False'],boolean
Entertainment: Cartoon & Animations,hard,"Benny, Brain, Fancy-Fancy, Spook and Choo-Choo were known associates of what Hanna Barbera cartoon character?",Top Cat,"['Yogi Bear', 'Snagglepuss', 'Scooby-Doo']",multiple
General Knowledge,medium,"Kraft ""Cheez Whiz"" contains cheese culture, but doesn't actually contain cheese",True,['False'],boolean
Science: Computers,medium,Which of the following is a personal computer made by the Japanese company Fujitsu?,FM-7,"['PC-9801', 'Xmillennium ', 'MSX']",multiple
Entertainment: Music,medium,What was Raekwon the Chefs debut solo album?,Only Built 4 Cuban Linx,"['Shaolin vs Wu-Tang', 'The Wild', 'The Lex Diamond Story']",multiple
Entertainment: Music,medium,"The co-creator of Gorillaz, Damon Albarn, is also the lead singer of what band?",Blur,"['Oasis', 'Radiohead', 'Queens of the Stone Age']",multiple
Science & Nature,medium,Which continent do sweet potatoes originally come from?,South America,"['Asia', 'Africa', 'Europe']",multiple
Entertainment: Comics,medium,"What is the real name of the ""Master Of Magnetism"" Magneto?",Max Eisenhardt,"['Charles Xavier', 'Pietro Maximoff', 'Johann Schmidt']",multiple
General Knowledge,easy,Which of the following blood component forms a plug at the site of injuries?,Platelets,"['Red blood cells', 'White blood cells', 'Blood plasma']",multiple
Science & Nature,easy,"What is the thin, outermost layer of the Earth?",Crust,"['Exosphere', 'Mantle', 'Outer Core']",multiple
Science & Nature,medium,Which of these choices is not one of the phases of mitosis?,Diplophase,"['Metaphase', 'Anaphase', 'Telophase']",multiple
Entertainment: Video Games,medium,"In PROTOTYPE 2, which of the following abilities/weapons is NOT obtained by an Evolved?",Tendrils,"['Blade', 'Bio-Bomb', 'Pack Leader']",multiple
General Knowledge,easy,What alcoholic drink is made from molasses?,Rum,"['Gin', 'Vodka', 'Whisky']",multiple
General Knowledge,easy,French is an official language in Canada.,True,['False'],boolean
History,easy,Abolitionist John Brown raided the arsenal in which Virginia Town?,Harper's Ferry,"['Richmond', 'Harrisonburg', 'Martinsburg']",multiple
Entertainment: Cartoon & Animations,medium,"Before becoming the Autobot leader, Optimus Prime was known by what name on Cybertron?",Orion Pax,"['Long Haul', 'P-138', 'Teletran-1']",multiple
Entertainment: Film,medium,"Which actor plays the role of the main antagonist in the 2011 movie ""Tower Heist?""",Alan Alda,"['Eddie Murphy', 'Alec Baldwin', 'Kevin Nealon']",multiple
Entertainment: Film,medium,"What is the name of the character Nicolas Cage plays in the movie ""National Treasure?""",Benjamin Franklin Gates,"['Thomas Jefferson Walker', 'George Washington Swanson', 'John Quincy Beckett']",multiple
Sports,medium,Which country is hosting the 2022 FIFA World Cup?,Qatar,"['Uganda', 'Vietnam', 'Bolivia']",multiple
Entertainment: Music,medium,"Which album by American rapper Kanye West contained songs such as ""Love Lockdown"", ""Paranoid"" and ""Heartless""?",808s & Heartbreak,"['Late Registration', 'The Life of Pablo', 'Graduation']",multiple
Geography,easy,"Which of the following geographic features is a ring-shaped coral reef, island, or series of islets?",Atoll,"['Peninsula', 'Isthmus', 'Delta']",multiple
Entertainment: Video Games,easy,Which of these video game engines was made by the company Epic Games?,Unreal,"['Unity', 'Game Maker: Studio', 'Cry Engine']",multiple
History,easy,What is widely considered to be the oldest civilization known to mankind?,Sumeria,"['Babylon', 'Assyria', 'Phoenicia']",multiple
Entertainment: Television,easy,"In ""Star Trek"", Klaang is a typical Klingon male.",True,['False'],boolean
Sports,medium,Which Formula 1 driver switched teams in the middle of the 2017 season?,Carlos Sainz Jr.,"['Daniil Kvyat', 'Jolyon Palmer', 'Rio Haryanto']",multiple
History,medium,Brezhnev was the 5th leader of the USSR.,True,['False'],boolean
Science & Nature,hard,It was once believed that injecting shark cartilage into people would prevent them from contracting cancer.,True,['False'],boolean
Science: Computers,medium,Which operating system was released first?,Mac OS,"['Windows', 'Linux', 'OS/2']",multiple
Science: Computers,medium,"A Boolean value of ""0"" represents which of these words?",False,['True'],boolean
Entertainment: Film,medium,"Which musical artist had a prominent role in the 2017 film ""Kingsman: The Golden Circle""?",Elton John,"['Lady Gaga', 'Rihanna', 'Justin Bieber']",multiple
General Knowledge,medium,"What is the Portuguese word for ""Brazil""?",Brasil,"['Brazil', 'Brasilia', 'Brasíl']",multiple
History,medium,Augustus was the cousin of Julius Caesar. ,False,['True'],boolean
Art,hard,"Who painted ""American Gothic""?",Grant Wood,"['Anita Malfatti', 'Pablo Picasso', 'Marc Chagall']",multiple
Science: Gadgets,easy,Which gaming console is developed by Sony?,PlayStation,"['Xbox', 'Atari', 'Nintendo Switch']",multiple
Celebrities,medium,When was Elvis Presley born?,"January 8, 1935","['December 13, 1931', 'July 18, 1940', 'April 17, 1938']",multiple
Entertainment: Video Games,medium,"In the ""Call Of Duty: Zombies"" map ""Der Riese"", what is the name of the ""Pack-A-Punched PPSH-41""?",The Reaper,"['Lamentation', 'The Grim Reaper', 'The Eviscerator  ']",multiple
Entertainment: Video Games,easy,"In ""Super Mario Bros."", the clouds and bushes have the same artwork and are just different colors.",True,['False'],boolean
Geography,medium, What is the only nation that borders both Uruguay and Venezuela?,Brazil,"['Mexico', 'Chile', 'Panama']",multiple
Entertainment: Video Games,easy,"In Need for Speed: Most Wanted (2005), what was the name of the main antagonist?","Clarence ""Razor"" Callahan","['Hector ""Ming"" Domingo', 'Toru ""Bull"" Sato', 'Karl ""Baron"" Smit']",multiple
Entertainment: Video Games,medium,What CS:GO case contains the Butterfly Knife?,Breakout Case,"['Shadow Case', 'Vanguard Case', 'Esports 2014 Case']",multiple
Entertainment: Video Games,hard,What is the name of the main character in the video game VA-11 HALL-A: Cyberpunk Bartender Action?,Jill,"['Dana', 'Alma', 'Anna']",multiple
Science: Computers,medium,What was the first Android version specifically optimized for tablets?,Honeycomb,"['Eclair', 'Froyo', 'Marshmellow']",multiple
Entertainment: Television,easy,Which of the following won the first season of American Idol in 2002?,Kelly Clarkson,"['Justin Guarini', 'Ruben Studdard', 'Chris Daughtry']",multiple
Entertainment: Film,easy,Which film has been critically regarded as the best film of all time?,Citizen Kane,"['Avatar', 'The Godfather Part II', 'The Room']",multiple
Entertainment: Music,medium,"Which band released songs such as ""Electric Feel"", ""Kids"", and ""Time to Pretend""?",MGMT,"['Passion Pit', 'Phoenix', 'Franz Ferdinand']",multiple
History,medium,When was the People's Republic of China founded?,"October 1, 1949","['April 3, 1947', 'May 7, 1945', 'December 6, 1950']",multiple
Entertainment: Television,easy,"Who played Agent Fox Mulder in the TV sci-fi drama ""The X-Files""?",David Duchovny,"['Gillian Anderson', 'Robert Patrick', 'Mitch Pileggi']",multiple
Entertainment: Video Games,hard,"Which of these characters was considered, but ultimately not included, for Super Smash Bros. Melee?",James Bond,"['Diddy Kong', 'Mega Man', 'Wave Racer']",multiple
Entertainment: Music,medium,Which of these is NOT a song by Pegboard Nerds?,WiFi Tears,"['Swamp Thing', 'Emoji', 'BAMF']",multiple
History,easy,Who was the Confederate general in the American Civil War?,Robert E. Lee,"['George A. Custer', 'Ulysses S. Grant', 'George B. McClellan']",multiple
Entertainment: Video Games,easy,"How many times do you fight Gilgamesh in ""Final Fantasy 5""?",6,"['4', '5', '3']",multiple
General Knowledge,medium,"""Typewriter"" is the longest word that can be typed using only the first row on a QWERTY keyboard.",False,['True'],boolean
Entertainment: Video Games,medium,Who is the English voice actor for Sora from the Kingdom Hearts series?,Haley Joel Osment,"['Kōki Uchiyama', 'Jesse McCartney', 'Miyu Irino']",multiple
Science: Gadgets,easy,What is the SI unit for resistance?,Ohms,"['Ampheres', 'Siemens', 'Volts']",multiple
Entertainment: Music,medium,"Which song by Swedish electronic musician Avicii samples the song ""Something's Got A Hold On Me"" by Etta James?",Levels,"['Fade Into Darkness', 'Silhouettes', 'Seek Bromance']",multiple
Entertainment: Music,hard,"Who designed the album cover for True Romance, an album by Estelle?",Rebecca Sugar,"['Matt Burnett', 'Ian Jones Quartey', 'Ben Leven']",multiple
Entertainment: Film,hard,What was the first movie to ever use a Wilhelm Scream?,Distant Drums,"['Treasure of the Sierra Madre', 'The Charge at Feather River', 'Indiana Jones']",multiple
Science & Nature,medium,What is the chemical symbol for lead?,Pb,"['Ld', 'Le', 'Pm']",multiple
Entertainment: Japanese Anime & Manga,medium,Which anime did Seiji Kishi NOT direct?,Another,"['Humanity Has Declined', 'Assassination Classroom', 'Danganronpa: The Animation']",multiple
Science: Mathematics,easy,What is the mathematician Euler's first name?,Leonhard,"['Lionel', 'Andrin', 'Ajan']",multiple
Entertainment: Cartoon & Animations,medium,"What is the cartoon character, Andy Capp, known as in Germany?",Willi Wakker,"['Dick Tingeler', 'Helmut Schmacker', 'Rod Tapper']",multiple
Science: Computers,easy,The NVidia GTX 1080 gets its name because it can only render at a 1920x1080 screen resolution.,False,['True'],boolean
Entertainment: Video Games,medium,What was the #1 selling game on Steam by revenue in 2016?,Sid Meier's Civilization VI,"['Grand Theft Auto V', 'Counter Strike: Global Offensive', 'Dark Souls III']",multiple
History,hard,The assassination of which royal led to the start of World War I?,Archduke Franz Ferdinand,"['Louis Mountbatten', 'King Charles I', 'Nicholas II']",multiple
Entertainment: Books,medium,"In ""Little Women"", which of the March sisters married Laurie?",Amy,"['Beth', 'Jo', 'Meg']",multiple
Entertainment: Japanese Anime & Manga,hard,Who was the Author of the manga Uzumaki?,Junji Ito,"['\tNoboru Takahashi', 'Akira Toriyama', 'Masashi Kishimoto']",multiple
General Knowledge,easy,Studies suggest that approximately 40% of the world population is left-handed.,False,['True'],boolean
Entertainment: Video Games,hard,"In the ""Ace Attorney"" series, who was the truly responsible of the forging of the autopsy report of the pivotal IS-7 incident?",Bansai Ichiyanagi,"['Manfred Von Karma', 'Gregory Edgeworth', 'Tateyuki Shigaraki']",multiple
History,medium,Which Louis was known as 'The Sun King of France'?,Louis XIV,"['Louis XIII', 'Louis XV', 'Louis XVI']",multiple
Animals,medium,"The Ceratosaurus, a dinosaur known for having a horn on the top of its nose, is also known to be a decendent of the Tyrannosaurus Rex.",False,['True'],boolean
Entertainment: Cartoon & Animations,medium,What ability does Princess Sofia the First have from her amulet that allows her to breathe underwater?,Mermaid Transformation,"['Artificial Gills', 'Bubble Head', 'Bubble Shield']",multiple
Entertainment: Music,easy,"Which famous rapper is featured in Jack Ü (Skrillex and Diplo)'s 2015 single called ""Febreze""?",2 Chainz,"['Kendrick Lamar', 'Future', 'Fatman Scoop']",multiple
Science: Computers,medium,What was the name given to Android 4.3?,Jelly Bean,"['Lollipop', 'Nutella', 'Froyo']",multiple
Geography,medium,Which of the following countries is within the Eurozone but outside of the Schengen Area?,Cyprus,"['Malta', 'Greece', 'Portugal']",multiple
History,medium,The Panama Canal was opened to traffic within 30 days of the beginning of World War I.,True,['False'],boolean
Entertainment: Film,medium,"Which famous singer was portrayed by actor Kevin Spacey in the 2004 biographical film ""Beyond the Sea""?",Bobby Darin,"['Louis Armstrong', 'Frank Sinatra', 'Dean Martin']",multiple
Science: Mathematics,medium,E = MC3,False,['True'],boolean
Entertainment: Video Games,medium,One of the Nintendo Entertainment System voice channels supports playback of sound samples. Which one?,DMC,"['Noise', 'Triangle', 'Square']",multiple
Entertainment: Video Games,easy,"Half-Life by Valve uses the GoldSrc game engine, which is a highly modified version of what engine?",Quake Engine,"['Doom Engine', 'id Engine', 'Source Engine']",multiple
History,hard,"In the year 1900, what were the most popular first names given to boy and girl babies born in the United States?",John and Mary,"['Joseph and Catherine', 'William and Elizabeth', 'George and Anne']",multiple
Entertainment: Video Games,hard,"What's the name of the halloween-related Sims 4 Stuff Pack released September 29th, 2015?",Spooky Stuff,"[""Ghosts n' Ghouls"", 'Nerving Nights', 'Fearful Frights']",multiple
General Knowledge,easy,Gumbo is a stew that originated in Louisiana.,True,['False'],boolean
Science & Nature,medium,Which of these is NOT a bone found in the human arm?,Tibia,"['Humerus', 'Ulna', 'Radius']",multiple
Celebrities,medium,"Which American celebrity died in 1977 playing golf in La Moraleja, Madrid?",Bing Crosby,"['Elvis Presley', 'Charlie Chaplin', 'Groucho Marx']",multiple
Science: Computers,hard,What internet protocol was documented in RFC 1459?,IRC,"['HTTP', 'HTTPS', 'FTP']",multiple
Geography,easy,Bosnia and Herzegovina is a country located in the Baltic region in Europe.,False,['True'],boolean
Entertainment: Film,medium,"What Queen song plays during the final fight scene of the film ""Hardcore Henry""?",Don't Stop Me Now,"['Brighton Rock', 'Another Bites the Dust', 'We Will Rock You']",multiple
Sports,easy,What was the year of estabilishment of the Bari Italian Football Club?,1908,"['1945', '2014', '1895']",multiple
Entertainment: Video Games,hard,Which of the following commercial vehicles from Grand Theft Auto IV did NOT reappear in Grand Theft Auto V?,Steed,"['Mule', 'Benson', 'Pony']",multiple
Vehicles,hard,Which Audi does not use Haldex based all wheel drive system?,Audi A8,"['Audi TT', 'Audi S3', 'Audi A3']",multiple
History,easy,Which one of these tanks was designed and operated by the United Kingdom?,Tog II,"['M4 Sherman', 'Tiger H1', 'T-34']",multiple
Entertainment: Video Games,hard,"Which of the Master levels in ""Super Monkey Ball"" is also used in the arcade version of the game, simply named ""Monkey Ball""?",MASTER 9 - Bridge Master,"['MASTER 3 - Stamina Master', 'MASTER 10 - Monkey Master', 'MASTER 6 - Roll Master']",multiple
Sports,medium,Which player has scored the most goals in the England Premier League (EPL)?,Alan Shearer,"['Wayne Rooney', 'Lionel Messi', 'Didier Drogba']",multiple
Entertainment: Film,medium,In which movie does Robin Williams' character have to disguise themselves into a woman?,Mrs. Doubtfire,"['Old Dogs', 'Jumanji', 'Awakenings']",multiple
Entertainment: Television,medium,"Pat Cashman, the announcer for Super Smash Brothers: Brawl, also featured prominently in what famous TV show?",Bill Nye the Science Guy,"['The Muppet Show', 'Scooby-Doo', 'Seinfeld']",multiple
Entertainment: Film,medium,Which one of these actors is said to be cut from the film 'E.T. the Extra-Terrestrial'?,Harrison Ford,"['Michael J. Fox', 'Andy Kaufman', 'Arnold Schwarzenegger']",multiple
General Knowledge,easy,A criminal who has “cooked the books” has engaged in what kind of illegal behavior?,Accounting Fraud,"['Money Laundering', 'Extortion', 'Blackmail']",multiple
General Knowledge,easy,What step in cellular respiration forms ATP?,Oxidative Phosphorylation,"['Glycolysis', 'Pyruvate Oxidation', 'Calvin Cycle']",multiple
History,easy,In what year did the Wall Street Crash take place?,1929,"['1932', '1930', '1925']",multiple
Geography,hard,What country is not a part of Scandinavia?,Finland,"['Norway', 'Sweden', 'Denmark']",multiple
Entertainment: Comics,hard,"What are the names of the two ""Canon fan trolls"" in ""Homestuck""?",Mierfa Durgas and Nektan Whelan,"['The Wrycrown and Voksea Olkido', 'Aikter Frekik and Xagrai Ollomu', 'Grekei Ceknux and Riya Camacho']",multiple
Entertainment: Japanese Anime & Manga,easy,What is the age of Ash Ketchum in Pokemon when he starts his journey?,10,"['11', '12', '9']",multiple
Entertainment: Video Games,medium,Who is the main character in most of the games of the YS series?,Adol Christin ,"[""Character doesn't have a name"", 'Estelle Bright', 'Roger Wilco']",multiple
Geography,medium,What African country has Portuguese as its official language?,Mozambique,"['Botswana', 'Gabon', 'Togo']",multiple
Entertainment: Film,medium,"What is the name of the dog that played Toto in the 1939 film ""The Wizard of Oz""?",Terry,"['Tommy', 'Teddy', 'Toto']",multiple
Entertainment: Video Games,medium,"In the game Silent Hill 2, who was James Sunderland's late wife?",Mary,"['Maria', 'Angela', 'Laura']",multiple
Entertainment: Comics,medium,What is the designation given to the Marvel Cinematic Universe?,Earth-199999,"['Earth-616', 'Earth-10005', 'Earth-2008']",multiple
History,easy,"The Enlightenment was an era of philosophies, advancements, and scientific theories to improve society.",True,['False'],boolean
Entertainment: Video Games,medium,"In Portal 2, the iconic character GLaDOS is turned into:",A potato,"['A tomato', 'A lemon', 'An apple']",multiple
Sports,medium,Which soccer team won the Copa América 2015 Championship ?,Chile,"['Argentina', 'Brazil', 'Paraguay']",multiple
Entertainment: Video Games,easy,What is the name of Team Fortress 2's Heavy Weapons Guy's minigun?,Sasha,"['Betty', 'Anna', 'Diana']",multiple
Entertainment: Video Games,medium,"In Monster Hunter Generations, which of the following monsters are a part of the ""Fated Four""?",Astalos,"['Gore Magala', 'Malfestio', 'Arzuros']",multiple
Entertainment: Television,medium,"Dee from ""It's Always Sunny in Philadelphia"" has dated all of the following guys EXCEPT","Matthew ""Rickety Cricket"" Mara","['Colin the Thief', 'Ben the Soldier', ""Kevin Gallagher aka Lil' Kevin""]",multiple
History,medium,What was the bloodiest single-day battle during the American Civil War?,The Battle of Antietam,"['The Siege of Vicksburg', 'The Battle of Gettysburg', 'The Battles of Chancellorsville']",multiple
Art,medium,What were Marcel Duchamp's readymades?,utilitarian objects elevated to the status of art,"['a series focused on color and light as opposed to line and shape', 'paintings with a barely visible outlined square', 'a group of identical steel boxes jutting from the wall ']",multiple
Entertainment: Video Games,easy,What is Pikachu's National PokéDex Number?,#025,"['#001', '#031', '#109']",multiple
Entertainment: Japanese Anime & Manga,hard,"In the anime, ""Hunter X Hunter"", what is the main protagonist's name?",Gon,"['Gin', 'Gan', 'Gen']",multiple
Science: Computers,medium,Linus Torvalds created which of these?,Linux,"['Microsoft Windows', 'Python', 'Wikipedia']",multiple
Entertainment: Video Games,hard,What is the name of the alligator in Where's My Water?,Swampy,"['Cranky', 'Crocky', 'Justice']",multiple
Geography,medium,Which is the smallest country in the world?,Vatican City,"['Lesotho', 'Monaco City', 'Titania']",multiple
Vehicles,medium,"When BMW was established in 1916, it was producing automobiles.",False,['True'],boolean
General Knowledge,medium,What year was Walt Disney born?,1901,"['1902', '1903', '1900']",multiple
Science: Computers,medium,"In computing terms, typically what does CLI stand for?",Command Line Interface,"['Common Language Input', 'Control Line Interface', 'Common Language Interface']",multiple
Science & Nature,medium,On which mission did the Space Shuttle Columbia break up upon re-entry?,STS-107,"['STS-51-L', 'STS-61-C', 'STS-109']",multiple
General Knowledge,medium,"Which of these is the name of a Japanese system of alternative medicine, literally meaning ""finger pressure""?",Shiatsu,"['Ukiyo', 'Majime', 'Ikigai']",multiple
Entertainment: Video Games,easy,Which of these is NOT a team available in the game Pokémon Go?,Team Rocket,"['Team Instinct', 'Team Valor', 'Team Mystic']",multiple
Sports,easy,What is the name of Manchester United's home stadium?,Old Trafford,"['Anfield', 'City of Manchester Stadium', 'St James Park']",multiple
Entertainment: Japanese Anime & Manga,hard,"In the Naruto manga, what is the last name of Tsunade?",Senju,"['Haruno', 'Uzumaki', 'Yamanaka']",multiple
Science & Nature,medium,Which of these stars is the largest?,UY Scuti,"['VY Canis Majoris', 'Betelgeuse', 'RW Cephei']",multiple
General Knowledge,easy,"The American company ""Campbell's"" is most well known for making what food product?",Canned soups,"['Chocolate', 'Soft drinks', 'Sausages']",multiple
Geography,easy,"Washington, D.C. is considered a US state.",False,['True'],boolean
Animals,medium,Sea sponges can have hearts.,False,['True'],boolean
Entertainment: Video Games,hard,Which one of these characters appeared in Marvel vs Capcom: Infinite? ,Firebrand,"['Wolverine', 'Dr. Doom', 'Jill Valentine']",multiple
Entertainment: Television,hard,Which of these in the Star Trek series is NOT Klingon food?,Hors d'oeuvre,"['Racht', 'Gagh', 'Bloodwine']",multiple
Entertainment: Video Games,medium,Who created the Final Fantasy series developed by Square Enix?,Hironobu Sakaguchi,"['Yuji Horii', 'Akira Toriyama', 'Tetsuya Nomura']",multiple
Entertainment: Music,easy,A classic 1976 song by Blue Oyster Cult features the advice “Don’t Fear The” what?,Reaper,"['Dark', 'Silence', 'Clowns']",multiple
Science & Nature,easy,The medical term for the belly button is which of the following?,Umbilicus,"['Nevus', 'Nares', 'Paxillus']",multiple
Entertainment: Video Games,easy,Which Super Mario video game when they introduce Bowser Jr. for the first time?,Super Mario Sunshine,"['Mario Party series', 'Super Mario Galaxy', ""Mario & Luigi: Bowser's Inside Story + Bowser Jr.'s Journey""]",multiple
Entertainment: Books,hard,"In the Harry Potter universe, who does Draco Malfoy end up marrying?",Astoria Greengrass,"['Pansy Parkinson', 'Millicent Bulstrode', 'Hermione Granger']",multiple
Science & Nature,hard,Which of the following is a major muscle of the back?,Trapezius,"['Trapezium', 'Trapezoid', 'Triquetrum']",multiple
Politics,easy,"In 2016, the United Kingdom voted to stay in the EU.",False,['True'],boolean
Science: Computers,hard,What vulnerability ranked #1 on the OWASP Top 10 in 2013?,Injection ,"['Broken Authentication', 'Cross-Site Scripting', 'Insecure Direct Object References']",multiple
Science: Mathematics,medium,At what temperature does temp in °C equal temp in °F?,-40,"['+40', '0', '+100']",multiple
Entertainment: Film,hard,"In the ""Jurassic Park"" universe, what was the first dinosaur cloned by InGen in 1986?",Velociraptor,"['Triceratops', 'Troodon', 'Brachiosaurus']",multiple
Science & Nature,hard,Which Landsat Satellite failed to reach orbit?,Landsat 6,"['Landsat 5', 'Landsat 4', 'Landsat 3']",multiple
Entertainment: Music,medium,"""The Day the Music Died"" was a tragic plane crash that killed three musicians in which decade?",50's,"[""60's"", ""70's"", ""40's""]",multiple
Entertainment: Video Games,medium,"What was the code name for the ""Nintendo Gamecube""?",Dolphin,"['Nitro', 'Revolution', 'Atlantis']",multiple
General Knowledge,medium,"Out of these four buildings, which one is the tallest, with a height of 1,483 ft (451.9 m)?","Petronas Twin Towers, Malaysia","['Zifeng Tower, China', 'Trump Intl. Hotel & Tower, United States', 'Al Hamra Tower, Kuwait']",multiple
Politics,hard,Which of these was an official candidate in the 2017 British General Election?,Lord Buckethead,"['James Francis', 'Robert Wimbledon', 'Sir Crumpetsby']",multiple
Vehicles,hard,Which one of these chassis codes are used by BMW 3-series?,E46,"['E39', 'E85', 'F10']",multiple
Entertainment: Video Games,medium,From where does the Nintendo video game character Mario derive his name?,The landlord of the American headquarters,"[""Shigeru Miyamoto's father in law"", ""Satoru Iwata's plumber"", 'The date (Mar 10) that Donkey Kong was released.']",multiple
Celebrities,medium,Which of these people is NOT a part of the Internet comedy group Mega64?,Jon Jafari,"['Rocco Botte', 'Derrick Acosta', 'Shawn Chatfield']",multiple
Entertainment: Film,medium,"In the 1971 film ""Willy Wonka & the Chocolate Factory"", who played Willy Wonka?",Gene Wilder,"['Shia LeBouf', 'Peter Ostrum', 'Johnny Depp']",multiple
General Knowledge,hard,Nephelococcygia is the practice of doing what?,Finding shapes in clouds,"['Sleeping with your eyes open', 'Breaking glass with your voice', 'Swimming in freezing water']",multiple
Entertainment: Japanese Anime & Manga,medium,"What is the name of the final villain in the manga series ""Bleach""?",Yhwach,"['Juha Bach', 'Yuhabah', 'Juhabach']",multiple
Entertainment: Japanese Anime & Manga,easy,"On what medium was ""Clannad"" first created?",Visual novel,"['Anime', 'Manga', 'Light novel']",multiple
Entertainment: Film,easy,Ewan McGregor did not know the name of the second prequel film of Star Wars during and after filming.,True,['False'],boolean
Vehicles,medium,When was Cadillac founded?,1902,"['1964', '1898', '1985']",multiple
Science: Computers,medium,What was Bitcoin's block size limit in 2010?,1 MB,"['1GB', '1 KB', '1 TB']",multiple
History,hard,When was Adolf Hitler appointed as Chancellor of Germany?,"January 30, 1933","['September 1, 1939', 'February 27, 1933', 'October 6, 1939']",multiple
General Knowledge,medium,"What is the German word for ""spoon""?",Löffel,"['Gabel', 'Messer', 'Essstäbchen']",multiple
Entertainment: Video Games,medium,"In the game The World Ends With You, all of these characters act as a game partner with Neku for a week except:",Rhyme,"['Shiki', 'Joshua', 'Beat']",multiple
Entertainment: Music,easy,"What is the name of Death Grips Front Man, MC Ride?",Stefan Burnett,"['Zach Hill', 'Andy Morin', 'Stanley Burrell']",multiple
Science: Mathematics,hard,The French mathematician Évariste Galois is primarily known for his work in which?,Galois Theory,"[""Galois' Continued Fractions"", ""Galois' Method for PDE's "", 'Abelian Integration']",multiple
History,easy,A collection of Sanskrit hymns and verses known as the Vedas are sacred texts in what religion?,Hinduism,"['Judaism', 'Islam', 'Buddhism']",multiple
Entertainment: Video Games,medium,"Which of these characters does not appear in ""Nier: Automata""?",A1,"['A2', '9S', '2B']",multiple
Science & Nature,hard,The value of one Calorie is different than the value of one calorie.,True,['False'],boolean
Entertainment: Music,medium,"Who is the founder and leader of industrial rock band, 'Nine Inch Nails'?",Trent Reznor,"['Marilyn Manson', 'Robin Finck', 'Josh Homme']",multiple
Entertainment: Film,medium,"Ed Koch, the Mayor of New York in 1984, played himself in which Muppets movie?",The Muppets Take Manhattan,"['The Great Muppet Caper', 'The Muppet Christmas Carol', 'The Muppet Movie']",multiple
History,easy,Which of the following ancient peoples was NOT classified as Hellenic (Greek)?,Illyrians,"['Dorians', 'Achaeans', 'Ionians']",multiple
Entertainment: Video Games,medium,Which soccer player is featured on the cover of EA Sport's FIFA 18?,Cristiano Ronaldo,"['Lionel Messi', 'Neymar', 'Harry Kane']",multiple
General Knowledge,medium,"The French word for ""glass"" is ""glace"".",False,['True'],boolean
General Knowledge,medium,In what year was McDonald's founded?,1955,"['1964', '1951', '1947']",multiple
Science & Nature,easy,What is the hottest planet in the solar system,Venus,"['Jupiter', 'Mercury ', 'Mars']",multiple
Entertainment: Books,medium,"In Romance of the Three Kingdoms, who was not a member of the Peach Garden Oath?",Zhao Yun,"['Liu Bei', 'Guan Yu', 'Zhang Fei']",multiple
Entertainment: Video Games,medium,"What is the name of the common, gun-toting enemies of the ""Oddworld"" video game series?",Sligs,"['Scrabs', 'Slogs', 'Glukkons']",multiple
Geography,easy,"Which European city is known as the ""City of Light""?",Paris,"['Rome', 'London', 'Madrid']",multiple
General Knowledge,medium,What year was Apple Inc. founded?,1976,"['1978', '1980', '1974']",multiple
History,hard,The man that shot Alexander Hamilton was named Aaron Burr.,True,['False'],boolean
General Knowledge,easy,Who is the author of Jurassic Park?,Michael Crichton,"['Peter Benchley', 'Chuck Paluhniuk', 'Irvine Welsh']",multiple
Entertainment: Music,hard,What was the last Aphex Twin album released before his decade-long hiatus?,Drukqs,"['Windowlicker', 'Syro', 'Collected Ambient Works 85-92']",multiple
Politics,medium,Who became Prime Minister of the United Kingdom in July 2016?,Theresa May,"['Boris Johnson', 'David Cameron', 'Tony Blair']",multiple
Entertainment: Japanese Anime & Manga,easy,"What name is the main character Chihiro given in the 2001 movie ""Spirited Away""?",Sen (Thousand),"['Hyaku (Hundred)', 'Ichiman (Ten thousand)', 'Juu (Ten)']",multiple
General Knowledge,medium,When was the Declaration of Independence approved by the Second Continental Congress?,"July 4, 1776","['May 4, 1776', 'June 4, 1776', 'July 2, 1776']",multiple
Entertainment: Video Games,medium,"Which of the following is not a prosecutor in the ""Ace Attorney"" video game series?",Jake Marshall,"['Godot', 'Miles Edgeworth', 'Jacques Portsman']",multiple
Sports,hard,"In Canadian football, scoring a rouge is worth how many points?",1,"['2', '3', '4']",multiple
Entertainment: Television,easy,"Who played the Waitress in the Spam sketch of ""Monty Python's Flying Circus""?",Terry Jones,"['Eric Idle', 'Graham Chapman', 'John Cleese']",multiple
Animals,medium,What is the world's longest venomous snake?,King Cobra,"['Green Anaconda', 'Inland Taipan', 'Yellow Bellied Sea Snake']",multiple
Entertainment: Film,medium,In which African country was the 2006 film 'Blood Diamond' mostly set in?,Sierra Leone,"['Liberia', 'Burkina Faso', 'Central African Republic']",multiple
Entertainment: Film,easy,"This movie contains the quote, ""I feel the need ... the need for speed!""",Top Gun,"['Days of Thunder', 'The Color of Money', 'Cocktail']",multiple
Entertainment: Video Games,medium,"What is the name of Cream the Rabbit's mom in the ""Sonic the Hedgehog"" series?",Vanilla,"['Peach', 'Strawberry', 'Mint']",multiple
Entertainment: Music,easy,"Whose albums included ""Back in Black"" and ""Ballbreaker""?",AC/DC,"['Iron Maiden', 'Black Sabbath', 'Metallica']",multiple
Entertainment: Music,hard,"Who sings the rap song ""Secret Wars Part 1""?",The Last Emperor,"['MC Frontalot', 'Busdriver', 'Masta Killa']",multiple
Entertainment: Comics,medium,"What is the name of the comic about a young boy, and a tiger who is actually a stuffed animal?",Calvin and Hobbes,"['Winnie the Pooh', 'Albert and Pogo', 'Peanuts']",multiple
General Knowledge,medium,What are the three starter Pokemon available in Pokemon Black and White?,"Snivy, Tepig, Oshawott","['Snivy, Fennekin, Froakie', 'Chespin, Tepig, Froakie', 'Chespin, Fennekin, Oshawott']",multiple
Entertainment: Television,medium,"In ""The Simpsons"", what is the real name of ""Comic Book Guy""?",Jeff Albertson,"['Comic Book Guy', 'Edward Stone', 'Jack Richardson']",multiple
History,medium,Which WWII tank ace is credited with having destroyed the most tanks?,Kurt Knispel,"['Michael Wittmann', 'Walter Kniep', 'Otto Carius']",multiple
Entertainment: Music,medium,"In what film was the Michael Jackson song ""Will You Be There"" featured?",Free Willy,"['Sleepless in Seattle', 'Men in Black', 'Bad Boys']",multiple
Entertainment: Television,medium,Which of these television shows makes everyone look under their chair?,Oprah,"['Jimmy Fallon', 'Saturday Night Live', 'Larry Rubert']",multiple
Entertainment: Music,medium,"Which of these songs is NOT in The Beatles' album ""Sgt. Pepper's Lonely Hearts Club Band""?",Strawberry Fields Forever,"['Getting Better', 'Fixing a Hole', 'Lucy in the Sky with Diamonds']",multiple
Entertainment: Video Games,medium,"In which order do you need to hit some Deku Scrubs to open the first boss door in ""Ocarina of Time""?","2, 3, 1","['1, 2, 3', '1, 3, 2', '2, 1, 3']",multiple
Entertainment: Video Games,hard,"In ""Call Of Duty: Zombies"", which map's opening cutscene shows ""Richtofen"" killing another version of himself?",The Giant,"['Shadows Of Evil', 'Der Eisendrache', 'Moon']",multiple
General Knowledge,easy,How tall is the Burj Khalifa?,"2,722 ft","['2,717 ft', '2,546 ft', '3,024 ft']",multiple
Science & Nature,medium,Anatomy considers the forms of macroscopic structures such as organs and organ systems.,True,['False'],boolean
Entertainment: Comics,medium,"Which issue of the ""Sonic the Hedgehog"" comic did Scourge the Hedgehog make his first appearance?",Sonic the Hedgehog #11,"['Sonic Universe #32', 'Sonic the Hedgehog #161', 'Sonic the Hedgehog #47']",multiple
Entertainment: Video Games,medium,"As of February 2019, the ""Donkey Kong Country"" series only had released five games (not counting remakes or ports).",True,['False'],boolean
Science & Nature,medium,Which of these two plates are best know for forming earthquakes and tsunami's? ,Convergent Plate Boundaries/Oceanic Crust,"['Divergent Plate Boundaries/Convergent/Oceanic Crust', 'Transform Plate Boundaries/Divergent Plate Boundaries', 'Oceanic & Continental Crust/Transform Plate Boundaries']",multiple
Geography,easy,Which of these places is a location in Cornwall?,Barcelona,"['Madrid', 'Alicante', 'Lisbon']",multiple
Entertainment: Video Games,medium,"In the Mario series, which game introduced Mario's Backflip ability?",Donkey Kong (Gameboy),"['Super Mario 64', 'Super Mario 3D Land', 'Super Mario Galaxy']",multiple
General Knowledge,easy,"The New York Times slogan is, “All the News That’s Fit to…”",Print,"['Digest', 'Look', 'Read']",multiple
Entertainment: Film,medium,"The movie ""Tron"" received an Oscar nomination for Best Visual Effects.",False,['True'],boolean
Science: Computers,hard,"Lenovo acquired IBM's personal computer division, including the ThinkPad line of laptops and tablets, in what year?",2005,"['1999', '2002', '2008']",multiple
Entertainment: Video Games,medium,"Which German city does the map ""Clubhouse"" in ""Tom Clancy's Rainbow Six Siege"" take place in?",Hannover,"['Berlin', 'Hamburg', 'Munich']",multiple
Entertainment: Video Games,hard,What is the name of the alien species introduced in Shadow the Hedgehog (2005)?,Black Arms,"['The Swarm', 'Black Hive', 'The Eclipse']",multiple
Entertainment: Video Games,medium,What was the first Call of Duty game to include the Zombies gamemode?,Call of Duty: World at War,"['Call of Duty: Black Ops', 'Call of Duty: Modern Warfare 2', 'Call of Duty: Black Ops III']",multiple
Entertainment: Board Games,medium,About how many Slinkys were sold in their first 60 years (from 1945 to 2005)?,300 Million,"['100 Million', '450 Million', '1 Billion']",multiple
Entertainment: Video Games,easy,"In the PAYDAY series, who betrayed the PAYDAY gang that got Hoxton arrested?",Hector,"['Vlad', 'The Dentist', 'The Elephant']",multiple
Vehicles,easy,The LS7 engine is how many cubic inches?,427,"['346', '364', '376']",multiple
Entertainment: Cartoon & Animations,easy,Which of the following is not a Flintstones character?,Lord Rockingham IX,"['Rockhead Slate', 'The Great Gazoo', 'Barney Rubble']",multiple
History,hard,The USS Missouri (BB-63) last served in the Korean War.,False,['True'],boolean
Entertainment: Television,medium,What is the surname of the character Daryl in AMC's show The Walking Dead?,Dixon,"['Grimes', 'Dickinson', 'Dicketson']",multiple
History,medium,"When did L. L. Zamenhof first publish ""Unua Libro"", the first publication describing his international language Esperanto?",1887,"['1897', '1905', '1915']",multiple
Entertainment: Books,easy,"In the novel 1984, written by George Orwell, what is the name of the totalitarian regime that controls Oceania?",INGSOC,"['Neo-Bolshevism', 'Obliteration of the Self', 'Earth Alliance']",multiple
Sports,medium,"The song ""Three Lions"" by the Lightning Seeds was made for which major football event in 1996?",European Championships,"['World Cup', 'Champions League', 'Confederations Cup']",multiple
Geography,easy,In which country is the city of Rio de Janeiro?,Brazil,"['Peru', 'Chile', 'Venezuela']",multiple
Entertainment: Video Games,medium,"When was ""Garry's Mod"" released?","December 24, 2004","['November 13, 2004', 'December 13, 2004', 'November 12, 2004']",multiple
General Knowledge,easy,The New York Subway is the oldest underground in the world.,False,['True'],boolean
Sports,medium,How many premier league trophies did Sir Alex Ferguson win during his time at Manchester United?,13,"['11', '20', '22']",multiple
Sports,medium,What is the exact length of one non-curved part in Lane 1 of an Olympic Track?,84.39m,"['100m', '100yd', '109.36yd']",multiple
Entertainment: Video Games,hard,What programming language does the Source Engine use?,C++ ,"['Python', 'Java', 'Lua']",multiple
General Knowledge,easy,"What does the 'S' stand for in the abbreviation SIM, as in SIM card? ",Subscriber,"['Single', 'Secure', 'Solid']",multiple
Entertainment: Video Games,medium,"In Dead by Daylight, which killer perk applies the mangled effect?",Sloppy Butcher,"['Knock Out', 'Thanatophobia', 'Enduring']",multiple
Geography,easy,What is the capital of Indonesia?,Jakarta,"['Bandung', 'Medan', 'Palembang']",multiple
Entertainment: Japanese Anime & Manga,medium,What is the name of Ryūko Matoi's theme song in the anime Kill la Kill?,Before My Body Is Dry,"[""Don't Lose Your Way"", 'Till I Die', 'Suck Your Blood']",multiple
General Knowledge,easy,Which of the three astronauts of the Apollo 11 spaceflight did NOT walk on the moon?,Michael Collins,"['Buzz Aldrin', 'Neil Armstrong', 'None of them']",multiple
Entertainment: Video Games,medium,"In ""Resident Evil 2"", which virus was William Birkin mutated by?",G-Virus,"['T-Virus', 'C-Virus', 'E-Virus']",multiple
Entertainment: Video Games,hard,"What is the 4th boss in the 1997 video game ""Crash Bandicoot 2: Cortex Strikes Back""?",Dr. N. Gin,"['Dr. Neo Cortex', 'Komodo Brothers', 'Tiny Tiger']",multiple
Geography,medium,What is the only country in the world with a flag that doesn't have four right angles?,Nepal,"['Panama', 'Angola', 'Egypt']",multiple
Science: Mathematics,easy,An equilateral triangle always has every angle measuring 60°.,True,['False'],boolean
Entertainment: Video Games,easy,M.U.G.E.N. is the name for what type of Game Engine?,Fighting Game,"['Platforming Game', 'Shooter Game', 'Puzzle Game']",multiple
Entertainment: Cartoon & Animations,medium,Nickelodeon rejected the pilot to Adventure Time.,True,['False'],boolean
General Knowledge,medium,Macintosh has named six of its operating systems after big cats. What big cat did Macintosh name their 2007 release after? ,Leopard,"['Tiger', 'Panther', 'Puma']",multiple
Entertainment: Board Games,hard,What is the most challenging monster in the Dungeons & Dragons 5th Edition Monster Manual?,Tarrasque,"['Beholder', 'Displacer Beast', 'Lich']",multiple
Entertainment: Music,easy,American rapper Dr. Dre actually has a Ph.D. doctorate.,False,['True'],boolean
Geography,hard,"What is the name of the formerly rich fishing grounds off the island of Newfoundland, Canada?",Grand Banks,"['Great Barrier Reef', 'Mariana Trench', 'Hudson Bay']",multiple
History,easy,What year did World War I begin?,1914,"['1905', '1919', '1925']",multiple
Mythology,easy,The greek god Poseidon was the god of what?,The Sea,"['War', 'Sun', 'Fire']",multiple
Geography,medium,Which is the largest of these 4 islands?,Borneo,"['Great Britain', 'Cuba', 'Madagascar']",multiple
Entertainment: Music,medium,"When was the Prince album ""Purple Rain"" released?",1984,"['1979', '1983', '1981']",multiple
Entertainment: Books,medium,"What is the name of the gang that Ponyboy is a part of in the book, The Outsiders?",The Greasers,"['The Outsiders', 'The Mafia', 'The Socs']",multiple
Entertainment: Comics,medium,"In Marvel Comics, Taurus is the founder and leader of which criminal organization?",Zodiac,"['Scorpio', 'Tiger Mafia', 'The Union']",multiple
Entertainment: Cartoon & Animations,easy,What is the surname of one of the male teachers in the BBC series Postman Pat?,Pringle,"['Walker', 'Dorito', 'Lays']",multiple
Entertainment: Music,easy,"""Sleepyhead"" is the debut single from which Electronic band?",Passion Pit,"['The Chemical Brothers', 'LadyTron', 'Kraftwerk']",multiple
Entertainment: Video Games,medium,"How many regular Sunken Sea Scrolls are there in ""Splatoon""?",27,"['32', '30', '5']",multiple
Entertainment: Video Games,medium,"What CoD ""Deathstreak"" is only featured in Call of Duty : Modern Warfare 2?",Copycat,"[' Martrydom', 'Final Stand', 'Revenge']",multiple
Entertainment: Video Games,medium,"What name does the little headcrab in ""Half Life 2"" have?",Lamarr,"['Jumperr', 'Drett', 'Jerry']",multiple
Entertainment: Musicals & Theatres,medium,"The musical ""Dirty Rotten Scoundrels"" is set in what country?",France,"['USA', 'Germany', 'Sweden']",multiple
General Knowledge,hard,Who founded the Khan Academy?,Sal Khan,"['Ben Khan', 'Kitt Khan', 'Adel Khan']",multiple
History,medium,What was the name of the chemical that was dropped on Vietnam during the Vietnam war?,Agent Orange,"['Phosgene', 'Mustard Gas', 'Hydrogen Cyanide']",multiple
Science & Nature,easy,"What is the common name of the chemical compound ""dihydrogen monoxide""?",Water,"['Methane', 'Ammonia ', 'Laughing Gas']",multiple
Entertainment: Film,easy,"Who starred as Bruce Wayne and Batman in Tim Burton's 1989 movie ""Batman""?",Michael Keaton,"['George Clooney', 'Val Kilmer', 'Adam West']",multiple
Entertainment: Board Games,easy,How many dots are on a single die?,21,"['24', '15', '18']",multiple
Animals,medium,What is the name for a male bee that comes from an unfertilized egg?,Drone,"['Soldier', 'Worker', 'Male']",multiple
Entertainment: Books,medium,Mary Shelley is the author of what classic horror story?,Frankenstein,"['Dracula', 'Strange Case of Dr Jekyll and Mr Hyde', 'The Legend of Sleepy Hollow']",multiple
General Knowledge,easy,Which is the capital of Spain?,Madrid,"['Paris', 'Barcelona', 'Lisboa']",multiple
General Knowledge,easy,How many colors are there in a rainbow?,7,"['8', '9', '10']",multiple
History,medium,In which year did the First World War begin?,1914,"['1930', '1917', '1939']",multiple
Science & Nature,medium,"The ""Tibia"" is found in which part of the body?",Leg,"['Arm', 'Hand', 'Head']",multiple
Entertainment: Video Games,easy,Who stars in Brutal Legend?,Jack Black,"['Kanye West', 'Lemmy', 'Ozzy Osbourne']",multiple
Entertainment: Video Games,easy,"In the game Nuclear Throne, which character starts with the least HP?",Melting,"['Crystal', 'Rebel', 'Yung Venuz (Y.V.)']",multiple
Sports,medium,What is Tiger Woods' all-time best career golf-score?,61,"['65', '63', '67']",multiple
Entertainment: Video Games,medium,"Along with Gabe Newell, who co-founded Valve?",Mike Harrington,"['Robin Walker', 'Marc Laidlaw', 'Stephen Bahl']",multiple
History,medium,Ottoman Empire was created in 1299.,True,['False'],boolean
Entertainment: Video Games,medium,"The scrapped Sonic the Hedgehog 2 level ""Hidden Palace Zone"" was later reused in the iOS port of the game. ",True,['False'],boolean
History,medium,Who was the last Roman emperor in the Year of Four Emperors (69 AD)?,Vespasian,"['Vitellius', 'Otho', 'Galba']",multiple
Entertainment: Japanese Anime & Manga,hard,"Throughout the entirety of ""Dragon Ball Z"", Goku only kills two characters: a miniboss named Yakon and Kid Buu.",True,['False'],boolean
Politics,hard,"George Clinton, Vice President of the United States (1805-1812), is an ancestor of President Bill Clinton.",False,['True'],boolean
Entertainment: Music,easy,"""Friday,"" the single by Rebecca Black, was released in February 10th, 2011.",True,['False'],boolean
Sports,easy,Who won the UEFA Champions League in 2017?,Real Madrid C.F.,"['Atletico Madrid', 'AS Monaco FC', 'Juventus F.C.']",multiple
Entertainment: Television,medium,"What episode of ""Mr. Bean"" saw him trying to prevent people from seeing him naked?",Mr. Bean in Room 426,"['Mr. Bean Goes to Town', 'The Trouble with Mr. Bean', 'Back to School Mr. Bean']",multiple
Entertainment: Music,medium,What is the real name of prominent electronic musician Aphex Twin?,Richard D. James,"['Richard M. Hall', 'Richard W. Wright', 'Richard H. Blackmore']",multiple
History,easy,What was Manfred von Richthofen's nickname?,The Red Baron,"['The High Flying Ace', 'The Blue Serpent ', 'The Germany Gunner']",multiple
Entertainment: Film,easy,"When does ""Rogue One: A Star Wars Story"" take place chronologically in the series?",Between Episode 3 and 4,"['After Episode 6', 'Before Episode 1', 'Between Episode 4 and 5']",multiple
Entertainment: Music,hard,"Who is a pioneer of ""Minimal Music"" in 1960s?",Steve Reich,"['Wolfgang Amadeus Mozart', 'Brian Eno', 'Sigur Rós']",multiple
Science: Mathematics,easy,How many sides does a trapezium have?,4,"['3', '5', '6']",multiple
History,hard,In what year did the Battle of Verdun take place?,1916,"['1917', '1915', '1918']",multiple
Science & Nature,medium,Approximately what percentage of Earth's atmosphere is Oxygen?,21%,"['54%', '78%', '7%']",multiple
Art,easy,Which painting was not made by Vincent Van Gogh?,The Ninth Wave,"['Café Terrace at Night', 'Bedroom In Arles', 'Starry Night']",multiple
Science: Mathematics,easy,What prime number comes next after 19?,23,"['25', '21', '27']",multiple
Entertainment: Video Games,medium,"In the world strategy game 'Sid Meier's Civilization', a programming bug caused the AI depiction of Gandhi to do which of the following?",Become aggressive and launch nuclear strikes,"['Begin speaking in German ', 'Become friendly and trade his entire wealth', 'Launch attacks on his own cities and assets']",multiple
Entertainment: Video Games,medium,"In the 2002 video game ""Kingdom Hearts"", how many playable worlds were there?",14,"['13', '16', '11']",multiple
Science: Computers,easy,"When Gmail first launched, how much storage did it provide for your email?",1GB,"['512MB', '5GB', 'Unlimited']",multiple
Entertainment: Video Games,hard,"Which Kingdom Hearts game featured the cast of ""The World Ends With You""?",Dream Drop Distance,"['Birth By Sleep', '365/2 Days', 'Re:Chain of Memories']",multiple
Science & Nature,easy,What is the standard SI unit for temperature?,Kelvin,"['Fahrenheit', 'Celsius', 'Rankine']",multiple
Science: Gadgets,medium,"iRobot's revolutionary floor-cleaning vacuum, the Roomba, was first invented in 2002",True,['False'],boolean
Art,hard,"How many paint and pastel versions of ""The Scream"" is Norwegian painter Edvard Munch believed to have produced?",4,"['1', '3', '2']",multiple
General Knowledge,medium,Cucumbers are usually more than 90% water.,True,['False'],boolean
General Knowledge,easy,What was the name of the WWF professional wrestling tag team made up of the wrestlers Ax and Smash?,Demolition,"['The Dream Team', 'The Bushwhackers', 'The British Bulldogs']",multiple
Entertainment: Japanese Anime & Manga,easy,"Who is the author of the manga series ""Astro Boy""?",Osamu Tezuka,"['Mitsuteri Yokoyama', 'Takao Saito', 'Yoshihiro Tatsumi']",multiple
Celebrities,medium,What year did radio icon Howard Stern start a job at radio station WNBC?,1982,"['1985', '1984', '1995']",multiple
Geography,hard,How many countries share a land border with Russia? (Not including disputed territories),14,"['12', '10', '8']",multiple
Vehicles,medium,Which one is NOT the function of engine oil in car engines?,Combustion,"['Lubrication', 'Cooling', 'Reduce corrosion']",multiple
Entertainment: Video Games,easy,"In Rust, how many Timed Explosive Charges does it take to destroy a Ladder Hatch?",1,"['3', '2', '5']",multiple
Entertainment: Video Games,easy,"What is the name of ""Team Fortress 2"" update, in which it became Free-to-play?",Über Update,"['Pyromania Update', 'Mann-Conomy Update', 'Engineer Update']",multiple
Science: Mathematics,easy,"The metric prefix ""atto-"" makes a measurement how much smaller than the base unit?",One Quintillionth,"['One Billionth', 'One Quadrillionth', 'One Septillionth']",multiple
Entertainment: Television,hard,"Which country does the YouTuber ""SinowBeats"" originate from?",Scotland,"['England', 'Sweden', 'Germany']",multiple
Entertainment: Television,easy,"Who was the first ever actor to play ""The Doctor"" on ""Doctor Who""?",William Hartnell,"['David Tennant', 'Peter Capaldi', 'Tom Baker']",multiple
Animals,medium,What is the fastest animal?,Peregrine Falcon,"['Golden Eagle', 'Cheetah', 'Horsefly']",multiple
Science: Mathematics,medium,What type of function is x²+2x+1?,Quadratic,"['Rational', 'Linear', 'Exponential']",multiple
Entertainment: Video Games,medium,Which video game earned music composer Mike Morasky the most awards for his work?,Portal 2,"['Left 4 Dead 2', 'Team Fortress 2', 'Counter-Strike: Global Offensive']",multiple
Entertainment: Music,medium,What was Radiohead's first album?,Pablo Honey,"['The Bends', 'Kid A', 'A Moon Shaped Pool']",multiple
Entertainment: Video Games,easy,"In the Video Game, Half-life, what type of US military force starts clearing out the Black Mesa Research Facility?",The HECU,"['Navy Seals', 'The Combine', 'The Marines']",multiple
Entertainment: Video Games,medium,"In Minecraft, which of these ingredients is needed to brew a Potion of Water Breathing?",Pufferfish,"['Ink sac', 'Pumpkin', 'Fishing rod']",multiple
Entertainment: Board Games,easy,How many pieces are there on the board at the start of a game of chess?,32,"['16', '20', '36']",multiple
Entertainment: Video Games,easy,What is Gabe Newell's favorite class in Team Fortress 2?,Spy,"['Heavy', 'Medic', 'Pyro']",multiple
Sports,medium,Who was the topscorer for England national football team?,Wayne Rooney,"['David Beckham', 'Steven Gerrard', 'Michael Owen']",multiple
Entertainment: Video Games,easy,"In the game Dead by Daylight, the killer Michael Myers is refered to as ""The Shape"".",True,['False'],boolean
History,hard,"During the Winter War, the amount of Soviet Union soliders that died or went missing was five times more than Finland's.",True,['False'],boolean
Entertainment: Video Games,medium,"In the ARPG ""Path of Exile,"" what is the highest amount of sockets that an item can have?",6,"['5', '4', '8']",multiple
Entertainment: Cartoon & Animations,medium,"In ""Avatar: The Last Airbender"" and ""The Legend of Korra"", Lavabending is a specialized bending technique of Firebending.",False,['True'],boolean
Entertainment: Video Games,medium,"Who is the main character of the game series ""Ace Attorney"" ?",Phoenix Wright,"['Winston Payne', 'Dahlia Hawthorne ', 'Ash Ketchum']",multiple
Entertainment: Video Games,medium,In which year did the first Monster Hunter game get released?,2004,"['2006', '2005', '2002']",multiple
Entertainment: Music,easy,"John Williams composed the music for ""Star Wars"".",True,['False'],boolean
Geography,medium,Where is the ancient city of Petra located?,Jordan,"['Egypt', 'Israel', 'Italy']",multiple
Entertainment: Video Games,easy,"""Half-Life 2"" runs on the Source Engine.",True,['False'],boolean
Entertainment: Books,hard,"According to Bram Stoker's novel, in which British coastal town did Dracula come ashore?",Whitby,"['Scarborough', 'Brighton', 'Portsmouth']",multiple
Entertainment: Video Games,hard,"In the game Nuclear Throne, what organization chases the player character throughout the game?",The I.D.P.D,"['The Fishmen', 'The Bandits', 'The Y.V.G.G']",multiple
Entertainment: Television,easy,"In the show ""Futurama"" what is Fry's full name?",Philip J. Fry,"['Fry J. Philip', 'Fry Rodríguez', 'Fry Philip']",multiple
Geography,easy,What is the largest hot desert in the world?,Sahara,"['Gobi', 'Mojave', 'Kalahari']",multiple
Entertainment: Video Games,easy,Which of these is NOT a Humongous Entertainment game franchise?,Commander Keen,"['Pajama Sam', 'Putt-Putt', 'Freddi Fish']",multiple
Geography,easy,Which of these African regions does *not* directly border the Democratic Republic of The Congo?,Sudan,"['Central African Republic', 'Tanzania', 'Zambia']",multiple
Entertainment: Television,medium,"From what show is the character ""James Doakes""? ",Dexter,"[""Marvel's Daredevil"", 'Boardwalk Empire', 'The Walking Dead']",multiple
Entertainment: Video Games,easy,Which of the following is not a character in the Street Fighter series?,Mai Shiranui,"['Laura Matsuda', 'Sakura Kasugano', 'Ibuki']",multiple
Entertainment: Video Games,easy,"""Tomb Raider"" icon Lara Croft was originally called...",Laura Cruz,"['Laura Craft', 'Laura Croft', 'Lara Craft']",multiple
Science: Computers,easy,Linux was first created as an alternative to Windows XP.,False,['True'],boolean
Science: Computers,medium,How many bits make up the significand portion of a single precision floating point number?,23,"['8', '53', '15']",multiple
Entertainment: Music,hard,"In the Panic! At the Disco's song ""Nothern Downpour"", which lyric follows 'I know the world's a broken bone'.","""So melt your headaches call it home""","['""So sing your song until you\'re home""', '""So let them know they\'re on their own""', '""So start a fire in their cold stone""']",multiple
Geography,easy,Which continent is considered the largest and most populous continent in the world?,Asia,"['Africa', 'Europe', 'North America']",multiple
Politics,easy,"One of Barack Obama's United States presidential campaign slogan's was ""Yes We Can"".",True,['False'],boolean
Entertainment: Video Games,easy,Minecraft can be played with a virtual reality headset.,True,['False'],boolean
Celebrities,medium,Donald J. Trump's Middle Name is...,John,"['Jeff', 'Jerald', 'Jason']",multiple
Entertainment: Video Games,medium,"In Divinity: Original Sin 2, who is the earliest companion you can acquire?",The Red Prince,"['Fane', 'Sebille', 'Beast']",multiple
Entertainment: Video Games,easy,What was the name of the canceled projected by Blizzard Entertainment that would be later become Overwatch?,Titan,"['Omnic', 'Omega', 'Ghost']",multiple
History,easy,"Which famous world leader is famed for the saying, ""Let them eat cake"", yet is rumored that he/she never said it at all?",Marie Antoinette,"['Czar Nicholas II', 'Elizabeth I', 'Henry VIII']",multiple
General Knowledge,medium,You are allowed to sell your soul on eBay.,False,['True'],boolean
Science & Nature,easy,An average human can go two weeks without water.,False,['True'],boolean
Entertainment: Japanese Anime & Manga,easy,"In the ""Toaru Kagaku no Railgun"" anime,  espers can only reach a maximum of level 6 in their abilities.",False,['True'],boolean
Entertainment: Television,medium,"Which track by ""Massive Attack"" is used for the theme of ""House""? ",Teardrop,"['Protection', 'Angel', 'Black Milk']",multiple
Entertainment: Cartoon & Animations,easy,"Butters Stotch, Pip Pirrup, and Wendy Testaburger are all characters in which long running animated TV series?",South Park,"['The Simpsons', 'Family Guy', ""Bob's Burgers""]",multiple
Entertainment: Video Games,medium,"In vanilla Minecraft, you can make armor out of all BUT which of the following?",Emeralds,"['Diamonds', 'Iron', 'Leather']",multiple
General Knowledge,easy,"When one is ""envious"", they are said to be what color?",Green,"['Red', 'Blue', 'Yellow']",multiple
Sports,hard,Which year was the third Super Bowl held?,1969,"['1968', '1971', '1970']",multiple
General Knowledge,medium,Directly between the Washington Monument and the Reflecting Pool is a memorial to which war?,World War II,"['Vietnam War', 'American Civil War', 'American Revolutionary War']",multiple
Science: Computers,medium,What does the acronym CDN stand for in terms of networking?,Content Delivery Network,"['Content Distribution Network', 'Computational Data Network', 'Compressed Data Network']",multiple
Entertainment: Music,medium,Which of these is not a member of the virtual band Gorillaz?,Phi Cypher,"['Murdoc Niccals', 'Noodle', 'Russel Hobbs']",multiple
Entertainment: Music,easy,"What kind of instrument is a ""Mandolin""?",String,"['Brass', 'Percussion', 'Woodwind']",multiple
General Knowledge,medium,"The lesser-known continuation of the saying ""Curiosity killed the cat..."" is:","""...but satisfaction brought it back.""","['""...and the silent mouse remained thereat.""', '""...which taught it not to do that.""', '""...but death by the truth is better than ignorance.""']",multiple
General Knowledge,hard,This Ghanaian entrepreneur is a pioneer of microlending.,Esther Afua Ocloo,"['Farida Bedwei', 'Ama Ata Aido', 'Sionne Neely']",multiple
Art,medium,Which artist’s studio was known as 'The Factory'?,Andy Warhol,"['Roy Lichtenstein', 'David Hockney', 'Peter Blake']",multiple
Entertainment: Video Games,easy,Who is the leader of the Brotherhood of Nod in the Command and Conquer series?,Kane,"['Joseph Stalin', 'CABAL', 'Yuri']",multiple
Geography,easy,Which nation claims ownership of Antarctica?,"No one, but there are claims.","['United States of America', 'United Nations', 'Australia']",multiple
Entertainment: Video Games,easy,"In what year was ""Metal Gear Solid"" released in North America?",1998,"['1987', '2001', '2004']",multiple
Politics,medium,Who was elected leader of the UK Labour Party in September 2015?,Jeremy Corbyn,"['Ed Miliband', 'David Cameron', 'Theresa May']",multiple
Entertainment: Japanese Anime & Manga,easy,"In Pokémon, Ash's Pikachu refuses to go into a pokeball.",True,['False'],boolean
Geography,easy,Which city is the capital of the United States of America?,Washington D.C,"['Seattle', 'Albany', 'Los Angeles']",multiple
General Knowledge,medium,"The Mexican Beer ""Corona"" is what type of beer?",Pale Lager,"['India Pale Ale', 'Pilfsner', 'Baltic Porter']",multiple
History,medium,Which of the following snipers has the highest amount of confirmed kills?,Simo Häyhä,"['Chris Kyle', 'Vasily Zaytsev', 'Craig Harrison']",multiple
Entertainment: Japanese Anime & Manga,hard,"Which person from ""JoJo's Bizarre Adventure"" does NOT house a reference to a band, artist, or song earlier than 1980?",Giorno Giovanna,"['Josuke Higashikata', 'Jolyne Cujoh', 'Johnny Joestar']",multiple
Entertainment: Music,hard,What was the name of the rock band that Nobuo Uematsu formed that played songs from various Final Fantasy games?,The Black Mages,"['The Final Fantasies', 'The Espers', 'The Rock Summoners']",multiple
Entertainment: Video Games,easy,"In the video game franchise ""Halo"", what is the UNSC's main opposing faction called?",The Covenant,"['The Reckoning', 'The Peoples', 'The Slaughterers']",multiple
Entertainment: Film,medium,"In the 2002 film ""Kung Pow! Enter the Fist"", why was Wimp Lo purposely trained wrong?",As a joke,"['For cheating', 'Revenge', 'To test him']",multiple
History,hard,Which of the following was not one of Joseph Stalin's ten blows during World War II?,Vistula-Oder Offensive,"['Crimean Offensive', 'Leningrad-Novgorod Offensive', 'Operation Bagration']",multiple
Entertainment: Musicals & Theatres,easy,What is Jean ValJean's first prisoner number?,24601,"['9430', '1729', '32769']",multiple
Entertainment: Video Games,hard,Which of these online games was originally named LindenWorld in it's early development?,SecondLife,"['ActiveWorlds', 'IMVU', 'HabboHotel']",multiple
Geography,hard,What is Canada's largest island?,Baffin Island,"['Prince Edward Island', 'Vancouver Island', 'Newfoundland']",multiple
Animals,medium,"A carnivorous animal eats flesh, what does a nucivorous animal eat?",Nuts,"['Nothing', 'Fruit', 'Seaweed']",multiple
Entertainment: Video Games,hard,"In Minecraft, what update did foods like steak become stackable?",Beta 1.8,"['Alpha 1.2.0', 'Release 1.12.1', 'Release 1.7.2']",multiple
History,medium,When did the Crisis of the Third Century begin?,235 AD,"['235 BC', '242 AD', '210 AD']",multiple
Entertainment: Music,hard,Which album was released by Kanye West in 2013?,Yeezus,"['My Beautiful Dark Twisted Fantasy', 'The Life of Pablo', 'Watch the Throne']",multiple
Entertainment: Video Games,medium,"Ellen McLain, the voice of GLaDOS in the Portal game series, is married to the voice actor for which Team Fortress 2 character?",Sniper,"['Heavy', 'Soldier', 'Scout']",multiple
Entertainment: Music,medium,"Dave Grohl recorded the Foo Fighters' debut, ""Foo Fighters,"" by himself.",True,['False'],boolean
History,medium,Which of the following Assyrian kings did NOT rule during the Neo-Assyrian Empire?,Shamshi-Adad III,"['Shalmaneser V', 'Esharhaddon', 'Ashur-nasir-pal II']",multiple
General Knowledge,hard,"What is the romanized Korean word for ""heart""?",Simjang,"['Aejeong', 'Jeongsin', 'Segseu']",multiple
Entertainment: Video Games,medium, Which of these champions from the MOBA 'League of Legends' is NOT a Yordle?,Annie,"['Veigar', 'Tristana', 'Lulu']",multiple
Entertainment: Japanese Anime & Manga,medium,"In ""To Love-Ru: Darkness"", which of the girls attempt making a harem for Rito Yuuki?",Momo Deviluke,"['Yami (Golden Darkness)', 'Haruna Sairenji', 'Mea Kurosaki']",multiple
Entertainment: Comics,medium,"In Calvin and Hobbes, what is the name of the babysitter's boyfriend?",Charlie,"['Dave', 'Charles', 'Nathaniel']",multiple
Geography,easy,What is the official language of Costa Rica?,Spanish,"['English', 'Portuguese', 'Creole']",multiple
Geography,easy,San Marino is the only country completely surrounded by another country.,False,['True'],boolean
Celebrities,hard,How tall is Tom Cruise?,5′ 7″,"['5′ 9″', '5′ 4″', '5′ 5″']",multiple
Entertainment: Japanese Anime & Manga,easy,"In 2013, virtual pop-star Hatsune Miku had a sponsorship with which pizza chain?",Domino's,"[""Papa John's"", 'Pizza Hut', ""Sabarro's""]",multiple
Entertainment: Video Games,hard,"When was the first ""Half-Life"" released?",1998,"['2004', '1999', '1997']",multiple
Entertainment: Cartoon & Animations,easy,Who voices for Ruby in the animated series RWBY?,Lindsay Jones,"['Tara Strong', 'Jessica Nigri', 'Hayden Panettiere']",multiple
Entertainment: Video Games,easy,"In the game Dark Souls, what is the name of the region you're in for the majority of the game?",Lordran,"['Drangleic', 'Oolacile', 'Catarina']",multiple
Animals,hard,"Which species is a ""mountain chicken""?",Frog,"['Chicken', 'Horse', 'Fly']",multiple
History,medium,Who was the first president born in the independent United States?,Martin Van Buren,"['John Adams', 'George Washington', 'James Monroe ']",multiple
Art,easy,Leonardo da Vinci's Mona Lisa does not have eyebrows.,True,['False'],boolean
General Knowledge,easy,Which country developed the AK-47 assault rifle?,Soviet Union,"['Iran', 'Israel', 'Poland']",multiple
Entertainment: Video Games,medium,"Excluding their instructor, how many members of Class VII are there in the game ""Legend of Heroes: Trails of Cold Steel""?",9,"['6', '10', '3']",multiple
Geography,medium,Where is Hadrian's Wall located?,"Carlisle, England","['Rome, Italy', 'Alexandria, Egypt', 'Dublin, Ireland']",multiple
Geography,medium,In which country is located the municipality of Arteijo?,Spain,"['Morocco', 'France', 'Belgium']",multiple
Entertainment: Television,medium,Alan Reed is known for providing the voice of which character?,Fred Flintstone,"['Bugs Bunny', 'Fangface', 'G.I. Joe']",multiple
Entertainment: Video Games,hard,What is the homeworld of the Elites from Halo?,Sanghelios,"['Te', 'Doisac', 'Eayn']",multiple
Celebrities,easy,Aubrey Graham is better known as,Drake,"['Travis Scott', 'Lil Wayne', '2 Chainz']",multiple
Entertainment: Music,medium,Which of these is NOT a name of an album released by American rapper Pitbull?,Welcome to Miami,"['Dale', 'Global Warming', 'Armando']",multiple
Entertainment: Music,hard,Which band is the longest active band in the world with no breaks or line-up changes?,U2,"['Radiohead', 'Rush', 'Rolling Stones']",multiple
Sports,easy,Which of the following sports is not part of the triathlon?,Horse-Riding,"['Cycling', 'Swimming', 'Running']",multiple
Entertainment: Film,medium,"In the 2002 film ""Kung Pow! Enter the Fist"", Master Pain changes his name to what?",Betty,"['Sally', 'Amy', 'Kitty']",multiple
Entertainment: Video Games,medium,Which was the first video game to be produced by development company Rare?,Slalom,"['R.C. Pro-Am', 'Donkey Kong Country', 'Battletoads']",multiple
Entertainment: Television,medium,Which of the following Autobot names in Michael Bay's movies was NOT a name for a Transformer in the original 1980's cartoon?,Mudflap,"['Skids', 'Sideswipe', 'Ratchet']",multiple
Entertainment: Film,easy,"In the movie Gremlins, after what time of day should you not feed Mogwai?",Midnight,"['Evening', 'Morning', 'Afternoon']",multiple
Entertainment: Music,medium,Who is the lead singer of Silverchair?,Daniel Johns,"['Ben Gillies', 'Chris Joannou', 'George Costanza']",multiple
Entertainment: Television,easy,"In ""Doctor Who"", the Doctor gets his TARDIS by stealing it.",True,['False'],boolean
Entertainment: Video Games,easy,"In ""Super Mario 3D World"", the Double Cherry power-up originated from a developer accidentally making two characters controllable.",True,['False'],boolean
History,medium,"One of the deadliest pandemics, the ""Spanish Flu"", killed off what percentage of the human world population at the time?",3 to 6 percent,"['6 to 10 percent', '1 to 3 percent', 'less than 1 percent']",multiple
Entertainment: Board Games,hard,What Magic: The Gathering card's flavor text is just 'Ribbit.'?,Turn to Frog,"['Spore Frog', 'Bloated Toad', 'Frogmite']",multiple
Entertainment: Music,hard,"How many members are there in the idol group ""µ's""?",9,"['48', '6', '3']",multiple
Entertainment: Music,medium,Who performed the hit single 'Call Me' for the 1980 film 'American Gigolo'?,Blondie,"['Madonna', 'Tina Turner', 'Janet Jackson']",multiple
Entertainment: Film,medium,"In the 1994 movie ""Speed"", what is the minimum speed the bus must go to prevent to bomb from exploding?",50 mph,"['60 mph', '40 mph', '70 mph']",multiple
Entertainment: Video Games,easy,Who is the main protagonist in the 'Ratchet and Clank' game series?,Ratchet,"['Clank', 'Captin Qwark', 'Dr Nefarious']",multiple
Entertainment: Film,medium,"In the ""Jurassic Park"" universe, what is the name of the island that contains InGen's Site B?",Isla Sorna,"['Isla Nublar', 'Isla Pena', 'Isla Muerta']",multiple
Sports,hard,"Which Italian footballer told Neuer where he's putting his shot and dragging it wide, during the match Italy-Germany, UEFA EURO 2016?",Pelle,"['Insigne', 'Barzagli', 'Giaccherini']",multiple
Art,medium,"Which artist painted “The Treachery of Images,” a painting of a pipe with the description ""this is not a pipe""?",Magritte,"['Matisse', 'Modigliani', 'Munch ']",multiple
General Knowledge,hard,Which of these banks are NOT authorized to issue currency notes in Hong Kong?,OCBC,"['HSBC', 'Standard Chartered', 'Bank of China']",multiple
Entertainment: Video Games,easy,What is the title of song on the main menu in Halo?,Halo,"['Opening Suite', 'Shadows', 'Suite Autumn']",multiple
Entertainment: Cartoon & Animations,hard,"In ""Gravity Falls"", how much does Waddles weigh when Mable wins him in ""The Time Traveler's Pig""?",15 pounds,"['20 pounds', '10 pounds', '30 pounds']",multiple
Entertainment: Music,easy,"The 2011 movie ""The Adventures of Tintin"" was directed by Steven Spielberg.",True,['False'],boolean
Sports,medium,Formula E is an auto racing series that uses hybrid electric race cars.,False,['True'],boolean
Entertainment: Japanese Anime & Manga,hard,"In what year did the manga ""Ping Pong"" begin serialization?",1996,"['2014', '2010', '2003']",multiple
Entertainment: Cartoon & Animations,medium,"In the animated series RWBY, what is the name of the weapon used by Weiss Schnee?",Myrtenaster,"['Gambol Shroud', 'Crescent Rose', 'Ember Celica']",multiple
Entertainment: Television,easy,"In the original Star Trek TV series, what was Captain James T. Kirk's middle name?",Tiberius,"['Trevor', 'Travis', 'Tyrone']",multiple
Entertainment: Film,easy,"In Avengers: Infinity War, where was the Soul Stone located?",Vormir,"['Xandar', 'Knowhere', 'Asgard']",multiple
Politics,easy,"According to the United States Constitution, how old must a person be to be elected President of the United States?",35,"['30', '40', '45']",multiple
Entertainment: Video Games,hard,The creation of the  Entertainment Software Ratings Board (ESRB) is often associated with Mortal Kombat and what FMV video game?,Night Trap,"['Sewer Shark', 'The Daedalus Encounter', 'Corpse Killer']",multiple
Entertainment: Video Games,medium,"The rights to the ""Rayman"" series are owned by which company?",Ubisoft,"['Nintendo', 'EA', 'Sony']",multiple
Entertainment: Video Games,medium,"Who voiced the character Joel in ""The Last of Us""?",Troy Baker,"['Nolan North', 'John DiMaggio', 'Steve Blum']",multiple
Entertainment: Music,medium,In what year did US band Weezer release Weezer (The White Album)?,2016,"['2001', '2008', '2019']",multiple
Entertainment: Film,easy,"In ""Mean Girls"", who has breasts that tell when it's raining?",Karen Smith,"['Gretchen Weiners', 'Janice Ian', 'Cady Heron']",multiple
Science & Nature,easy,Which gas forms about 78% of the Earth’s atmosphere?,Nitrogen,"['Oxygen', 'Argon', 'Carbon Dioxide']",multiple
Geography,medium,"Gibraltar, located just south of the Iberian peninsula, is a territory of which West Europe country?",United Kingdom,"['Spain', 'Portugal', 'France']",multiple
Entertainment: Video Games,medium,"Who voices the infamous Citadel Station A.I known as S.H.O.D.A.N, in the System Shock games?",Terri Brosius,"[' Jennifer Hale', 'Jenn Taylor', 'Lori Alan']",multiple
Science & Nature,medium,What are the smallest blood vessels in the human body?,Capillaries,"['Arterioles', 'Veinules', 'Lymphatics']",multiple
Entertainment: Video Games,easy,"What was the release date of ""Grand Theft Auto IV""?","April 29, 2008","['May 21, 2009', 'June 22, 2010', 'July 28, 2008']",multiple
Entertainment: Television,medium,"In the Netflix show, Stranger Things, what song would Will sing to himself as he was missing?",Should I Stay or Should I Go?,"['Love Will Tear Us Apart', 'This Charming Man', 'Africa']",multiple
Geography,hard,"In the Canadian province of Alberta, the city of Calgary is located further north than the city of Edmonton.",False,['True'],boolean
Science & Nature,hard,Which of the following elements is typically used in the doping of the semiconductor silicon?,Boron,"['Oxygen', 'Carbon', 'Iron']",multiple
Science & Nature,medium,"What was the category of the 2005 hurricane, Hurricane Katrina, in the Saffir-Simpson hurricane wind scale?",Category 5,"['Category 1', 'Category 4', 'Category 2']",multiple
History,medium,"Who famously coined the phrase ""I think, therefore I am""?",Descartes,"['Plato', 'Aristotle', 'Shakespeare']",multiple
Entertainment: Music,medium,Who is the lead singer of The Lumineers?,Wesley Schultz,"['Jeremiah Fraites', 'Jay Van Dyke', 'Neyla Pekarek']",multiple
Entertainment: Video Games,medium,In the Kingdom Heart series who provides the english voice for Master Eraqus?,Mark Hamill,"['Jason Dohring', 'Jesse McCartney', 'Haley Joel Osment']",multiple
Science & Nature,easy,Stars consist mainly of hydrogen and which other gas?,Helium,"['Oxygen', 'Argon', 'Nitrogen']",multiple
Entertainment: Japanese Anime & Manga,easy,"In ""One Piece,"" what color is Tony Tony Chopper's nose?",Blue,"['Black', 'Grey', 'Red']",multiple
Entertainment: Television,easy,Klingons express emotion in art through opera and poetry.,True,['False'],boolean
Entertainment: Japanese Anime & Manga,medium,"In ""Highschool DxD"", what is the name of the item some humans are born with?",Sacred Gear,"['Imperial Arm', 'Hallowed Relic', 'Blessed Artifact']",multiple
Science: Computers,medium,Which of these people was NOT a founder of Apple Inc?,Jonathan Ive,"['Steve Jobs', 'Ronald Wayne', 'Steve Wozniak']",multiple
General Knowledge,medium,"What does the ""G"" mean in ""G-Man""?",Government,"['Going', 'Ghost', 'Geronimo']",multiple
Entertainment: Comics,medium,"In the Hellboy universe, who founded the BPRD?",Trevor Bruttenholm,"['Kate Corrigan', 'Johann Kraus', 'Benjamin Daimio']",multiple
Vehicles,medium,What manufacturer made the car used in Back to the Future?,DeLorean,"['Ford', 'Toyota', 'Daihatsu']",multiple
Entertainment: Television,easy,"In the TV show ""Cheers"", Sam Malone was a former relief pitcher for which baseball team?",Boston Red Sox,"['New York Mets', 'Baltimore Orioles', 'Milwaukee Brewers']",multiple
Science: Mathematics,hard,Which of these did mathematician Leonhard Euler NOT develop?,An improvement to the Fast Fourier Transform,"['A method of solving first-order differential equations', 'An identity linking the numbers e, pi and i', 'A formula linking vertices, edges and faces on a graph']",multiple
Science: Gadgets,hard,Who built the first laser?,Theodore Harold Maiman,"['Nikola Tesla', 'Jack Kilby', 'Edith Clarke']",multiple
Entertainment: Japanese Anime & Manga,medium,"In the ""Sailor Moon"" series, what is Sailor Jupiter's civilian name?",Makoto Kino,"['Minako Aino', 'Usagi Tsukino', 'Rei Hino']",multiple
Entertainment: Video Games,medium,"The Ace Attorney trilogy was suppose to end with ""Phoenix Wright: Ace Attorney − Trials and Tribulations"" as its final game.",True,['False'],boolean
Art,hard,What year was the Mona Lisa finished?,1504,"['1487', '1523', '1511']",multiple
Science & Nature,medium,"What does CPR, the emergency procedure to assist someone who has suffered cardiac arrest, stand for?",Cardiopulmonary resuscitation,"['Chronic pain relief', 'Cancer pain release', 'Contraceptive prevalence rate']",multiple
Science & Nature,medium,What stage of development do the majority of eukaryotic cells remain in for most of their life?,Interphase,"['Prophase', 'Stasis', 'Telophase']",multiple
Entertainment: Video Games,easy,Which of these characters is the mascot of the video game company SEGA?,Sonic the Hedgehog,"['Dynamite Headdy', 'Alex Kidd', 'Opa-Opa']",multiple
Entertainment: Video Games,medium,"In the Portal series, Aperture Science was founded under what name in the early 1940s?",Aperture Fixtures,"['Aperture Lavatories', 'Aperture Science Innovators', 'Wheatley Laboratories']",multiple
Vehicles,hard,There is a Rolls-Royce model called the 'Spectre',False,['True'],boolean
Entertainment: Video Games,medium,Who was the main antagonist of Max Payne 3 (2012)?,Victor Branco,"['Álvaro Neves', 'Armando Becker', 'Milo Rego']",multiple
Geography,easy,What is Canada's smallest province?,Prince Edward Island,"['New Brunswick', 'Nova Scotia', 'Yukon']",multiple
Entertainment: Film,easy,Who plays the character of Po in the Kung Fu Panda movies?,Jack Black,"['Mirana Jonnes', 'McConahey Ramses', 'Jim Petersson']",multiple
Entertainment: Cartoon & Animations,medium,Donald Duck played the role of Bob Cratchit in Disney's 1983 adaptation of A Christmas Carol.,False,['True'],boolean
Sports,medium,Which portuguese island is soccer player Cristiano Ronaldo from?,Madeira,"['Terceira', 'Santa Maria', 'Porto Santo']",multiple
Vehicles,medium,Which of these car models are produced by Lamborghini?,Aventador,"['Huayra', '918', 'Chiron']",multiple
Entertainment: Video Games,medium,Which of these is not the name of a city in the Grand Theft Auto series?,San Andreas,"['San Fierro', 'Las Venturas', 'Vice City']",multiple
Mythology,easy,This Greek goddess's name was chosen for the dwarf planet responsible for discord on Pluto's classification amongst astronomers.,Eris,"['Charon', 'Ceres', 'Dysnomia']",multiple
General Knowledge,medium,What is the last letter of the Greek alphabet?,Omega,"['Mu', 'Epsilon', 'Kappa']",multiple
Celebrities,easy,Tupac Shakur died due to complications from being stabbed in 1996.,False,['True'],boolean
Geography,hard,The Maluku islands (informally known as the Spice Islands) belong to which country?,Indonesia,"['Chile', 'New Zealand', 'Fiji']",multiple
History,hard,"During the Wars of the Roses (1455 - 1487) which Englishman was dubbed ""the Kingmaker""?",Richard Neville,"['Richard III', 'Henry V', 'Thomas Warwick']",multiple
Entertainment: Japanese Anime & Manga,hard,"In which manga did the ""404 Girl"" from 4chan originate from?",Yotsuba&!,"['Azumanga Daioh', 'Lucky Star', 'Clover']",multiple
Geography,medium,The Sonoran Desert is located in eastern Africa.,False,['True'],boolean
Entertainment: Film,medium,What character in the Winnie the Pooh films was added by Disney and does not appear in the original books?,Gopher,"['Tigger', 'Heffalumps', 'Rabbit']",multiple
General Knowledge,hard,What is the airspeed velocity of an unladen swallow?,24 MPH,"['15 MPH', '20 MPH', '200 MPH']",multiple
Geography,medium,What is the capital of Slovakia?,Bratislava,"['Sofia', 'Ljubljana', 'Sarajevo']",multiple
Celebrities,easy,By which name is Ramon Estevez better known as?,Martin Sheen,"['Charlie Sheen', 'Ramon Sheen', 'Emilio Estevez']",multiple
Entertainment: Video Games,medium,Mirror's Edge Catalyst takes place in the City of...?,Glass,"['Mirrors', 'Purity', 'Diamonds']",multiple
Entertainment: Music,medium,Band Aid's 'Do They Know It's Christmas' was recorded to raise awareness of which issue in Ethiopia?,Famine,"['Human rights violations', 'Pollution', 'Terrorism']",multiple
Entertainment: Music,medium,"Which band, with Boy George on lead vocals, won the Brit Awards in 1984?",Culture Club	,"['Eurythmics', 'UB40', 'The Police']",multiple
Animals,medium,"The dish Fugu, is made from what family of fish?",Pufferfish,"['Bass', 'Salmon', 'Mackerel']",multiple
Entertainment: Video Games,medium,"""Rollercoaster Tycoon"" was programmed mostly entirely in...",x86 Assembly,"['C++', 'C', 'ALGOL']",multiple
Science: Computers,medium,"In programming, the ternary operator is mostly defined with what symbol(s)?",?:,"['??', 'if then', '?']",multiple
General Knowledge,medium,"The phrase ""accident waiting to happen"" is an example of what type of figure of speech?",Idiom,"['Simile', 'Metaphor', 'Analogy']",multiple
Science & Nature,medium,The Sun consists of mostly which two elements?,Hydrogen & Helium,"['Hydrogen & Nitrogen', 'Carbon & Nitrogen', 'Carbon & Helium']",multiple
Entertainment: Film,medium,Which former Star Trek actor directed Three Men and a Baby (1987)?,Leonard Nimoy,"['William Shatner', 'George Takei', 'James Doohan']",multiple
Entertainment: Music,medium,EDM label Monstercat signs tracks instead of artists.,True,['False'],boolean
Science: Gadgets,easy,What does GPS stand for?,Global Positioning System,"['Global Personal System', 'General Positioning System', 'General Personal Satellite']",multiple
Entertainment: Film,easy,"The 2002 film ""28 Days Later"" is mainly set in which European country?",United Kingdom,"['France', 'Italy', 'Germany']",multiple
Entertainment: Video Games,hard,How many total monsters appear in Monster Hunter Generations?,105,"['100', '98', '73']",multiple
Entertainment: Board Games,easy,The board game Monopoly takes its street names from which real American city?,"Atlantic City, New Jersey","['Las Vegas, Nevada', 'Duluth, Minnesota', 'Charleston, South Carolina']",multiple
Science & Nature,hard,Which horizon in a soil profile consists of bedrock?,R,"['O', 'B', 'D']",multiple
Vehicles,hard,"In 2014, over 6 million General Motors vehicles were recalled due to what critical flaw?",Faulty ignition switch,"['Malfunctioning gas pedal', 'Breaking fuel lines', 'Faulty brake pads']",multiple
Geography,easy,What is the official language in Liechtenstein?,German,"['French', 'English', 'Italian']",multiple
Entertainment: Music,medium,Which of these songs did Jimi Hendrix cover?,All of these songs,"[""Sgt. Pepper's Lonely Hearts Club Band"", 'All Along the Watchtower', 'House of the Rising Sun']",multiple
Entertainment: Music,medium,Pete Townshend was the first musician to destroy their intrument live on stage.,False,['True'],boolean
Entertainment: Video Games,easy,"In ""Super Mario 64"", collecting 100 coins on a level will give you a 1-UP.",False,['True'],boolean
Entertainment: Video Games,medium,Shang Tsung is a playable character in Mortal Kombat XL.,False,['True'],boolean
Entertainment: Comics,medium,"The success of DC Comics' Swamp Thing, Sandman, and other books in a similar style, led to the creation of what new imprint in 1993?",Vertigo,"['Impact', 'New Universe', 'Red Circle']",multiple
Entertainment: Board Games,hard,"In Magic: The Gathering, which of the following was the first publicly released foil card?",Lightning Dragon,"['Revenant', 'Beast of Burden', 'Dirtcowl Wurm']",multiple
Entertainment: Video Games,easy,"In Five Nights at Freddy's 1, how can you make Golden Freddy disappear?",Enable cameras,"['Turn on the light', 'Shut the door', 'Do nothing']",multiple
Politics,hard,"In June 2017, Saudi Arabia and Egypt broke off ties with which country over its supposed support for terrorism?",Qatar,"['Bahrain', 'United States of America', 'Russia']",multiple
Entertainment: Cartoon & Animations,medium,Which Hanna-Barbera cartoon character travelled with a canine companion named Beegle Beagle?,Grape Ape,"['Boss Gator', 'Wally Gator', 'Yogi Bear']",multiple
Politics,easy,"The S in Harry S. Truman stands for ""Samuel"".",False,['True'],boolean
Entertainment: Music,medium,"In The Bangles' 'Manic Monday', what time is it already?",Six o'clock,"[""Five o'clock"", ""Four o'clock"", ""Seven o'clock""]",multiple
Celebrities,easy,Gwyneth Paltrow has a daughter named...?,Apple,"['Lily', 'French', 'Dakota']",multiple
Entertainment: Video Games,easy,"Who created the 2011 Video Game ""Minecraft""?",Markus Persson,"['Jens Bergensten', 'Daniel Rosenfeld', 'Carl Manneh']",multiple
Entertainment: Video Games,hard,"According to an interview with ""Super Mario Land 2"" game director Hiroji Kiyotake, what is Wario's favorite food?",Crepes,"['Pizza', 'Garlic', 'Cheese']",multiple
Vehicles,easy,The Honda Motor Corporation originates in Japan,True,['False'],boolean
Science: Computers,easy,"The name of the programming language AWK is abbreviated from the names of the developers – Aho, Weinberger, and Kernighan.",True,['False'],boolean
Entertainment: Music,easy,Daft Punk originated in France.,True,['False'],boolean
Animals,easy,Rabbits can't vomit.,True,['False'],boolean
Science: Computers,hard,What does the International System of Quantities refer 1024 bytes as?,Kibibyte,"['Kylobyte', 'Kilobyte', 'Kelobyte']",multiple
General Knowledge,hard,The Quadrangularis Reversum is best described as which of the following?,A percussion instrument,"['A building in Oxford University', 'A chess move', 'A geometric theorem']",multiple
Entertainment: Video Games,medium,"During pre-production of ""Super Mario Bros."", Mario originally was meant to shoot bullets.",True,['False'],boolean
Entertainment: Film,medium,"Which actor plays the character ""Tommy Jarvis"" in ""Friday the 13th: The Final Chapter"" (1984)?",Corey Feldman,"['Macaulay Culkin', 'Mel Gibson', 'Mark Hamill']",multiple
General Knowledge,easy,You can legally drink alcohol while driving in Mississippi.,True,['False'],boolean
General Knowledge,hard,"Spoon theory is a theory, utilizing ""Spoons"" as a metaphor for energy they can use in a day.",True,['False'],boolean
Geography,hard,"Switzerland has four national languages, English being one of them.",False,['True'],boolean
Science & Nature,medium,What is an alternative name for multiple personality disorder?,Dissociative identity disorder,"['Body integrity identity disorder', 'Identity crisis', 'Schizophrenia']",multiple
Entertainment: Film,hard,"In the ""Jurassic Park"" universe, when did ""Jurassic Park: San Diego"" begin construction?",1985,"['1988', '1986', '1993']",multiple
Entertainment: Film,medium,Which one of these action movies are shot entirely in one take?,Victoria,"['Ip Man 2', 'The Bourne Legacy', 'Léon: The Professional']",multiple
Entertainment: Video Games,easy,What video game engine does the videogame Quake 2 run in?,iD Tech 2,"['iD Tech 3', 'iD Tech 1', 'Unreal Engine']",multiple
Entertainment: Japanese Anime & Manga,medium,"What was the reason for the banning of episode 35 of the ""Pokémon Original Series"" Anime?",Gun Usage,"['Flashing Images', 'Jynx', 'Strong Violence']",multiple
Politics,easy,Who was South Africa's first Black President?,Nelson Mandela,"['Mangosuthu Buthelezi', 'Steve Biko ', 'Bishop Tutu']",multiple
General Knowledge,medium,"In what year did Halley's Comet, which will not appear again until the year 2061, previously approach Earth?",1986,"['2001', '1942', '1909']",multiple
Politics,hard,Which letter do you need to have on a European driver license in order to ride any motorbikes?,A,"['X', 'D', 'B']",multiple
Geography,easy,What is the Polish city known to Germans as Danzig?,Gdańsk,"['Warsaw', 'Zakopane', 'Poznań']",multiple
Animals,easy,The Axolotl is an amphibian that can spend its whole life in a larval state.,True,['False'],boolean
Entertainment: Music,medium,"Who performed the guitar solo on Michael Jackson's hit ""Beat It""?",Eddie Van Halen,"['Steve Vai', 'Kirk Hammett', 'Zakk Wylde']",multiple
Geography,hard,Which country is the Taedong River in?,North Korea,"['South Korea', 'Japan', 'China']",multiple
Entertainment: Video Games,hard,"How long are all the cutscenes from Metal Gear Solid 4 (PS3, 2008) combined?",8 hours,"['4 hours', '12 hours', '5 hours']",multiple
Science & Nature,medium,A defibrillator is used to start up a heartbeat once a heart has stopped beating.,False,['True'],boolean
Entertainment: Video Games,hard,"In the Fallout series, on which date did The Great War happen?","October 23rd, 2077","['May 15th, 2058', 'December 14th, 2069', 'November 5th, 2076']",multiple
Entertainment: Video Games,medium,"Which of these is not a DLC vehicle in ""Mario Kart 8""?",Wild Wiggler,"['Bone Rattler', 'B Dasher', '300 SL Roadster']",multiple
Entertainment: Music,easy,"What was the subject of the 2014 song ""CoCo"" by American rapper O. T. Genasis?",Cocaine,"[""Conan O'Brien"", 'Cobalt(II) carbonate', 'Coconut cream pie']",multiple
General Knowledge,easy,"According to the Book of Genesis in the Old Testament, how many days did it take God to create the world?",Six,"['Seven', 'One', 'Twelve']",multiple
Animals,easy,"In 2016, the IUCN reclassified the status of Giant Pandas from endangered to vulnerable.",True,['False'],boolean
Sports,easy,What year did the New Orleans Saints win the Super Bowl?,2010,"['2008', '2009', '2011']",multiple
Art,medium,Vincent van Gogh cut off one of his ears.,True,['False'],boolean
Science: Computers,easy,What does SSD stand for?,Solid State Drive,"['Solution Source Disk', 'Solid State Disk', 'Source Solution Drive']",multiple
Entertainment: Japanese Anime & Manga,medium,"In Dragon Ball Z, who was the first character to go Super Saiyan 2?",Gohan,"['Goku', 'Vegeta', 'Trunks']",multiple
Entertainment: Video Games,medium,Which of these roles in Town of Salem is mafia?,Disguiser,"['Escort', 'Lookout', 'Transporter']",multiple
Entertainment: Video Games,easy,Which race in Guild Wars 2 believes in the Eternal Alchemy?,Asura,"['Humans', 'Norn', 'Charr']",multiple
Entertainment: Comics,hard,What year was the first San Diego Comic-Con?,1970,"['2000', '1990', '1985']",multiple
History,medium,There are 13 months in the Ethiopian calendar.,True,['False'],boolean
Entertainment: Video Games,medium,"What was the original name of  ""Minecraft""?",Cave Game,"['Minecraft: Order of the Stone', 'Dig And Build', 'Infiniminer']",multiple
Science & Nature,medium,Myopia is the scientific term for which condition?,Shortsightedness,"['Farsightedness', 'Double Vision', 'Clouded Vision']",multiple
Entertainment: Video Games,medium,"In the Season One Championship of ""League of Legends"", the highest achievable rank was Diamond.",False,['True'],boolean
Entertainment: Video Games,easy,"In Final Fantasy XIV, what is the name of the Deep Dungeon that was introduced in the expansion pack, Heavensward?",Palace of the Dead,"['Heaven on High', 'Aetherochemical Research Facility', 'Sunken Temple of Qarn']",multiple
Entertainment: Video Games,easy,"In what year was ""Antichamber"" released?",2013,"['2012', '2014', '2011']",multiple
Entertainment: Video Games,medium,How old is Chloe Price in Life is Strange: Before the Storm?,16,"['24', '19', '15']",multiple
Entertainment: Video Games,medium,"Which one of the first four titles of the ""Grand Theft Auto"" franchise started the series of iconic image grid cover arts?",Grand Theft Auto III,"['Grand Theft Auto', 'Grand Theft Auto II', 'Grand Theft Auto Vice City']",multiple
History,medium,When was the Grand Patriotic War in the USSR concluded?,"May 9th, 1945","['September 2nd, 1945', 'August 9th, 1945', 'December 11th, 1945']",multiple
Geography,medium,What was the most populous city in the Americas in 2015?,São Paulo,"['New York', 'Mexico City', 'Los Angeles']",multiple
Entertainment: Video Games,hard,"""Banjo-Kazooie"" originally started its development as a totally different game for the SNES under which codename?",Project Dream,"['Project Ukulele', 'Project Land', 'Project BK']",multiple
Entertainment: Comics,easy,"According to their longtime nickname, what kind of ""duo"" are Batman & Robin?",Dynamic,"['Dangerous', 'Dynastic', 'Delirious']",multiple
Entertainment: Music,medium,"Which Iron Maiden album did the song ""Dream of Mirrors"" feature in?",Brave New World,"['Dance of Death', 'A Matter of Life and Death', 'Somewhere in Time']",multiple
General Knowledge,easy,"What is Cuba's official, most widely spoken language?",Spanish,"['Portuguese', 'French', 'Italian']",multiple
Entertainment: Musicals & Theatres,medium,"In which Shakespeare play does the character Marcellus say, ""Something is rotten in the state of Denmark""?",Hamlet,"['Macbeth', 'King Lear', 'Twelfth Night']",multiple
History,hard,How long did the Warsaw Uprising during World War II last?,63 Days,"['20 Days', '55 Days', '224 Days']",multiple
Entertainment: Music,easy,'The Safety Dance' was the biggest hit single for which Canadian act?,Men Without Hats,"['Crash Test Dummies', 'The Tragically Hip', 'Broken Social Scene']",multiple
History,hard,Which is the hull NO. of the Fletcher class destroyer Fletcher?,DD-445,"['DD-992', 'DD-444', 'DD-446']",multiple
Art,medium,"Pablo Picasso is one of the founding fathers of ""Cubism.""",True,['False'],boolean
Entertainment: Music,easy,Which of these is NOT the name of an album released by English singer-songwriter Adele?,12,"['19', '21', '25']",multiple
History,medium,What year were the Marian Reforms instituted in the Roman Republic?,107 BCE,"['42 BCE', '264 BCE', '102 CE']",multiple
Entertainment: Video Games,easy,"In Overwatch, which ape species is the hero Winston?",Gorilla,"['Orangutan', 'Chimpanzee', 'Gibbon']",multiple
Entertainment: Video Games,medium,"In ""Kingdom Hearts"", who abducts Jasmine in the Lamp Chamber?",Riku,"['Riku Replica', 'Xaldin', 'Captain Hook']",multiple
Entertainment: Japanese Anime & Manga,medium,Which studio animated Soul Eater?,Bones,"['Kyoto Animation', 'xebec', 'Production I.G']",multiple
Entertainment: Japanese Anime & Manga,medium,"Ikki Kurogane is known by what nickname at the beginning of ""Chivalry of a Failed Knight""?",Worst One,"['Another One', 'Blazer', 'Princess']",multiple
Entertainment: Television,easy,"In Game of Thrones, what continent lies across the Narrow Sea from Westeros?",Essos,"['Easteros', 'Westereast', 'Esuntos']",multiple
Entertainment: Music,medium,Which of these is NOT a song featured on Green Day's 21st Century Breakdown album?,She's A Rebel,"['Know Your Enemy', '¿Viva la Gloria? (Little Girl)', 'Before The Lobotomy']",multiple
Entertainment: Musicals & Theatres,medium,"The World Chess Championship in Chess, Act 1 is set in which Italian city?",Merano,"['Venice', 'Milan', 'Rome']",multiple
Entertainment: Film,easy,"Who directed the 2015 movie ""The Revenant""?",Alejandro G. Iñárritu,"['Christopher Nolan', 'David Fincher', 'Wes Anderson']",multiple
Entertainment: Music,easy,"Which artist released the 2012 single ""Harlem Shake"", which was used in numerous YouTube videos in 2013?",Baauer,"['RL Grime', 'NGHTMRE', 'Flosstradamus']",multiple
History,hard,Who was the first man to travel into outer space?,Yuri Gagarin,"['Virgil Ivan ""Gus"" Grissom', 'Neil Armstrong', 'Buzz Aldrin']",multiple
Entertainment: Video Games,medium,Which of the following has Jennifer Taylor NOT voiced?,Sarah Kerrigan,"['Princess Peach', 'Zoey', 'Cortana']",multiple
History,easy,What year did World War II end?,1945,"['1943', '1947', '1950']",multiple
Entertainment: Japanese Anime & Manga,easy,What is the name of the stuffed lion in Bleach?,Kon,"['Jo', 'Urdiu', 'Chad']",multiple
Science: Mathematics,hard,Integration is the reverse of what mathematical operation?,Derivation,"['Division', 'Standard Deviation', 'Multiplication']",multiple
General Knowledge,medium,What nation produces roughly 40% of the world’s vanilla?,Madagascar,"['Indonesia', 'China', 'Mexico']",multiple
Entertainment: Film,easy,"In the movie ""Spaceballs"", what are the Spaceballs attempting to steal from Planet Druidia?",Air,"['The Schwartz', 'Princess Lonestar', 'Meatballs']",multiple
Science: Computers,easy,Which computer language would you associate Django framework with?,Python,"['C#', 'C++', 'Java']",multiple
Entertainment: Video Games,medium,Minecraft wasn’t the original name to Minecraft.,True,['False'],boolean
Entertainment: Video Games,medium,"In ""Overwatch"", what is the name of Mercy's ""ultimate ability""?",Valkyrie,"['Earthshatter', 'Rocket Barrage', 'Molten Core']",multiple
General Knowledge,easy,"In 2010, Twitter and the United States Library of Congress partnered together to archive every tweet by American citizens.",True,['False'],boolean
Science: Computers,medium,"There is only 1 root name server, among 13 in total, that is currently located in Asia.",True,['False'],boolean
Entertainment: Film,medium, In what movie does Eddie Murphy swap identities with Dan Aykroyd?,Trading Places,"['Ghostbusters', 'Coming to America', 'The Blues Brothers']",multiple
Entertainment: Video Games,medium,"Who is the developer of the game ""Rocket League""?",Psyonix,"['People can fly', 'Digital Happiness', 'Roll7']",multiple
Entertainment: Film,medium,Who is revealed to be the villain at the end of the first live action Scooby Doo movie?,Scrappy Doo,"['Old Man Mason', 'The Local News Team', 'Fred']",multiple
Science: Computers,medium,MacOS is based on Linux.,False,['True'],boolean
Entertainment: Television,medium,Who was the winner of the 2016 WWE Royal Rumble?,Triple H,"['Roman Reigns', 'AJ Styles', 'Dean Ambrose']",multiple
Geography,medium,What is the official language of Bhutan?,Dzongkha,"['Ladakhi', 'Karen', 'Groma']",multiple
Science: Computers,hard,America Online (AOL) started out as which of these online service providers?,Quantum Link,"['CompuServe', 'Prodigy', 'GEnie']",multiple
Vehicles,easy,"Which car tire manufacturer is famous for its ""Eagle"" brand of tires, and is the official tire supplier of NASCAR?",Goodyear,"['Pirelli', 'Bridgestone', 'Michelin']",multiple
General Knowledge,easy,What is the name of NASA’s most famous space telescope?,Hubble Space Telescope,"['Big Eye', 'Death Star', 'Millenium Falcon']",multiple
Entertainment: Music,easy,"Michael Jackson wrote The Simpsons song ""Do the Bartman"".",False,['True'],boolean
Art,easy,Who sculpted the statue of David?,Michelangelo,"['Gian Lorenzo Bernini', 'Auguste Rodin', 'Donatello']",multiple
General Knowledge,hard,Samhainophobia is the term used for an abnormal and persistent fear of halloween.,True,['False'],boolean
Entertainment: Video Games,hard,"In Undertale, having a ""Fun Value"" set to 56-57 will play the ""Wrong Number Song Call"".",False,['True'],boolean
Entertainment: Video Games,easy,What game was used to advertise Steam?,Counter-Strike 1.6,"['Half-Life', 'Half-Life 2', 'Team Fortress']",multiple
Entertainment: Film,medium,"Before getting the shotgun, what did the titular hobo in 'Hobo with a Shotgun' want to purchase?",a lawnmower,"['a revolver', 'a guitar', 'a suit']",multiple
Entertainment: Film,easy,Which movie released in 2016 features Superman and Batman fighting?,Batman v Superman: Dawn of Justice,"['Batman v Superman: Superapocalypse', 'Batman v Superman: Black of Knight', 'Batman v Superman: Knightfall']",multiple
Geography,medium,Which of these Mediterranian islands is under the sovereign rule of France?,Corsica,"['Majorca', 'Sardinia', 'Malta']",multiple
Entertainment: Video Games,easy,"In the 2002 video game ""Kingdom Hearts"", how many Keyblades are usable?",18,"['13', '16', '15']",multiple
Entertainment: Video Games,medium,"Which game won the ""Games for Impact"" award in The Game Awards 2015?",Life is Strange,"['Ori and the Blind Forest', 'Rocket League', 'Metal Gear Solid V: The Phantom Pain']",multiple
Entertainment: Music,hard,Which of these is NOT a song featured on the Lockjaw EP released in 2013 by Flume & Chet Faker?,Left Alone,"['What About Us', 'This Song Is Not About A Girl', 'Drop The Game']",multiple
Geography,medium,Italy and Ireland are the only countries in Europe that start with the letter I.,False,['True'],boolean
Entertainment: Video Games,hard,"In which game did the character ""Mario"" make his first appearance?",Donkey Kong,"['Super Mario Bros.', 'Super Mario Land', 'Mario Bros.']",multiple
Entertainment: Video Games,medium,Which of these video game series have NOT had a promotional item appear in Team Fortress 2?,Half-Life,"['Quake', 'The Binding of Isaac', 'Fallout']",multiple
Entertainment: Music,medium,Which song previously recorded by Elvis Presley was covered by UB40 with a reggae beat?,Can't Help Falling in Love,"['Jailhouse Rock', 'In the Ghetto', 'Wooden Heart']",multiple
Entertainment: Film,medium,"In the film ""Requiem for a Dream"", what drug does Jared Leto's character get addicted to?",Heroin,"['Cocaine', 'Marijuana', 'Oxycodone']",multiple
Entertainment: Music,medium,What is the opening track on Lorde's Pure Heroine?,Tennis Court,"['Team', 'Royals', '400 Lux']",multiple
General Knowledge,easy,In which cardinal direction does the Sun rise from?,East,"['West', 'North', 'South']",multiple
Entertainment: Video Games,easy,Which Mario spin-off game did Waluigi make his debut?,Mario Tennis,"['Mario Party 3', 'Mario Kart: Double Dash!!', 'Mario Golf: Toadstool Tour']",multiple
Entertainment: Video Games,hard,What was the code name given to Sonic the Hedgehog 4 during its development?,Project Needlemouse,"['Project Bluespike', 'Project Roboegg', 'Project Darksphere']",multiple
Sports,hard,"What is the full name of the footballer ""Cristiano Ronaldo""?",Cristiano Ronaldo dos Santos Aveiro,"['Cristiano Ronaldo los Santos Diego', 'Cristiano Armando Diego Ronaldo', 'Cristiano Luis Armando Ronaldo']",multiple
Entertainment: Music,medium,"What date is referenced in the 1971 song ""September"" by Earth, Wind & Fire?",21st of September,"['26th of September', '23rd of September', '24th of September']",multiple
Art,easy,What is another name for La Gioconda / La Joconde?,The Mona Lisa,"['The Girl with a Pearl Earring', 'The Starry Night', 'Sunflowers']",multiple
Science & Nature,hard,Which of these is a stop codon in DNA?,TAA,"['ACT', 'ACA', 'GTA']",multiple
Science: Mathematics,easy,What is the correct order of operations for solving equations?,"Parentheses, Exponents, Multiplication, Division, Addition, Subtraction","['Addition, Multiplication, Division, Subtraction, Addition, Parentheses', 'Parentheses, Exponents, Addition, Substraction, Multiplication, Division', 'The order in which the operations are written.']",multiple
General Knowledge,medium,Crystal Pepsi was first sold in US markets in 1993.,False,['True'],boolean
Entertainment: Film,easy,"Who in Pulp Fiction says ""No, they got the metric system there, they wouldn't know what the f*** a Quarter Pounder is.""",Vincent Vega,"['Jules Winnfield', 'Jimmie Dimmick', 'Butch Coolidge']",multiple
Entertainment: Television,hard,"In ""Star Trek"", what is the Klingon delicacy of ""gagh"" made from?",Serpent worms,"['Earthworms', 'Spaghetti noodles', 'Klingworms']",multiple
Entertainment: Video Games,easy,"In the Assassin's Creed series,what was the name of Desmond Miles given by Abstergo?",Subject 17,"['Subject 16', 'Subject 18', ""Altaïr Ibn-La'Ahad""]",multiple
Entertainment: Video Games,hard,What Pokémon's Base Stat Total does not change when it evolves?,Scyther,"['Pikachu', 'Sneasel', 'Larvesta']",multiple
Science: Gadgets,easy,When was the iPhone released?,2007,"['2005', '2006', '2004']",multiple
Sports,easy,"Who is often called ""the Maestro"" in the men's tennis circuit?",Roger Federer,"['Bill Tilden', 'Boris Becker', 'Pete Sampras']",multiple
Entertainment: Video Games,easy,"The song ""Megalovania"" by Toby Fox made its third appearence in the 2015 RPG ""Undertale"".",True,['False'],boolean
Entertainment: Video Games,medium,"In Minecraft, how many items can a single piece of coal smelt when used in a furnace?",8,"['12', '10', '6']",multiple
General Knowledge,easy,"In architecture, a ""pecklesteiner"" is a set of doors that overlap each other when closed, and can be locked through a single keyhole.",False,['True'],boolean
Science: Computers,medium,On which day did the World Wide Web go online?,"December 20, 1990","['December 17, 1996', 'November 12, 1990', 'November 24, 1995']",multiple
Science & Nature,medium,What is radiation measured in?,Gray ,"['Watt', 'Decibel', 'Kelvin']",multiple
Geography,medium,What is the right way to spell the capital of Hungary?,Budapest,"['Boodapest', 'Bhudapest', 'Budapast']",multiple
Science & Nature,easy,Upwelling in the ocean provides colder nutrient rich water for plants and decomposers.,True,['False'],boolean
Entertainment: Books,hard,"In Harry Potter and the Deathly Hallows, Hermione destroyed the fourth Horcrux by stabbing it with the Sword of Gryffindor.",False,['True'],boolean
General Knowledge,medium,"What are the tallest twin buildings in the world, with a height of 1,483 ft (451.9 m)?","Petronas Twin Towers, Malaysia","['Emirates Towers, United Arab Emirates', 'Huaguoyuan Towers, China', 'Palm Towers, Qatar']",multiple
Entertainment: Video Games,medium,"In the game ""Until Dawn"" Emily is the only playable character who can be killed by another playable character directly.",True,['False'],boolean
General Knowledge,hard,Roughly how many ingested apple seeds would it take to receive a fatal dose of cyanide?,200,"['20', '2,000', '20,000']",multiple
Entertainment: Comics,medium,"In the webcomic Homestuck, the first character introduced is Dave Strider.",False,['True'],boolean
Entertainment: Video Games,medium,"In ""PAYDAY 2"", what weapon has the highest base weapon damage on a per-shot basis?",HRL-7,"['Heavy Crossbow', 'Thanatos .50 cal', 'Broomstick Pistol']",multiple
General Knowledge,medium,"Out of these four buildings, which one is the tallest, with a height of 1,776 ft (541.3 m)?","One World Trade Center, United States","['Taipei 101, Taiwan', 'Willis Tower, United States', 'Jin Mao Tower, China']",multiple
Entertainment: Comics,medium,"In Black Hammer, what dimension does Colonel Weird travel through?",Para-Zone,"['Hyperspace', 'Mirror Universe', 'Phantom Zone']",multiple
Geography,medium,"Where is the ""Sonoran Desert"" located?",North America,"['South America', 'Asia', 'Africa']",multiple
Entertainment: Video Games,medium,"When was Chapter 1 of the Source Engine mod ""Underhell"" released?","September 1st, 2013","['March 3rd, 2011', 'September 12th, 2013', 'October 2nd, 2012']",multiple
Entertainment: Video Games,easy,"Which of the following Pokemon Types was present in the original games, Red and Blue?",Ice,"['Steel', 'Dark', 'Fairy']",multiple
Science: Gadgets,easy,What does SSD stand for in the context of computer storage?, Solid State Drive,"['Software Storage Device', 'Super Speed Data', 'Secure System Disk']",multiple
Entertainment: Video Games,medium,"In Call Of Duty: Black Ops II, who is the main antagonist?",Raul Menéndez ,"['Vladimir Makarov ', 'Frank Woods', 'DeFalco']",multiple
Sports,easy,"Which player holds the NHL record of 2,857 points?",Wayne Gretzky,"['Mario Lemieux ', 'Sidney Crosby', 'Gordie Howe']",multiple
Entertainment: Music,easy,How many strings are there on a cello?,4,"['5', '6', '8']",multiple
Geography,hard,Into which basin does the Jordan River flow into?,Dead Sea,"['Aral Sea', 'Caspian Sea', 'Salton Sea']",multiple
Entertainment: Video Games,hard,"In the game ""Super Hang-On"" which is the top speed WITH the use of turbo?",324 km/h,"['320 km/h', '280 km/h', '286 km/h']",multiple
Entertainment: Cartoon & Animations,hard,Snagglepuss was part of the Yogi Yahooies in the 1977 show Scooby's All-Star Laff-a-Lympics.,False,['True'],boolean
General Knowledge,hard,"This is the correct spelling of ""Supercalifragilisticexpialidocious"".",True,['False'],boolean
Science & Nature,medium,How old is the universe?,13.8 Billion Years,"['4.5 Billion Years', '7.9 Billion Years', '16.2 Billion Years']",multiple
Art,easy,Leonardo da Vinci was not the creator of the Mona Lisa.,False,['True'],boolean
Geography,hard,What is the official German name of the Swiss Federal Railways?,Schweizerische Bundesbahnen,"['Schweizerische Nationalbahnen', 'Bundesbahnen der Schweiz', 'Schweizerische Staatsbahnen']",multiple
Entertainment: Film,medium,What is the birth name of Michael Caine?,Maurice Micklewhite,"['Morris Coleman', 'Carl Myers', 'Martin Michaels']",multiple
Animals,medium,What is the collective noun for bears?,Sloth,"['Drove', 'Tribe', 'Husk']",multiple
Entertainment: Music,easy,"Who was ""Kung Fu Fighting"" in 1974?",Carl Douglas,"['The Bee Gees', 'Heatwave', 'Kool & the Gang']",multiple
Science & Nature,medium,Which one of these scientists conducted the Gold Foil Experiment which concluded that atoms are mostly made of empty space?,Ernest Rutherford,"['Joseph John Thomson', 'Archimedes', 'Niels Henrik David Bohr']",multiple
Entertainment: Japanese Anime & Manga,easy,"In ""Fairy Tail"", what is the nickname of Natsu Dragneel?",The Salamander,"['The Dragon Slayer', 'The Dragon', 'The Demon']",multiple
Science & Nature,easy,What does LASER stand for?,Light amplification by stimulated emission of radiation,"['Lite analysing by stereo ecorazer', 'Light amplifier by standby energy of radio', 'Life antimatter by standing entry of range']",multiple
Sports,medium,"In 2008, Usain Bolt set the world record for the 100 meters with one shoelace untied.",True,['False'],boolean
History,medium,Who was the main developer of the Suez Canal?,Ferdinand de Lesseps,"['Louis-Eugène Cavaignac', 'John Milton', 'Johann Lukas von Hildebrandt']",multiple
Mythology,easy,"According to Greek Mythology, Atlas was an Olympian God.",False,['True'],boolean
Geography,easy,What is the capital of the US State of New York?,Albany,"['Buffalo', 'New York', 'Rochester']",multiple
Entertainment: Film,easy,"In the Lord of the Rings: The Two Towers, where are the party of orcs taking the hobbits?",Isengard,"['Rivendell', 'Mordor', 'Moria']",multiple
General Knowledge,easy,What is H2O?,Water,"['Oxygen', 'Hydrogen', 'None']",multiple
Art,hard,The Statue of Liberty's official name is “Liberty Enlightening the World”.,True,['False'],boolean
General Knowledge,hard,Disney's Haunted Mansion is home to a trio of Hitchhiking Ghosts. Which of these is NOT one of them?,Harry,"['Gus', 'Phineas', 'Ezra']",multiple
Entertainment: Video Games,medium,"In ""Overwatch,"" an allied McCree will say ""Step right up"" upon using his ultimate ability Deadeye.",True,['False'],boolean
Politics,hard,What year did the effort to deploy the Common Core State Standards (CCSS) in the US begin?,2009,"['2012', '2006', '1997']",multiple
Sports,medium,Which of the following pitchers was named National League Rookie of the Year for the 2013 season?,Jose Fernandez,"['Jacob deGrom', 'Shelby Miller', 'Matt Harvey']",multiple
Politics,medium,"Before 2011, ""True Capitalist Radio"" was known by a different name. What was that name?",True Conservative Radio,"['True Republican Radio', 'Texan Capitalist Radio', 'United Capitalists']",multiple
General Knowledge,easy,What is the perimeter of a circle more commonly known as?,Circumference,"['Diameter', 'Radius', 'Arc']",multiple
Celebrities,medium,"Which TV chef wrote an autobiography titled ""Humble Pie""?",Gordon Ramsay,"['Jamie Oliver', 'Ainsley Harriott', 'Antony Worrall Thompson']",multiple
Science: Computers,hard,CMOS is tech used for constructing integrated circuits. What does CMOS stand for?,Complementary metal–oxide–semiconductor,"['Complementary magnetic-ohms-semiconductor', 'Computer-made operating system', 'Computer-made oscillating static']",multiple
Entertainment: Television,medium,"In ""Star Trek"", what is the Klingon death ritual?",Look into sky and yell loudly in mourning.,"['Kiss the jagged forehead before burial.', 'Shoot into space in a torpedo casing.', ""Split the deceased's earnings between bloodkin.""]",multiple
Entertainment: Video Games,easy,"In ""Mario Kart 64"", Waluigi is a playable character.",False,['True'],boolean
General Knowledge,medium,"Don Cheto is the host of the radio station ""East Los FM"" in GTA V.",True,['False'],boolean
Entertainment: Film,medium,In which 1973 film does Yul Brynner play a robotic cowboy who malfunctions and goes on a killing spree?,Westworld,"['Runaway', 'Android', 'The Terminators']",multiple
Entertainment: Music,medium,"What genre of EDM is the Dutch DJ, musician, and remixer Armin van Buuren most well-known for?",Trance,"['House', 'Drum and Bass', 'Dubstep']",multiple
General Knowledge,medium,Earl Grey tea is black tea flavoured with what?,Bergamot oil,"['Lavender', 'Vanilla', 'Honey']",multiple
General Knowledge,medium,An eggplant is a vegetable.,False,['True'],boolean
Entertainment: Video Games,medium,What country is Sean Matsuda from in Street Fighter?,Brazil,"['Japan', 'USA', 'UK']",multiple
Entertainment: Video Games,medium,"How many metal bars does it take to smith a platebody in the MMO ""RuneScape""?",5 bars,"['3 bars', '2 bars', '10 bars']",multiple
Entertainment: Video Games,medium,Fortnite was originally intended to be a horror game.,True,['False'],boolean
Art,hard,"When was Salvador Dali's painting, ""The Persistence of Memory,"" completed?",1931,"['1932', '1929', '1934']",multiple
Entertainment: Music,medium,Which of these is the name of an American psychedelic rock band formed in 2002 by Benjamin Goldwasser and Andrew VanWyngarden?,MGMT,"['MSTRKRFT', 'STRFKR', 'SBTRKT']",multiple
Entertainment: Video Games,hard,Which of the following games in the The Legend of Zelda franchise was released in Japan before North America?,The Legend of Zelda: The Minish Cap,"['The Legend of Zelda: Twilight Princess', 'The Legend of Zelda: Spirit Tracks', 'The Legend of Zelda: Four Swords']",multiple
Geography,easy,How many US states start with the letter K?,Two,"['One', 'None', 'Three']",multiple
Entertainment: Video Games,hard,"In the game Warframe, what is the type of fish that is known to eat unwary natives of Cetus?",Sharrac,"['Glappid', 'Karkina', 'Mawfish']",multiple
Entertainment: Japanese Anime & Manga,hard,"What is the last line muttered in the anime film ""The End of Evangelion""?","""How disgusting.""","['""Idiot, I won\'t let you kill me!""', '""Nothing.""', '""Goddammit, Shinji.""']",multiple
History,medium,"During what war did the ""Cuban Missile Crisis"" occur?",Cold War,"['World War I', 'World War II', 'Revolutionary War']",multiple
Entertainment: Video Games,hard,"In the original ""Super Mario Bros."", what is the acceleration of Mario if he was in free fall?",91.28 m/s^2,"['110  m/s^2', '9.42  m/s^2', '4.4  m/s^2']",multiple
Entertainment: Video Games,medium,Who published the 1998 video game Half-Life?,Sierra On-Line,"['Valve', 'Blizzard', 'EA']",multiple
Entertainment: Music,easy,"According to the American rapper Nelly, what should you do when its hot in here?",Take off all your clothes,"['Take a cool shower', 'Drink some water', 'Go skinny dipping']",multiple
Entertainment: Books,medium,"What was the name of the Mysterious Island, in Jules Verne's ""The Mysterious Island""?",Lincoln Island,"['Vulcania Island', 'Prometheus Island', 'Neptune Island']",multiple
Entertainment: Music,easy,"What was the name of singer Frank Ocean's second studio album, which was released on August 20, 2016?",Blonde,"['Brunette', 'Black', 'Burgundy']",multiple
Entertainment: Cartoon & Animations,medium,"In the Dreamworks animated movie ""Madagascar,"" who voices Maurice the lemur?",Cedric the Entertainer,"['Jack Black', 'Sacha Baron Cohen', 'Chris Rock']",multiple
Entertainment: Music,hard,"Which member of the English band ""The xx"" released their solo album ""In Colour"" in 2015?",Jamie xx,"['Romy Madley Croft', 'Oliver Sim', 'Baria Qureshi']",multiple
Science & Nature,easy,Which type of rock is created by intense heat AND pressure?,Metamorphic,"['Sedimentary', 'Igneous', 'Diamond']",multiple
Entertainment: Video Games,easy,"In ""Phantasy Star Online 2"", which is the first area that you are granted access to?",Forest,"['Swamp', 'Plains', 'Caves']",multiple
Entertainment: Music,easy,"Which year was the album ""Year of the Snitch"" by Death Grips released?",2018,"['2013', '2017', '2011']",multiple
Entertainment: Cartoon & Animations,easy,"In the show ""Foster's Home For Imaginary Friends"", which character had an obsession with basketball?",Wilt,"['Coco', 'Mac', 'Cheese']",multiple
Entertainment: Video Games,hard,"How many aces can be shot down through the entirety of ""Ace Combat Zero: The Belkan War""?",169,"['100', '132', '245']",multiple
Vehicles,hard,Which Variable Valve Timing technology is used by BMW?,VANOS,"['VVT-iw', 'VVEL', 'MultiAir']",multiple
Entertainment: Board Games,medium,"In the Board Game, Settlers of Catan, a die roll of what number causes the Robber to attack? ",7,"['3', '10', '1']",multiple
Science: Mathematics,medium,What is the first Mersenne prime exponent over 1000?,1279,"['2203', '1009', '1069']",multiple
General Knowledge,medium,What is the name given to Indian food cooked over charcoal in a clay oven?,Tandoori,"['Biryani', 'Pani puri', 'Tiki masala']",multiple
Entertainment: Video Games,hard,Which one of the following titles by Valve is not based on a Community Mod?,Ricochet,"['Day of Defeat', 'Counter-Strike', 'Alien Swarm']",multiple
Entertainment: Video Games,easy,What is the first Sony PlayStation console that runs on CD?,PS,"['PS2', 'PS3', 'PS4']",multiple
Entertainment: Video Games,hard,The Bracken from Lethal Company is also known as:,The Flower Man,"['The Phantom', 'The Shadow Demon', 'Larry']",multiple
Animals,hard,"To which biological phylum do all mammals, birds and reptiles belong?",Chordata,"['Echinodermata', 'Annelida', 'Placazoa']",multiple
Entertainment: Video Games,easy,Rebecca Chambers does not appear in any Resident Evil except for the original Resident Evil and the Gamecube remake.,False,['True'],boolean
Geography,medium,What is the capital of Australia?,Canberra,"['Sydney', 'Melbourne', 'Brisbane']",multiple
Politics,medium,"Which former US president used ""Let's Make America Great Again"" as his campaign slogan before Donald Trump's campaign?",Ronald Reagan,"['Jimmy Carter', 'Gerald Ford', 'Richard Nixon']",multiple
Entertainment: Cartoon & Animations,easy,"What is Everest's favorite food in the Nickelodeon/Nick Jr. series ""PAW Patrol""?",Liver,"['Chicken', 'Steak', 'Caribou']",multiple
History,medium,When was the United States National Security Agency established?,"November 4, 1952","['July 26, 1908', ' July 1, 1973', ' November 25, 2002']",multiple
Entertainment: Video Games,medium,"In the ""Neptunia"" series which nation does Neptune rule over?",Planeptune,"['Lastation', 'Leanbox', 'Lowee']",multiple
Entertainment: Books,medium,"In Michael Crichton's novel ""Jurassic Park"", John Hammond meets his demise at the claws of which dinosaur?",Procompsognathus,"['Dilophosaurus', 'Tyrannosaurus Rex', 'Velociraptor']",multiple
General Knowledge,medium,"""Santa Claus"" is a variety of melon.",True,['False'],boolean
Entertainment: Film,medium,Mark Wahlberg played the titular character of which 2008 video-game adaptation?,Max Payne,"['Alan Wake', 'Hitman', 'God Of War']",multiple
Entertainment: Film,medium,"How much money did the 2019 Marvel movie ""Avengers: Endgame"" gross for it's record-breaking worldwide opening weekend?",1.2 billion USD,"['640 million USD', '456 million USD', '392 million USD']",multiple
Entertainment: Video Games,easy,Who is the leader of Team Instinct in Pokémon Go?,Spark,"['Candela', 'Blanche', 'Willow']",multiple
Entertainment: Japanese Anime & Manga,hard,"Which animation studio animated ""To Love-Ru""?",Xebec,"['Trigger', 'Sunrise', 'Kyoto Animation']",multiple
Entertainment: Video Games,medium,"In the co-op shooter Payday 2, which contact helps you break out Hoxton?",The Dentist,"['Vlad', 'The Elephant', 'The Butcher']",multiple
General Knowledge,medium,What is a dead mall?,A mall with high vacancy rates or low consumer foot traffic,"['A mall with no stores', 'A mall that has been condemed', 'A mall after business hours']",multiple
Science: Gadgets,medium,Who patented a steam engine that produced continuous rotary motion?,James Watt,"['Nikola Tesla', 'Albert Einstein', 'Alessandro Volta']",multiple
Entertainment: Video Games,hard,"In Xenoblade Chronicles X, which class has a sniper rifle as it's primary weapon?",Partisan Eagle,"['Blast Fencer', 'Winged Viper', 'Bastion Warrior']",multiple
History,medium,The M41 Walker Bulldog remains in service in some countries to this day.,True,['False'],boolean
Entertainment: Music,easy,"The band Muse released their first album, Showbiz, in what year?",1999,"['1998', '2000', '2001']",multiple
Entertainment: Film,hard,"According to ""Star Wars"" lore, which planet does Obi-Wan Kenobi come from?",Stewjon,"['Alderaan', 'Tatooine', 'Naboo']",multiple
Entertainment: Cartoon & Animations,medium,Adam West was the mayor of which cartoon town?,Quahog,"['Springfield', 'South Park', 'Langley Falls']",multiple
Geography,hard,In what part of Wales will you find the village Llanfairpwllgwyngyllgogerychwyrndrobwllllantysiliogogogoch?,Anglesey,"['Pembrokeshire', 'Wrexham', 'Bridgend']",multiple
Entertainment: Comics,medium,Who authored The Adventures of Tintin?,Hergé,"['E.P. Jacobs', 'Rin Tin Tin', 'Chic Young']",multiple
Celebrities,medium,What was the name of Marilyn Monroe's first husband?,James Dougherty,"['Joe Dimaggio', 'Kirk Douglas', 'Arthur Miller']",multiple
Entertainment: Music,medium,In what year was Taylor Swift born?,1989,"['1988', '1987', '1990']",multiple
General Knowledge,medium,Coleslaw originated from which European country?,The Netherlands,"['United Kingdom', 'Denmark', 'Germany']",multiple
Science & Nature,medium,"Like with the Neanderthals, Homo sapiens sapiens also interbred with the Denisovans.",True,['False'],boolean
Entertainment: Comics,medium,"In Pre-Super Genesis universe of ""Sonic the Hedgehog"" comic, what was the name of  Sally Acorn's brother?",Elias Acorn,"['Maximillian Acorn', 'Alexis Acorn', 'Frederick Acorn']",multiple
Entertainment: Film,easy,"The film ""2001: A Space Odyssey"" was released on December 31st, 2000.",False,['True'],boolean
Sports,easy,What is the most common type of pitch thrown by pitchers in baseball?,Fastball,"['Slowball', 'Screwball', 'Palmball']",multiple
Entertainment: Television,medium,"In ""Breaking Bad,"" which main character was planned to be killed in Season 1 but wasn't because the show creator liked the actor?",Jesse Pinkman,"['Saul Goodman', 'Gus Fring', 'Hank Schrader']",multiple
Entertainment: Board Games,medium,"The board game, Nightmare was released in what year?",1991,"['1992', '1989', '1995']",multiple
Entertainment: Japanese Anime & Manga,medium,My Hero Academia's main character Midoriya goes by what superhero name?,Deku,"['All Might', 'Saitama', 'Kona']",multiple
Entertainment: Music,hard,"""All the Boys"" by Panic! At the Disco was released as a bonus track on what album?","Too Weird To Live, Too Rare To Die!","[""A Fever You Can't Sweat Out"", 'Death Of A Bachelor', 'Vices & Virtues']",multiple
Entertainment: Japanese Anime & Manga,medium,The main protagonist of the fourth part of JoJo's Bizarre Adventure is which of the following?,Josuke Higashikata,"['Yoshikage kira', 'Koichi Hirose', 'Joey JoJo']",multiple
Entertainment: Video Games,hard,Which character from the Mega Man series made a small cameo on Volt Catfish's introduction scene in CD versions of Mega Man X3?,Auto,"['Eddie', 'Tango', 'Rush']",multiple
Entertainment: Video Games,easy,Which water-type Pokémon starter was introduced in the 4th generation of the series?,Piplup,"['Totodile', 'Oshawott', 'Mudkip']",multiple
Science & Nature,medium,Steel is an alloy of Iron and Carbon.,True,['False'],boolean
Entertainment: Music,hard,A Caixa Malacacheta is what kind of musical instrument which is commonly used in Latin American music?,Snare Drum,"['Cow Bell', 'Bass Drum', 'Maraca']",multiple
Entertainment: Video Games,easy,"In the game Sonic Forces, which of the following was not from a previous game?",Infinite,"['Metal Sonic', 'Zavoc', 'Chaos']",multiple
Entertainment: Film,easy,"In the Super Mario Bros. Movie (2023), who plays Toad?",Keegan-Michael Key,"['Seth Rogan', 'Charlie Day', 'Jack Black']",multiple
Entertainment: Video Games,medium,"In the game ""Subnautica"", a ""Cave Crawler"" will attack you.",True,['False'],boolean
History,hard,What was the real name of the Albanian national leader Skanderbeg?,Gjergj Kastrioti,"['Diturak Zhulati', 'Iskander Bejko', 'Mirash Krasniki']",multiple
Politics,easy,"Which former US president was nicknamed ""Teddy"" after he refused to shoot a defenseless black bear?",Theodore Roosevelt,"['Woodrow Wilson', 'James F. Fielder', 'Andrew Jackson']",multiple
Entertainment: Music,medium,What is Fergie's debut album called?,The Dutchess,"['Fergalicious ', 'The Sweet Escape', 'Loose']",multiple
Entertainment: Video Games,medium,The default playermodel of Garry's Mod is this Half Life 2 character.,Isaac Kleiner,"['G-Man', 'Alyx Vance', 'Gordon Freeman']",multiple
Entertainment: Cartoon & Animations,medium,What is the standard frame rate for animation?,24 FPS,"['12 FPS', '30 FPS', '60 FPS']",multiple
Science & Nature,medium,"Which desert is the only desert in the world where the ""Saguaro"" cactus grows indigenously?",The Sonoran Desert,"['The Gobi Desert', 'The Yuma Desert', 'The Arabian Desert']",multiple
Entertainment: Music,medium,Which popular rock band has a one-armed drummer?,Def Leppard,"['The Beatles', 'Lynyrd Skynyrd', 'Foreigner']",multiple
Entertainment: Video Games,easy,What is the code name of Morgana the cat in Persona 5?,Mona,"['Panther', 'Nightstalker', 'Zorro']",multiple
Entertainment: Comics,hard,"In what year did the first ""The Walking Dead"" comic come out?",2003,"['2001', '2006', '1999']",multiple
History,easy,Which of the following countries was not an axis power during World War II?, Soviet Union,"['Italy', 'Germany', 'Japan']",multiple
Entertainment: Music,medium,"Prior to going solo in 1982, Lionel Richie was a member of which Motown group?",The Commodores,"['The Temptations', 'The Miracles', 'The Supremes']",multiple
Entertainment: Video Games,medium,What year was the video game streaming platform TwitchTV founded?,2011,"['2012', '2010', '2014']",multiple
Entertainment: Japanese Anime & Manga,hard,"The ""To Love-Ru"" Manga was started in what year?",2006,"['2007', '2004', '2005']",multiple
Entertainment: Music,medium,Nick Mason is the only member to appear on every Pink Floyd album.,True,['False'],boolean
Art,hard,Painter Piet Mondrian (1872 - 1944) was a part of what movement?,Neoplasticism,"['Precisionism', 'Cubism', 'Impressionism']",multiple
Sports,easy,Which country hosted the 2022 FIFA World Cup?,Qatar,"['USA', 'Japan', 'Switzerland']",multiple
History,medium," What Russian automatic gas-operated assault rifle was developed in the Soviet Union in 1947, and is still popularly used today?",AK-47,"['RPK', 'M16', 'MG 42']",multiple
Art,medium,Which artist's style was to use small different colored dots to create a picture?,Georges Seurat,"['Paul Cézanne', 'Vincent Van Gogh', 'Henri Rousseau']",multiple
Entertainment: Video Games,medium,"In the ""Halo"" franchise, in what country is New Mombasa?",Kenya,"['India', 'Turkey', 'Slovakia']",multiple
Entertainment: Video Games,easy,Which Game Boy from the Game Boy series of portable video game consoles was released first?,Game Boy Color,"['Game Boy Advance', 'Game Boy Micro', 'Game Boy Advance SP']",multiple
General Knowledge,easy,Which is the second largest native language spoken in Spain by numbers of speakers?,Catalan,"['Portuguese', 'Spanish', 'French']",multiple
Mythology,medium,Who is the god of war in Polynesian mythology?,'Oro,"['Hina', 'Kohara', 'Māui']",multiple
Entertainment: Books,hard,"In which classic novel by Mark Twain did a beggar and Prince of Wales switch clothes, and learn about social class inequality?",The Prince and the Pauper,"['Hamlet', 'Wealthy Boy and the Schmuck', 'A Modern Twain Story']",multiple
Entertainment: Video Games,medium,When was the original Star Wars: Battlefront II released?,"October 31, 2005","['December 18, 2004', 'November 21, 2006', 'September 9, 2007']",multiple
History,medium,What nationality was sultan Saladin?,Kurdish,"['Arab', 'Egyptian', 'Syrian']",multiple
Entertainment: Video Games,easy,Which student in Yandere Simulator is known for asking irritating and stupid questions?,Midori Gurin,"['Kokona Hruka', 'Oka Ruto', 'Pipi Osu']",multiple
Science & Nature,easy,The asteroid belt is located between which two planets?,Mars and Jupiter,"['Jupiter and Saturn', 'Mercury and Venus', 'Earth and Mars']",multiple
Entertainment: Japanese Anime & Manga,medium,"Which of these is not a world in the anime ""Buddyfight""?",Ancient Dragon World,"['Dragon World', 'Star Dragon World', 'Darkness Dragon World']",multiple
General Knowledge,medium,Which of the following is NOT one of Aesop's fables?,The Fox and the Hound,"['The Fox and the Grapes', 'The Tortoise and the Hare', 'The Frog and the Ox']",multiple
Geography,medium,Which Oceanian nation is known in Māori as Aotearoa?,New Zealand,"['Australia', 'Solomon Islands', 'New Caledonia']",multiple
General Knowledge,easy,What does the F stand for in the FBI?,Federal,"['Foreign', 'Formal', 'First']",multiple
Entertainment: Video Games,medium,What is the punishment for playing Postal 2 in New Zealand?,"10 years in prison and a fine of $50,000","['Fine of $5,000', 'Nothing', '15 years in prison and a fine of $10,000']",multiple
Art,hard,What nationality was the famous artist Pablo Picasso?,Spanish,"['French', 'Italian', 'German']",multiple
Entertainment: Video Games,medium,Which of the following is not a real Pokémon?,Luminid,"['Dragalge', 'Mandibuzz', 'Araquanid']",multiple
Entertainment: Music,easy,What is not a wind instrument?,Viola,"['Oboe', 'Trombone', 'Duduk']",multiple
Entertainment: Music,medium,"Which Aerosmith album featured ""Walk This Way""?",Toys in the Attic,"['Rocks', 'Get Your Wings', 'Draw the Line']",multiple
Geography,easy,The Space Needle is located in which city?,Seattle,"['Los Angles', 'Toronto', 'Vancouver']",multiple
Entertainment: Comics,hard,"In the Homestuck Series, what is the alternate name for the Kingdom of Lights?",Prospit,"['No Name', 'Golden City', 'Yellow Moon']",multiple
Geography,medium,Which European city has the highest mileage of canals in the world?,Birmingham,"['Venice', 'Amsterdam', 'Berlin']",multiple
Entertainment: Video Games,medium,"Which character does the player play as in the video game ""Bastion""?",The Kid,"['Rucks', 'Zulf', 'Zia']",multiple
Entertainment: Video Games,medium,How many playable characters were there in Street Fighter II: Champion Edition?,12,"['16', '8', '17']",multiple
General Knowledge,easy,"What is the profession of Elon Musk's mom, Maye Musk?",Model,"['Professor', 'Biologist', 'Musician']",multiple
Science & Nature,hard,Which of these animals belongs in class Chondrichthyes?,Great white shark,"['Octopus', 'Killer whale', 'Catfish']",multiple
Entertainment: Video Games,easy,Deus Ex (2000) does not feature the World Trade Center because it was destroyed by terrorist attacks according to the game's plot.,True,['False'],boolean
Entertainment: Musicals & Theatres,medium,Which musical has won the most Tony awards?,The Producers,"['Hamilton', 'Chicago', 'Phantom of the Opera']",multiple
Entertainment: Video Games,medium,In what year was Pokémon Diamond & Pearl released in Japan?,2006,"['2009', '2007', '2008']",multiple
Entertainment: Cartoon & Animations,easy,"Who voiced the Genie in Disney's ""Aladdin""?",Robin Williams,"['Billy Crystal', 'Adam Sandler', 'Jim Carrey']",multiple
Geography,hard,"In 2012 the German-speaking microstate ""Liechtenstein"" in Central Europe had a population of how many inhabitants?","36,600","['2,400', '90,000', '323,400']",multiple
Politics,medium,Vatican city is a full member of United Nations.,False,['True'],boolean
Entertainment: Video Games,easy,The “fairy” type made it’s debut in which generation of the Pokemon core series games?,6th,"['2nd', '7th', '4th']",multiple
Sports,easy,Which team has won the most Stanley Cups in the NHL?,Montreal Canadians,"['Chicago Blackhawks', 'Toronto Maple Leafs', 'Detroit Red Wings']",multiple
General Knowledge,hard,"De Eemhof, Port Zelande and Het Heijderbos are holiday villas owned by what company?",Center Parcs,"['Yelloh Village', 'Keycamp', 'Villa Plus']",multiple
Entertainment: Video Games,easy,Who in this list is one of the co-founders of Valve?,Gabe Newell,"['Robin Walker', 'Marc Laidlaw', 'Ray Ueno']",multiple
Science & Nature,medium,The Neanderthals were a direct ancestor of modern humans.,False,['True'],boolean
Science & Nature,medium,"Where did the Great Storm of 1987 make landfall at, first?",Cornwall,"['Surrey', 'Wales', 'The Midlands']",multiple
Science: Computers,easy,A Mac is not a PC,False,['True'],boolean
History,medium,"The Fallingwater House, located in Pennsylvania, was designed by which architect?",Frank Lloyd Wright,"['Antoni Gaudi', 'Frank Gehry', 'Le Corbusier']",multiple
Entertainment: Cartoon & Animations,hard,"In the web-comic Homestuck, what is the name of the game the 4 kids play?",Sburb,"['Homesick', 'Husslie', 'Hiveswap']",multiple
Mythology,medium,What is the name of the first human being in Norse mythology?,Ask,"['Asmund', 'Ake', 'Asger']",multiple
Sports,medium,"The 1988 Formula 1 season had McLaren win all but one race, what race did they not win?",Italian Grand Prix,"['Japanese Grand Prix', 'Monaco Grand Prix', 'Brazilian Grand Prix']",multiple
Entertainment: Film,hard,"Which actors made up the trio in ""The Good, the Bad, and the Ugly""? ","Clint Eastwood, Eli Wallach, and Lee Van Cleef","['Sergio Leone, Ennio Morricone, and Tonino Delli Colli', 'Yul Brynner, Steve McQueen, and Charles Bronson', 'Aldo Giuffrè, Mario Brega, and Luigi Pistilli']",multiple
Entertainment: Japanese Anime & Manga,medium,"In ""To Love-Ru"", who is the first to hear of Yami's past from her?",Rito,"['Mikan', 'Lala', 'Haruna']",multiple
Entertainment: Video Games,medium,"In Pokemon Diamond, Pearl and Platinum, where can a Munchlax be found?",Honey Trees,"['Trading with an NPC', 'Grass on Route 209', 'Wayward Cave']",multiple
Art,medium,Who designed the Chupa Chups logo?,Salvador Dali,"['Pablo Picasso', 'Andy Warhol', 'Vincent van Gogh']",multiple
Geography,easy,What is Laos?,Country,"['Region', 'River', 'City']",multiple
Entertainment: Music,medium,How many semitones are in an octave?,12,"['7', '11', '14']",multiple
Entertainment: Video Games,hard,What is the fastest speed possible in Trackmania²: Stadium?,1000  km/h,"['500 km/h', '320 km/h', '100 km/h']",multiple
Entertainment: Video Games,medium,"In the Half-Life franchise, what is the real name of the ""gravity gun""?",Zero-Point Energy Field Manipulator,"['Universal Gravity Manipulation Device', ""Isaac Newton's Theory Disprover"", 'Quantum Energy Displacement Modifier']",multiple
Entertainment: Video Games,hard,"In Monster Hunter Generations, which of these hunter arts are exclusive to the Longsword?",Unhinged Spirit,"['Shoryugeki', 'Provoke', 'Demon Riot']",multiple
History,medium,What disease crippled President Franklin D. Roosevelt and led him to help the nation find a cure? ,Polio,"['Cancer', 'Meningitis', 'HIV']",multiple
Entertainment: Video Games,medium,Which video game company developed the 2019 game Rage 2?,Avalanche Studios,"['Bethesda Game Studios', 'Infinity Ward', 'Gearbox Software']",multiple
History,hard,Spain was formed in 1469 with the marriage of Isabella I of Castile and Ferdinand II of what other Iberian kingdom?,Aragon,"['Galicia', 'León', 'Navarre']",multiple
Entertainment: Video Games,medium,"Who is the main character in the video game ""Just Cause 3""?",Rico Rodriguez,"['Tom Sheldon', 'Marcus Holloway', 'Mario Frigo']",multiple
Entertainment: Film,easy,"The 2010 film ""The Social Network"" is a biographical drama film about MySpace founder Tom Anderson.",False,['True'],boolean
Entertainment: Japanese Anime & Manga,hard,"Druid is a mage class in ""Log Horizon"".",False,['True'],boolean
Entertainment: Music,hard,Who was the first Jazz Musician to win the Pulitzer Prize for Music,Wynton Marsalis,"['Michael Brecker', 'Herbie Hancock', 'Joe Henderson']",multiple
History,medium,"Which country had an ""Orange Revolution"" between 2004 and 2005?",Ukraine,"['Belarus', 'Latvia', 'Lithuania']",multiple
Entertainment: Music,medium,"Which French duo had UK hits in 1998 with the songs 'Sexy Boy', 'Kelly Watch The Stars' & 'All I Need'?",Air,"['Fire', 'Earth', 'Water']",multiple
Art,medium,Which one of these paintings is not by Caspar David Friedrich?,The Black Sea,"['The Sea of Ice', 'Wanderer above the Sea of Fog', 'The Monk by the Sea']",multiple
Mythology,medium,"According to Norse mythology, Loki is a mother.",True,['False'],boolean
History,easy,The United States Department of Homeland Security was formed in response to the September 11th attacks.,True,['False'],boolean
Entertainment: Film,hard,"In the film ""Harry Potter and the Order of The Phoenix"", why was Harry Potter's scream, after Sirius Black died, muted?",Too Agonizing,"['Too Loud', 'Too Harsh', 'Too Violent']",multiple
General Knowledge,easy,In what year did Canada stop producing the penny?,2012,"['2013', '2011', '2010']",multiple
Entertainment: Video Games,hard,"In the ""Little Lost Girl"" Easter Egg in Call of Duty: Black Ops II, what's the last step required for the achievement?",Raise Hell,"['Freedom', 'Skewer the Winged Beast', 'Ascend from Darkness']",multiple
Science: Mathematics,easy,A scalene triangle has two sides of equal length.,False,['True'],boolean
Entertainment: Television,easy,"In the cartoon 'SpongeBob SquarePants', what did the acronym E.V.I.L stand for?",Every Villain Is Lemons,"['Every Villain Is Lemonade', 'Every Villain Is Limes', 'Each Villain Is Lemonade']",multiple
General Knowledge,easy,Pluto is a planet.,False,['True'],boolean
History,medium,Canada was ceded to Britain under the terms of the 1763 Treaty of Paris.,True,['False'],boolean
Entertainment: Video Games,easy,"In the game Nuclear Throne, what character is only usable in a play through with Melting?",Skeleton,"['Frog', 'Horror', 'Plant']",multiple
General Knowledge,hard,"According to the 2014-2015 Australian Bureau of Statistics, what percentage of Australians were born overseas?",28%,"['13%', '20%', '7%']",multiple
Entertainment: Video Games,easy,The Touhou Project series of games is often associated with which genre?,Shoot 'em up,"['Strategy', 'FPS', 'Casual']",multiple
Entertainment: Video Games,easy,"In the ""S.T.A.L.K.E.R."" series, the Freedom faction wishes to destroy the supernatural area known as  ""the Zone"".",False,['True'],boolean
Entertainment: Board Games,hard,What is the world's oldest board game?,Senet,"['Chess', 'Checkers', 'Go']",multiple
General Knowledge,medium,What was the destination of the missing flight MH370?,Beijing,"['Kuala Lumpur', 'Singapore', 'Tokyo']",multiple
Entertainment: Music,medium,What is the last song on the first Panic! At the Disco album?,"Build God, Then We'll Talk","['Nails for Breakfast, Tacks for Snacks', 'I Write Sins Not Tragedies', 'Lying Is The Most Fun A Girl Can Have Without Taking Her Clothes Off']",multiple
Vehicles,hard,"What kind of train was Stepney, a train on the Bluebell Railway notable for his appearance in ""The Railway Series""?",LB&SCR A1X,"['LB&SCR E2', 'LB&SCR J1', 'LB&SCR D1']",multiple
Geography,medium,What is the capital of Ecuador?,Quito,"['Bogota', 'Santiago', 'Santa Fé']",multiple
Entertainment: Video Games,medium,What is the name of the machine that fails and essentially dooms mankind in the beginning of the first Half-Life game?,Anti-mass spectrometer,"['Oscillation generator', 'Dark fusion reactor', 'Dark fusion resonator']",multiple
Entertainment: Video Games,hard,"In ""Magicka"", which two elements are combined to cast the spell, ""Nullify""?",Arcane + Shield,"['Lightning + Shield', 'Lightning + Life', 'Arcane + Life']",multiple
Animals,easy,What is the scientific name for modern day humans?,Homo Sapiens,"['Homo Ergaster', 'Homo Erectus', 'Homo Neanderthalensis']",multiple
Entertainment: Television,medium,When did Spongebob Squarepants first air?,"May 1, 1999","['July 20, 2000', 'February 6, 2003', 'June 27, 1997']",multiple
Mythology,hard,What was the punishment for Sysiphus's craftiness?,Cursed to roll a boulder up a hill for eternity.,"['Tied to a boulder for eternity, being pecked by birds.', 'Standing in a lake filled with water he could not drink.', 'To fell a tree that regenerated after every axe swing.']",multiple
Entertainment: Music,hard,The key of sharps does the key of G# minor contain?,5,"['3', '7', '0']",multiple
Entertainment: Board Games,easy,"On a standard Monopoly board, which square is diagonally opposite 'Go'? ",Free Parking,"['Go to Jail', 'Jail', 'The Electric Company']",multiple
Sports,easy,"In bowling, what is the term used for getting three consecutive strikes?",Turkey,"['Flamingo', 'Birdie', 'Eagle']",multiple
Entertainment: Video Games,hard,Which achievement name is shared between Team Fortress 2 and Left 4 Dead 2?,"Rode Hard, Put Away Wet","['The Quick and the Dead', 'Cache Grab', 'F in Chemistry']",multiple
Entertainment: Japanese Anime & Manga,medium,What studio animated Ouran High School Host Club?,Bones,"['Production I.G', 'Kyoto Animation', 'xebec']",multiple
General Knowledge,easy,"Romanian belongs to the Romance language family, shared with French, Spanish, Portuguese and Italian. ",True,['False'],boolean
Geography,easy,What state is the largest state of the United States of America?,Alaska,"['California', 'Texas', 'Washington']",multiple
Entertainment: Books,medium,"In Rudyard Kipling's ""The Jungle Book"", what type of snake was Kaa?",Python,"['Cobra', 'Anaconda', 'Viper']",multiple
General Knowledge,easy,Vietnam's national flag is a red star in front of a yellow background.,False,['True'],boolean
Science: Computers,easy,If you were to code software in this language you'd only be able to type 0's and 1's.,Binary,"['JavaScript', 'C++', 'Python']",multiple
Geography,hard,Which is not a country in Africa?,Guyana,"['Senegal', 'Liberia', 'Somalia']",multiple
Science & Nature,hard,Which of these chemical compounds is NOT found in gastric acid?,Sulfuric acid,"['Hydrochloric acid', 'Potassium chloride', 'Sodium chloride']",multiple
Entertainment: Television,easy,"In DuckTales, what is the name of the city where all the main characters live?",Duckburg,"['Duckwing', 'Tailspin', 'Wingford']",multiple
History,easy,Who led the Communist Revolution of Russia?,Vladimir Lenin,"['Joseph Stalin', 'Vladimir Putin', 'Mikhail Gorbachev']",multiple
Entertainment: Video Games,easy,"Which of these is not a wonder weapon in ""Call Of Duty: Zombies""?",R115 Resonator,"['GKZ-45 Mk3', 'Ray Gun', 'Scavenger']",multiple
Science: Computers,medium,On which computer hardware device is the BIOS chip located?,Motherboard,"['Hard Disk Drive', 'Central Processing Unit', 'Graphics Processing Unit']",multiple
Art,hard,What nationality was the famous artist Van Gogh?,Dutch,"['French', 'Russian', 'Polish']",multiple
History,medium,"What happened on June 6, 1944?",D-Day,"['Atomic bombings of Hiroshima and Nagasaki', 'Attack on Pearl Harbor', 'The Liberation of Paris']",multiple
Entertainment: Music,medium,"The 2010 song ""Eenie Meenie"" was a collaboration between which two popular artists?",Sean Kingston & Justin Bieber,"['Eminem & Rihanna', 'Usher & Pitbull', 'Lady Gaga & Beyoncé']",multiple
General Knowledge,easy,How many syllables make up a haiku?,17,"['15', '10', '21']",multiple
Entertainment: Television,easy,"On the NBC show Community, whose catch-phrase was ""Pop! Pop!""?",Magnitude,"['Star Burns', 'Leonard', 'Senoir Chang']",multiple
Entertainment: Music,medium,What is the name of French electronic music producer Madeon's 2015 debut studio album?,Adventure,"['The City', 'Icarus', 'Pop Culture']",multiple
Science & Nature,easy,What name is given to all baby marsupials?,Joey,"['Calf', 'Pup', 'Cub']",multiple
History,hard,"In addition to his career as an astrologer and ""prophet"", Nostradamus published a 1555 treatise that included a section on what?",Making jams and jellies,"['Teaching parrots to talk', 'Cheating at card games', 'Digging graves']",multiple
Sports,medium,In what country were the 2014 Winter Olympics held in the town of Sochi?,Russia,"['South Korea', 'Norway', 'Canada']",multiple
Science & Nature,easy,What did Gregory Mendel use to test genetic crossovers?,Peas,"['Cats', 'Flowers', 'Parrots']",multiple
Vehicles,medium,The snowmobile was invented by Canadian Joseph-Armand Bombardier in 1937.,True,['False'],boolean
History,easy,The idea of Socialism was articulated and advanced by whom?,Karl Marx,"['Vladimir Lenin', 'Joseph Stalin', 'Vladimir Putin']",multiple
Celebrities,medium,Which actress's real name was Frances Ethel Gumm?,Judy Garland,"['Doris Day', 'Julie Andrews', 'Marilyn Monroe']",multiple
Entertainment: Board Games,hard,"In Magic: The Gathering, what term for blocking was established in the Portal set?",Intercepting,"['Blocking', 'Resisting', 'Shielding']",multiple
General Knowledge,easy,Nutella is produced by the German company Ferrero.,False,['True'],boolean
Entertainment: Video Games,hard,"In ""Starbound"", according to the asset files, the description of the ""Erchius Ghost"" is the same as which other assets?",Spookit,"['Petricub', 'Trictus', 'Pyromantle']",multiple
General Knowledge,easy,"What is the Spanish word for ""donkey""?",Burro,"['Caballo', 'Toro', 'Perro']",multiple
Entertainment: Music,medium,Who sung the opening theme song to the 1995 James Bond film 'Goldeneye'?,Tina Turner,"['Shirley Bassey', 'Sheryl Crow', 'Madonna']",multiple
Science: Computers,easy,Time on Computers is measured via the EPOX System.,False,['True'],boolean
Vehicles,hard,Which of these is NOT a car model produced by Malaysian car manufacturer Proton?,Kelisa,"['Saga', 'Perdana', 'Inspira']",multiple
History,hard,Which one of these rulers did not belong to the Habsburg dynasty?,Philip V,"['Charles V', 'Philip II', 'Francis Joseph']",multiple
Science & Nature,medium,A person can get sunburned on a cloudy day.,True,['False'],boolean
History,easy,What was William Frederick Cody better known as?,Buffalo Bill,"['Billy the Kid', 'Wild Bill Hickok', 'Pawnee Bill']",multiple
Geography,easy,Which Borough is the farthest in the north of New York City?,Bronx,"['Queens', 'Brooklyn', 'Manhattan']",multiple
Entertainment: Video Games,hard,"Meryl Silverburgh, a video game character from the Metal Gear series, was originally a character in which game?",Policenauts,"['Gradius', 'Contra', 'Castlevania: Symphony of the Night']",multiple
Entertainment: Video Games,medium,"How many Star Spirits do you rescue in the Nintendo 64 video game ""Paper Mario""?",7,"['5', '10', '12']",multiple
Entertainment: Cartoon & Animations,medium,"What is Dipper's real name from ""Gravity Falls""?",Mason Pines,"['Mable Pines', 'Jason Pines', 'Mark Pines']",multiple
Entertainment: Video Games,medium,"How many zombies need to be killed to get the ""Zombie Genocider"" achievement in Dead Rising (2006)?","53,594","['53,593', '53,595', '53,596']",multiple
Entertainment: Film,medium,Darth Vader's famous reveal to Luke is iconic. But which of these is the right one?,"""No. I am your father.""","['""Luke, I am your father.""', '""You\'re wrong. I am your father.""', '""The truth is that I am your father.""']",multiple
History,medium,"In the War of the Pacific (1879 - 1883), Bolivia lost its access to the Pacific Ocean after being defeated by which South American country?",Chile,"['Peru', 'Brazil', 'Argentina']",multiple
Entertainment: Music,easy,The K-Pop Boy Band BTS debuted in the year 2013.,True,['False'],boolean
Entertainment: Film,medium,What were the Chilled Monkey Brains made from during Indiana Jones and the Temple of Doom?,Custard and Raspberry Sauce,"['Strawberry Ice Cream', 'Cherry Yogurt', 'Raspberry Sorbet']",multiple
Science: Computers,medium,"What does the DOS in Microsoft's first operating system ""MS-DOS"" stand for?",Disk Operating System,"['Dumb Operating System', 'Driver Oriented System', 'Diskless Operating System']",multiple
Animals,easy,Which class of animals are newts members of?,Amphibian,"['Fish', 'Reptiles', 'Mammals']",multiple
Entertainment: Film,easy,Who directed the Kill Bill movies?,Quentin Tarantino,"['Arnold Schwarzenegger', 'David Lean', 'Stanley Kubrick']",multiple
History,easy,How was Socrates executed?,Poison,"['Decapitation', 'Firing squad', 'Crucifixion ']",multiple
Science: Computers,easy,"In ""Hexadecimal"", what color would be displayed from the color code? ""#00FF00""?",Green,"['Red', 'Blue', 'Yellow']",multiple
Vehicles,hard,What year did the Chevrolet LUV mini truck make its debut?,1972,"['1982', '1975', '1973']",multiple
Entertainment: Comics,easy,What is the full first name of the babysitter in Calvin and Hobbes?,Rosalyn,"['Rose', 'Ruby', 'Rachel']",multiple
Entertainment: Film,medium,"What is the correct phrase for the Latin saying ""Romanes Eunt Domus"" in Monty Python's Life of Brian?",Romani Ite Domum,"['Romans Go Home', 'Roxani Ite Domum', 'Tomate Ite Domum']",multiple
Geography,medium,What is the largest non-continental island in the world?,Greenland,"['New Guinea', 'Borneo', 'Madagascar']",multiple
Entertainment: Television,easy,"The ""Psycho"" series of videos on YouTube was created by which of the following?",RiDGiD STUDiOS,"['Dan Bell', 'Billy Familia', 'VeganGainz']",multiple
Science & Nature,medium,"In the periodic table, Potassium's symbol is the letter K.",True,['False'],boolean
Entertainment: Japanese Anime & Manga,easy,"In Ms. Kobayashi's Dragon Maid, who is Kobayashi's maid?",Tohru,"['Lucoa', 'Kanna', 'Elma']",multiple
Entertainment: Video Games,medium,Which company developed and published Game Dev Tycoon?,Greenheart Games,"['Greenland Games', 'The Tycoonists', 'MomCorp']",multiple
Entertainment: Board Games,easy,"When setting up a chess board, the king is placed on a square of his own color.",False,['True'],boolean
Entertainment: Board Games,easy,Carcassonne is based on which French town?,Carcassonne,"['Paris', 'Marseille', 'Clermont-Ferrand']",multiple
Entertainment: Video Games,easy,"How many Chaos Emeralds are there in the ""Sonic the Hedgehog"" universe?",7,"['6', '8', '14']",multiple
Entertainment: Video Games,easy,How many games in the Crash Bandicoot series were released on the original Playstation?,5,"['4', '3', '6']",multiple
Entertainment: Music,hard,On which Beatles album would you find the song 'Eleanor Rigby'?,Revolver,"['Help!', 'Rubber Soul', 'Abbey Road']",multiple
Animals,medium,"The now extinct species ""Thylacine"" was native to where?","Tasmania, Australia","['Baluchistan, Pakistan', 'Wallachia, Romania', 'Oregon, United States']",multiple
Entertainment: Books,easy,"George Orwell wrote this book, which is often considered a statement on government oversight.",1984,"['The Old Man and the Sea', 'Catcher and the Rye', 'To Kill a Mockingbird']",multiple
Animals,medium,"""Kamea,"" the Gilbertese Islander word for dog, is derived from the English phrase ""Come here!""",True,['False'],boolean
Science & Nature,medium,Approximately how long is a year on Uranus?,84 Earth years,"['47 Earth years', '62 Earth years', '109 Earth years']",multiple
Geography,easy,How many federal states does Germany have?,16,"['13', '32', '25']",multiple
History,hard,In 1547 who became the 1st Tsar of Russia,Ivan the Terrible,"['Alexis of Russia', 'Mikhail Romanov', 'Peter the Great']",multiple
Entertainment: Video Games,medium,"In the MMO RPG ""Realm of the Mad God"", what class is known for having the highest possible defense?",The Knight,"['The Wizard', 'The Archer', 'The Warrior']",multiple
Entertainment: Video Games,hard,"Which occupation did John Tanner, the main protagonist for Driver and Driver 2, had before turning into an undercover cop?",Racing Driver,"['Taxi Driver', 'Delivery Driver', 'Getaway Driver']",multiple
History,medium,Which of the following countries was the first to send an object into space?,Germany,"['USA', 'Russia', 'China']",multiple
Entertainment: Music,medium,Which genre of Hip Hop does MC Frontalot rap?,Nerdcore,"['Horrorcore', 'Christian', 'Crunk']",multiple
Entertainment: Music,medium,"Which of these is not a single by Pink Floyd guitarist, David Gilmour?",Sunset Strip,"['Rattle That Lock', 'Blue Light', 'Arnold Layne']",multiple
Entertainment: Television,easy,What was the name of the the first episode of Doctor Who to air in 1963?,An Unearthly Child,"['The Daleks', 'The Aztecs', 'The Edge of Destruction']",multiple
Science & Nature,hard,What element on the periodic table has 92 electrons?,Uranium,"['Sulfur', 'Hydrogen', 'Iron']",multiple
Entertainment: Music,hard,"What song includes the words ""Numa Numa"" which was subject to a Viral Video in 2004?",Dragostea Din Tei,"['Despacito', 'Gangnam Style', 'Asereje']",multiple
Entertainment: Books,medium,"In Alice in Wonderland, what is the name of Alice's kitten?",Dinah,"['Oscar', 'Heath', 'Smokey']",multiple
Entertainment: Video Games,hard,"Which character, in the game ""Morenatsu"", has the most possible endings to their route, at a total of four different endings?",Shin Kuroi,"['Kouya Aotsuki', 'Soutarou Touno', 'Torahiko Ooshima']",multiple
Entertainment: Video Games,medium,Who are the two protagonists of the game Yakuza 0?,Kazuma Kiryu and Goro Majima,"['Shintaro Kazama and Kazuma Kiryu', 'Keiji Shibusawa and Daisaku Kuze', 'Akira Nishikiyama and Tetsu Tachibana']",multiple
Animals,medium,"The ""mountain chicken"" is a chicken.",False,['True'],boolean
Entertainment: Film,medium,"Who directed the movie ""Alien""?",Ridley Scott,"['Christopher Nolan', 'Michael Bay', 'James Cameron']",multiple
Geography,hard,What is the largest city and commercial capital of Sri Lanka?,Colombo,"['Moratuwa', 'Negombo', 'Kandy']",multiple
Entertainment: Music,medium,What was the birthplace of musical artist 'Sir Robert Bryson Hall II' (aka. Logic)?,"Maryland, United States","['Atlanta, United States', 'London, United Kingdom', ' Botswana, Africa']",multiple
Entertainment: Books,easy,American illustrator and writer Maurice Sendak is most well-known for writing which children's book?,Where The Wild Things Are,"['The Neverending Story', 'Charlie and the Chocolate Factory', 'The Cat in the Hat']",multiple
Entertainment: Music,hard,"What event inspired The Cranberries song ""Zombie"" ?",The Warrington Bombings,"['September 11 Attacks', 'The Manchester Arena Bombing', 'The July 7th bombings']",multiple
Entertainment: Video Games,easy,What is the name of the City in Saints Row The Third?,Steelport,"['Stilwater', 'Carcer', 'Liberty']",multiple
Entertainment: Japanese Anime & Manga,easy,"What is the theme song of ""Neon Genesis Evangelion""?",A Cruel Angel's Thesis,"['Stardust Crusaders', 'Requiem for a Dream', 'God Knows']",multiple
Entertainment: Music,easy,Which music publication is often abbreviated to NME?,New Musical Express,"['New Metro Entertainment', 'Next Musical Enterprise', 'North Manchester Express']",multiple
Entertainment: Video Games,hard,"""Gimmick!"" is a Japanese Famicom game that uses a sound chip expansion in the cartridge. What is it called?",FME-7,"['VRC7', 'VRC6', 'MMC5']",multiple
Entertainment: Video Games,medium,"In the Resident Evil series, Leon S. Kennedy is a member of STARS.",False,['True'],boolean
Politics,medium,What is former United States President Bill Clinton's full name?,William Jefferson Clinton,"['William Roosevelt Clinton', 'William Truman Clinton', 'William Lincoln Clinton']",multiple
Entertainment: Video Games,easy,"In the Half-Life series, Gordon Freeman's signature weapon is a:",Crowbar,"['Sledgehammer', 'Fiber Wire', 'Katana']",multiple
Entertainment: Video Games,medium,"In ""Resident Evil 2"", what is Leon Kennedy's middle name?",Scott,"['Shaun', 'Simon', 'Sam']",multiple
Entertainment: Music,easy,Of which 90s boy band was Justin Timberlake a member?,*NSYNC,"['Backstreet Boys', 'Westlife', 'Boyzone']",multiple
Science: Computers,hard,Which of these is not a key value of Agile software development?,Comprehensive documentation,"['Individuals and interactions', 'Customer collaboration', 'Responding to change']",multiple
Science & Nature,hard,All of the following human genetic haplogroup names are shared between Y-chromosome and mitochondrial DNA haplogroups EXCEPT:,Haplogroup U,"['Haplogroup L', 'Haplogroup T', 'Haplogroup J']",multiple
Entertainment: Video Games,easy,What is the last name of the primary female protagonist of Final Fantasy VIII?,Heartilly,"['Loire', 'Almasy', 'Trepe']",multiple
Entertainment: Video Games,medium,"In WarioWare: Smooth Moves, which one of these is NOT a Form?",The Hotshot,"['The Discard', 'The Elephant', 'The Mohawk']",multiple
Entertainment: Video Games,medium,"In the game Pokémon Conquest, how many kingdoms make up the region of Ransei?",17,"['18', '15', '16']",multiple
Mythology,medium,Hera is god of...,Marriage,"['Agriculture', 'Sea', 'War']",multiple
Entertainment: Comics,medium,Which Batman sidekick is the son of Talia al Ghul?,Damian Wayne,"['Dick Grayson', 'Tim Drake', 'Jason Todd']",multiple
Entertainment: Film,easy,What is the oldest Disney film?,Snow White and the Seven Dwarfs,"['Pinocchio', 'Dumbo', 'Fantasia']",multiple
History,medium,What is the oldest US state?,Delaware,"['Rhode Island', 'Maine', 'Virginia']",multiple
Entertainment: Music,easy,Which one of the following musical instruments is NOT a part of the Woodwind section?,Trumpet,"['Clarinet', 'Oboe', 'Alto Saxophone']",multiple
Entertainment: Video Games,easy,What was the Maximum Level in World of Warcraft: Battle for Azeroth?,120,"['100', '90', '150']",multiple
Entertainment: Board Games,medium,Who is the main character in the VHS tape included in the board game Nightmare?,The Gatekeeper,"['The Kryptkeeper', 'The Monster', 'The Nightmare']",multiple
General Knowledge,hard,"If you planted the seeds of Quercus robur, what would grow?",Trees,"['Grains', 'Vegetables', 'Flowers']",multiple
Science: Computers,medium,All program codes have to be compiled into an executable file in order to be run. This file can then be executed on any machine.,False,['True'],boolean
Entertainment: Japanese Anime & Manga,medium,Which of the following manga have the most tankouban volumes?,Golgo 13,"[""JoJo's Bizarre Adventure"", 'Detective Conan', 'One Piece']",multiple
Entertainment: Comics,easy,"The ""Pepe"" meme originated from a comic drawn by Matt Furie called ""Boy's Club""?",True,['False'],boolean
Entertainment: Music,medium,"Who wrote the musical composition, ""Rhapsody In Blue""?",George Gershwin,"['Irving Berlin', 'Duke Ellington', 'Johnny Mandel']",multiple
Entertainment: Books,easy,"Which famous spy novelist wrote the childrens' story ""Chitty-Chitty-Bang-Bang""?",Ian Fleming,"['Joseph Conrad', 'John Buchan', 'Graham Greene']",multiple
Entertainment: Television,easy,"What is the real name of the famous spanish humorist, El Risitas?",Juan Joya Borga,"['Gabriel Garcia Marquez', 'Jesus Quintero', 'Ernesto Guevara']",multiple
Entertainment: Video Games,medium,What element does the Zinogre use in Monster Hunter?,Thunder,"['Ice', 'Fire', 'Water']",multiple
Entertainment: Film,hard,"What was the name of the actor who played Leatherface in the 1974 horror film, The Texas Chainsaw Massacre?",Gunnar Hansen,"['Edwin Neal', 'John Dugan', 'Joe Bill Hogan']",multiple
Geography,hard,What is the administrative centre and largest settlement on the Norwegian archipelago of Svalbard?,Longyearbyen,"['Sveagruva', 'Ny-Ålesund', 'Barentsburg']",multiple
Entertainment: Video Games,easy,Which of these is NOT a player class in Team Fortress 2?,Healer,"['Demoman', 'Pyro', 'Spy']",multiple
Entertainment: Video Games,medium,What two characters from the game Undertale are never in a relationship or not related?,Frisk & Chara,"['Sans & Papyrus', 'Toriel & Asgore', 'Alphys & Undyne']",multiple
Science & Nature,hard,Which of these is used to show that Earth spins on an axis? ,Foucault Pendulum ,"['Polaris', 'Sundial', 'Tectonic Plates ']",multiple
Animals,medium,What is the national bird of Bahrain?,Bulbul,"['Hummingbird', 'Falcon', 'Sparrow']",multiple
Entertainment: Video Games,hard,"""Exile"" and ""Revelations"" were the third and fourth installments of which PC game series?",Myst,"['Shivers', 'Doom', 'Tropico']",multiple
Entertainment: Video Games,easy,The Kerbol System (from Kerbal Space Program) includes a Saturn analogue.,False,['True'],boolean
Entertainment: Books,easy,"The ""Berenstein Bears"" is the correct spelling of the educational children's book series' name.",False,['True'],boolean
Entertainment: Video Games,easy,In which year was League of Legends released?,2009,"['2010', '2003', '2001']",multiple
Entertainment: Music,medium,"Who had hits in the 70s with the songs ""Lonely Boy"" and ""Never Let Her Slip Away""?",Andrew Gold,"['Elton John', 'Leo Sayer', 'Barry White ']",multiple
Entertainment: Books,easy,"Who was the author of the 1954 novel, ""Lord of the Flies""?",William Golding,"['Stephen King', 'F. Scott Fitzgerald', 'Hunter Fox']",multiple
Celebrities,medium,What year was O.J. Simpson aquitted of his murder charges?,1995,"['1992', '1996', '1991']",multiple
Entertainment: Video Games,easy,"In Animal Crossing, who is the manager of the town shop?",Tom Nook,"['Mr. Resetti', 'Gracie', 'K.K. Slider']",multiple
General Knowledge,easy,Why is the night sky dark? ,The universe is finite in age and size,"['Dust clouds absorb light ', ""Redshift doesn't let us see distant stars "", 'Quantum mechanics']",multiple
Entertainment: Television,medium,"The fictional movie 'Rochelle, Rochelle' features in which sitcom?",Seinfeld,"['Frasier', 'Cheers', 'Friends']",multiple
Geography,medium,The land of Gotland is located in which European country?,Sweden,"['Denmark', 'Norway', 'Germany']",multiple
History,hard,What did the first vending machines in the early 1880's dispense?,Post cards,"['Alcohol', 'Cigarettes', 'Sodas ']",multiple
Entertainment: Video Games,easy,"""The Potato Sack"" was a collection of indie games released on Steam in 2011 as a promotion for which game?",Portal 2,"['Left 4 Dead 2', 'Half-Life 3', 'Dota 2']",multiple
Entertainment: Cartoon & Animations,hard,"The first ever episode of Family Guy, ""Death Has A Shadow,"" aired on January 1st, 2002.",False,['True'],boolean
Entertainment: Video Games,easy,Which of these covert groups employs Sam Fisher to work as a Splinter Cell?,Third Echelon,"['Voron', 'Black Arrow', 'The Engineers']",multiple
Entertainment: Japanese Anime & Manga,hard,"Which animation studio animated ""Hidamari Sketch""?",Shaft,"['Trigger', 'Kyoto Animation', 'Production I.G']",multiple
Entertainment: Film,easy,"Who is the main protagonist in, the 1985 film, Back to the Future?",Marty McFly,"['Emmett ""Doc"" Brown', 'Biff Tannen', 'George McFly']",multiple
Science: Computers,easy,"The Electron computer was released in Britain during 1983 for the home computing market, by which company? ",Acorn Computers,"['Sinclair Research', 'Amstrad PLC', 'Commodore Business Machines']",multiple
Entertainment: Video Games,easy,Which of the following is not a faction in Tom Clancy's The Division?,CDC,"['Cleaners', 'Last Man Batallion', 'Rikers']",multiple
Entertainment: Video Games,hard,Which of these Generation 1 Pokemon did NOT have an evolution in Generation 4?,Jynx,"['Electabuzz', 'Magmar', 'Rhydon']",multiple
General Knowledge,medium,"What is the largest rapid transit system in the world by number of stations, with 472 stations in operation?",New York City Subway,"['Shanghai Metro', 'London Underground', 'Berlin U-Bahn']",multiple
Entertainment: Music,medium,Which one of these Rammstein songs has two official music videos?,Du Riechst So Gut,"['Du Hast', 'Benzin', 'Mein Teil']",multiple
History,easy,The majority of people that lived under the Byzantine Empire called themselves Romans.,True,['False'],boolean
General Knowledge,medium,Haggis is traditionally ate on Burns Night.,True,['False'],boolean
Entertainment: Japanese Anime & Manga,medium,When was the first episode of Soul Eater released?,2008,"['2003', '2005', '2011']",multiple
Entertainment: Japanese Anime & Manga,hard,"In ""One Piece"", who confirms the existence of the legendary treasure, One Piece?","Edward ""Whitebeard"" Newgate","['Former Marine Fleet Admiral Sengoku', 'Pirate King Gol D Roger', 'Silvers Rayleigh']",multiple
Celebrities,medium,Michael Jackson had a pet python named ‘Crusher’.,True,['False'],boolean
Entertainment: Video Games,hard,The first Grand Theft Auto was also planned for the Nintendo 64.,True,['False'],boolean
Animals,easy,The Killer Whale is considered a type of dolphin.,True,['False'],boolean
Entertainment: Video Games,easy,Rocket League is a game which features..,Cars,"['Helicopters', 'Planes', 'Submarines']",multiple
Entertainment: Film,easy,"In the movie ""Blade Runner"", what is the term used for human-like androids ?",Replicants,"['Cylons', 'Synthetics', 'Skinjobs']",multiple
Science & Nature,easy,Which of these Elements is a metalloid?,Antimony,"['Tin', 'Bromine', 'Rubidium']",multiple
General Knowledge,medium,Frank Lloyd Wright was the architect behind what famous building?,The Guggenheim,"['Villa Savoye', 'Sydney Opera House', 'The Space Needle']",multiple
Science: Mathematics,hard,Which of these numbers is closest to the total number of possible states for an army standard Enigma Machine?,1.58 x 10^20,"['1.58 x 10^22', '1.58 x  10^18', '1.58 x 10^24']",multiple
History,hard,"With which Greek philosopher would you associate the phrase, ""I know that I know nothing""?",Socrates,"['Aristotle', 'Plato', 'Pythagoras']",multiple
General Knowledge,easy,What airline was the owner of the plane that crashed off the coast of Nova Scotia in 1998?,Swiss Air,"['Air France', 'British Airways', 'TWA']",multiple
Entertainment: Film,hard,"In 2012, which movie won every category in the 32nd ""Golden Raspberry Awards""?",Jack and Jill,"['The Girl with the Dragon Tattoo', 'Thor', ""The King's Speech""]",multiple
Sports,easy,"In golf, what name is given to a hole score of two under par?",Eagle,"['Birdie', 'Bogey', 'Albatross']",multiple
Entertainment: Books,medium,"The book ""The Little Prince"" was written by...",Antoine de Saint-Exupéry,"['Miguel de Cervantes Saavedra', 'Jane Austen', 'F. Scott Fitzgerald']",multiple
Entertainment: Video Games,medium,What is not a default game mode in Counter-Strike (2000)?,Arms Race,"['Hostage Rescue', 'Bomb Defusal', 'Assassination']",multiple
Science & Nature,medium,Male pandas do handstands while urinating on trees. ,True,['False'],boolean
Entertainment: Video Games,medium,"What is the mod ""Cry of Fear"" based off of?",Half-Life,"['Counter Strike: Source', 'Half-Life 2', ""It's a stand alone game, not a mod""]",multiple
Entertainment: Music,easy,"The 2016 song ""Starboy"" by Canadian singer The Weeknd features which prominent electronic artist?",Daft Punk,"['deadmau5', 'Disclosure', 'DJ Shadow']",multiple
Entertainment: Video Games,easy,Which of these is a type of monster found in Minecraft?,Skeleton,"['Werewolf', 'Vampire', 'Minotaur']",multiple
History,medium,Which of these countries was sea charted in 1500 by the Portuguese maritime explorations?,Brazil,"['India', 'Mozambique', 'Madagascar']",multiple
General Knowledge,easy,What zodiac sign is represented by a pair of scales?,Libra,"['Aries', 'Capricorn', 'Sagittarius']",multiple
Entertainment: Music,hard,"Dallon Weekes, former touring basist of Panic! At the Disco, created his own band in 2016 called...",I Don't Know How But They Found Me,"['Cheats At Hide And Seek', 'Where Did You All Come From?', 'Run Away From The People']",multiple
Geography,medium,How many sovereign states are members of the United Nations?,195,"['201', '153', '178']",multiple
Entertainment: Video Games,easy,"What Ultimate does Makoto Naegi, protagonist of Danganronpa: Trigger Happy Havoc, have? ",Ultimate Lucky Student,"['Ultimate Unlucky Student', 'Ultimate Detective', 'Ultimate Runner']",multiple
General Knowledge,medium,What is the official language in Barcelona beside Spanish?,Catalan,"[' Galician', 'French', 'Basque']",multiple
Entertainment: Music,easy,Which of these are NOT a Men at Work song?,Basket Case,"['Dr. Heckyll and Mr. Jive', 'Who Can It Be Now?', 'Be Good Johnny']",multiple
Entertainment: Video Games,medium,"What is the name of the first boss the player encounters in the 2017 game, ""Little Nightmares""?",The Janitor,"['The Warden', 'The Caretaker', 'The Overseer']",multiple
Celebrities,hard,Who was Donald Trump's first wife?,Ivana Zelníčková,"['Melania Knauss', 'Marla Maples', 'Nancy Davis']",multiple
Entertainment: Video Games,medium,"In the ""Portal"" series, who was Cave Johnson's personal assistant?",Caroline,"['Heather', 'Melissa', 'Jane']",multiple
Entertainment: Music,hard,"Pete Townshend's solo album, ""White City: A Novel"", is set in the metropolitan area of Chicago.",False,['True'],boolean
History,easy,Who was the first prime minister of Canada?,John Macdonald,"['John Abbott', 'Alexander Mackenzie', 'Robert Borden']",multiple
Entertainment: Board Games,medium,"In ""Magic: The Gathering"", during the design for Planar Chaos, what color did the developers think of adding in as the sixth color?",Purple,"['Brown', 'Pink', 'Orange']",multiple
Entertainment: Video Games,medium,What is the name the location-based augmented reality game developed by Niantic before Pokémon GO?,Ingress,"['Aggress', 'Regress', 'Digress']",multiple
Entertainment: Video Games,easy,"In ""Sonic Adventure"", you are able to transform into Super Sonic at will after completing the main story.",False,['True'],boolean
Entertainment: Video Games,easy,Rollercoaster Tycoon 1 and 2 were developed by Chris Sawyer.,True,['False'],boolean
Entertainment: Television,easy,"In Two and a Half Men, what is Alan Harper's son's name?",Jake,"['John', 'Jeremy', 'James']",multiple
Entertainment: Film,medium,"Joan Cusack starred in the 2009 disaster movie, ""2012"".",False,['True'],boolean
Entertainment: Television,medium,Who plays the character of Dennis Reynolds on It's Always Sunny in Philadelphia?,Glenn Howerton,"['Rob McElhenney', 'Charlie Day', 'Danny DeVito']",multiple
General Knowledge,hard,"In the MMO RPG ""Realm of the Mad God"", what dungeon is widely considered to be the most difficult?",The Shatter's,"['Snake Pit', ""The Tomb of the Acient's"", ""The Puppet Master's Theater""]",multiple
History,hard,What was Napoleon Bonaparte's name before he changed it?,Napoleone di Buonaparte,"['Naapolion van Bonijpaart', 'Napoleão do Boaparte', 'Napoleona de Buenoparte']",multiple
Science: Computers,hard,Apple was on the verge of bankruptcy in 1997 and was saved by Microsoft,True,['False'],boolean
Science & Nature,easy,What is the hottest planet in the Solar System?,Venus,"['Mars', 'Mercury', 'Jupiter']",multiple
Geography,medium,Antarctica is the largest desert in the world.,True,['False'],boolean
Entertainment: Japanese Anime & Manga,easy,"The characters of ""Log Horizon"" are trapped in what game?",Elder Tale,"['Sword Art Online', 'Tower Unite', 'Yggdrasil']",multiple
Entertainment: Music,easy,"In the  Rossini opera, what was the name of 'The Barber of Seville'?",Figaro,"['Angelo', 'Fernando', 'Dave']",multiple
Science: Computers,medium,"The very first recorded computer ""bug"" was a moth found inside a Harvard Mark II computer.",True,['False'],boolean
Science: Computers,easy,How long is an IPv6 address?,128 bits,"['32 bits', '64 bits', '128 bytes']",multiple
Entertainment: Board Games,medium,Who was the first official world chess champion?,Wilhelm Steinitz,"['José Raúl Capablanca', 'Emanuel Lasker', 'Bobby Fischer']",multiple
Entertainment: Video Games,easy,"In Team Fortress 2, the weapon ""Your Eternal Reward"" is a reference to the 1992 film Aladdin.",True,['False'],boolean
Entertainment: Music,easy,"What is the stage name of English female rapper Mathangi Arulpragasam, who is known for the song ""Paper Planes""?",M.I.A.,"['K.I.A.', 'C.I.A.', 'A.I.A.']",multiple
Sports,medium,Which of these jersey numbers has Shaquille O'Neal never worn?,35,"['36', '33', '32']",multiple
Geography,hard,Which of these cities is NOT in England?,Edinburgh,"['Oxford', 'Manchester', 'Southampton']",multiple
Science & Nature,easy,About what percentage of the Earth's surface is water? ,70%,"['30%', '50%', '90%']",multiple
Entertainment: Books,hard,"In the Magic: The Gathering universe, which plane does the Homelands expansion take place in?",Ulgrotha,"['Bant', 'Llanowar', 'Tazeem']",multiple
Mythology,hard,Which Norse God has a horse named Sleipnir?,Odin,"['Thor', 'Frigg', 'Balder']",multiple
Science: Mathematics,medium,What numbers are in the 5th row of Pascal's Triangle?,1 4 6 4 1,"['1 3 3 1', '1 5 10 10 5 1', '1 6 15 20 15 6 1']",multiple
Entertainment: Board Games,medium,What letter is used to refer to blue mana in the card game Magic The Gathering?,U,"['B', 'L', 'E']",multiple
Entertainment: Video Games,medium,"In the Pokémon series, which type is Sudowoodo, the Imitation Pokémon?",Rock,"['Grass', 'Bug', 'Ground']",multiple
Entertainment: Video Games,medium,Which of the following Mario Kart 8 Deluxe items will NOT make you invincible?,Golden Mushroom,"['Star', 'Bullet Bill', 'Boo']",multiple
Entertainment: Japanese Anime & Manga,easy,"Satella in ""Re:Zero"" is the witch of what?",Envy,"['Pride', 'Sloth', 'Wrath']",multiple
Entertainment: Cartoon & Animations,easy,Which of the following did not feature in the cartoon 'Wacky Races'?,The Dragon Wagon,"['The Bouldermobile', 'The Crimson Haybailer', 'The Compact Pussycat']",multiple
History,medium,What year did the Vietnam War end?,1975,"['1978', '1967', '1969']",multiple
Science & Nature,hard,Burning which of these metals will produce a bright white flame?,Magnesium,"['Copper', 'Lithium', 'Lead']",multiple
Entertainment: Video Games,hard,"In the game Danganronpa: Happy Trigger Havoc, the character Aoi Asahina's ultimate ability is what?",Ultimate Swimmer,"['Ultimate Detective', 'Ultimate Gambler', 'Ultimate Dancer']",multiple
Entertainment: Film,medium,"Who is the director of the 1991 film ""Silence of the Lambs""?",Jonathan Demme,"['Stanley Kubrick', 'Frank Darabont', 'Michael Bay']",multiple
History,hard,The son of which pope supposedly held a lecherous fête involving 50 courtesans in the papal palace?,Alexander VI,"['Innocent V', 'Urban II', 'Pius III']",multiple
Entertainment: Video Games,hard,"Which is the model number of the common laser rifle found in Fallout 3, Fallout: New Vegas, and Fallout 4?",AER9,"['AER10', 'AER12', 'AER14']",multiple
Entertainment: Video Games,easy,What is the most expensive weapon in Counter-Strike: Global Offensive?,Scar-20/G3SG1,"['M4A1', 'AWP', 'R8 Revolver']",multiple
General Knowledge,easy,"If you are caught ""Goldbricking"", what are you doing wrong?",Slacking,"['Smoking', 'Stealing', 'Cheating']",multiple
Entertainment: Cartoon & Animations,easy,"Who created the Cartoon Network series ""Adventure Time""?",Pendleton Ward,"['J. G. Quintel', 'Ben Bocquelet', 'Rebecca Sugar']",multiple
Entertainment: Video Games,medium,"The mobile game ""Jetpack Joyride"" was released in what year? ",2011,"['2012', '2009', '2014']",multiple
Science & Nature,hard,Where is the Gluteus Maximus muscle located?,Butt,"['Arm', 'Head', 'Torso']",multiple
Entertainment: Film,medium,"What is the name of the villian in the 2015 Russian-American Sci-Fi Movie ""Hardcore Henry""?",Akan,"['Estelle', 'Jimmy', 'Henry']",multiple
Entertainment: Video Games,medium,"By how many minutes are you late to work in ""Half-Life""?",30,"['5', '60', '15']",multiple
History,hard,When did Spanish Peninsular War start?,1808,"['1806', '1810', '1809']",multiple
Entertainment: Music,hard,Which of these songs is NOT included in the Suicide Squad OST?,Skies on Fire - AC/DC,"['Heathens - Twenty One Pilots', 'Without Me - Eminem', 'Fortunate Son - Creedence Clearwater Revival']",multiple
History,medium,In what year did the North American Video Game Crash occur?,1983,"['1982', '1993', '1970']",multiple
History,medium,Who was the first explorer to sail to North America?,Leif Erikson,"['Christopher Columbus', 'Amerigo Vespucci', 'Ferdinand Magellan']",multiple
History,medium,What was the code name for the German invasion of the Soviet Union in WW2?,Operation Barbarossa,"['Operation Kaiserschlact', 'Operation Unthinkable', 'Operation Molotov']",multiple
Entertainment: Video Games,medium,What is the name of the protagonist of Life Is Strange?,Max Caulfield,"['Frank Bowers', 'Rachel Amber', 'Kate Marsh']",multiple
General Knowledge,medium,Bob and Mike Bryan were well known brothers in which sport?,Tennis,"['Basketball', 'Football', 'Baseball']",multiple
History,medium,The 15th century conflicts between the Houses of York and Lancaster are known as the Wars of the what?,Wars of the Roses,"['Wars of the Lillies', 'Wars of the Daffodils', 'Wars of the Tulips']",multiple
Entertainment: Japanese Anime & Manga,easy,"What anime studio was in charge of the hit anime ""Made in Abyss""?",Kinema Citrus,"['Trigger', 'Studio 3hz', '8bit']",multiple
Entertainment: Music,medium,"Who recorded the album called ""Down to the Moon"" in 1986?",Andreas Vollenweider,"['Jean-Michel Jarre', 'Bing Crosby', 'Enya']",multiple
Entertainment: Video Games,medium,POLYBIUS is a myth arcade cabinet/game,True,['False'],boolean
Geography,medium,Vietnam is the only country in the world that starts with V. ,False,['True'],boolean
Geography,medium,How many countries share a land border with Luxembourg?,3,"['4', '2', '5']",multiple
History,medium,The two atomic bombs dropped on Japan by the United States in August 1945 were named 'Little Man' and 'Fat Boy'.,False,['True'],boolean
Science & Nature,medium,The French scientists Louis Pasteur and Émile Roux developed the first rabies vaccination in 1885.,True,['False'],boolean
Entertainment: Music,easy,Which brass instrument has the lowest pitch in an orchestra?,Tuba,"['Trumpet', 'Saxophone', 'Trombone']",multiple
History,easy,Who succeded Josef Stalin as the leader of the Soviet Union?,Nikita Krushchev,"['Lavrentiy Beria', 'Vyacheslav Molotov', 'Georgy Malenkov']",multiple
Entertainment: Japanese Anime & Manga,medium,"How does the character Dragowizard, Qinus Axia's from the anime ""Buddyfight"" differ between the Japanese and English dubs?",Different Gender,"['Different Body Proportions', 'Different Backstory', 'Different Appearance']",multiple
Science: Computers,medium,Moore's law originally stated that the number of transistors on a microprocessor chip would double every...,Year,"['Four Years', 'Two Years', 'Eight Years']",multiple
Entertainment: Music,medium,Pearl Jam was originally named after which sports figure?,Mookie Blaylock,"['Oil Can Boyd', 'Danger Fourpence', 'Blue Moon Odom']",multiple
Entertainment: Television,hard,"In ""Donkey Kong Country"", why does Donkey Kong want to know the secret of the crystal coconut?",He's the big kahuna.,"['To find out where all the bananas are.', 'Because Diddy Kong forced him.', 'He wants to punish brutes.']",multiple
Mythology,easy,The ancient Roman god of war was commonly known as which of the following?,Mars,"['Jupiter', 'Juno', 'Ares']",multiple
History,medium,"What is the bloodiest event in United States history, in terms of casualties?",Battle of Antietam,"['Pearl Harbor', 'September 11th', 'D-Day']",multiple
General Knowledge,easy,The mitochondria is the powerhouse of the cell.,True,['False'],boolean
Entertainment: Film,easy,"In Big Hero 6, what fictional city is the Big Hero 6 from?",San Fransokyo,"['San Tokyo', 'Tokysisco', 'Sankyo']",multiple
Entertainment: Japanese Anime & Manga,hard,"Who was the Director of the 1988 Anime film ""Grave of the Fireflies""?",Isao Takahata,"['Hayao Miyazaki', 'Satoshi Kon', 'Sunao Katabuchi']",multiple
Geography,easy,Argentina's name comes from the latin name for Silver.,True,['False'],boolean
Science: Mathematics,medium,"To the nearest whole number, how many radians are in a whole circle?",6,"['3', '4', '5']",multiple
Geography,medium,Which islands below have been claimed by both Japan and Russia?,Kuril Islands,"['Paracel Islands', 'Chagos Islands', 'Spratly Islands']",multiple
Entertainment: Video Games,medium,"What name did ""Mario"", from ""Super Mario Brothers"", originally have?",Ossan,"['Jumpman', 'Mr. Video', 'Mario']",multiple
Entertainment: Video Games,medium,Final Fantasy VI was originally released outside Japan under what name?,Final Fantasy III,"['Final Fantasy VI', 'Final Fantasy V', 'Final Fantasy II']",multiple
Science: Mathematics,hard,"The notion of a ""set that contains all sets which do not contain themselves"" is a paradoxical idea attributed to which English philosopher?",Bertrand Russel,"['Francis Bacon', 'John Locke', 'Alfred North Whitehead']",multiple
Entertainment: Video Games,medium,"In Touhou 12: Undefined Fantastic Object, which of these was not a playable character?",Izayoi Sakuya,"['Hakurei Reimu', 'Kirisame Marisa', 'Kochiya Sanae']",multiple
Entertainment: Video Games,medium,"In ""Warhammer: End Times - Vermintide"", what is the name of the rat faction you fight in the game?",Skaven,"['Ratmen', 'The Horde', 'Chaos']",multiple
Geography,easy,Colombia is named after Christopher Columbus.,True,['False'],boolean
Entertainment: Video Games,medium,"In The Elder Scrolls V: Skyrim, who is the jester in the dark brotherhood?",Cicero,"['Lucien Lachance', 'Archimedes', 'Astrid']",multiple
Entertainment: Television,easy,"What is the name of Chris's brother in ""Everybody Hates Chris""?",Drew,"['Jerome', 'Greg', 'Joe']",multiple
Sports,medium,Which professional wrestler fell from the rafters to his death during a live Pay-Per-View event in 1999?,Owen Hart,"['Chris Benoit', 'Lex Luger', 'Al Snow']",multiple
Entertainment: Film,easy,"The movie ""The Nightmare before Christmas"" was all done with physical objects.",True,['False'],boolean
Science & Nature,medium,"Scientists accidentally killed the once known world's oldest living creature, a mollusc, known to be aged as 507 years old.",True,['False'],boolean
Entertainment: Video Games,medium,"What was the first ""Team Fortress 2"" update to include a war?",Sniper vs. Spy Update,"['WAR! Update', 'Meet Your Match Update', 'Spy Vs. Engineer Update']",multiple
History,easy,The French Kingdom helped the United States gain their independence over Great Britain during the Revolutionary War.,True,['False'],boolean
Entertainment: Film,medium,"Which actor played the main character in the 1990 film ""Edward Scissorhands""?",Johnny Depp,"[' Clint Eastwood', 'Leonardo DiCaprio', 'Ben Stiller']",multiple
Politics,medium,What are the first names of the first father and son pair that were both Prime Ministers of Canada?,Justin and Pierre,"['John and Louis', 'Brian and Justin', 'Brian and Pierre']",multiple
Entertainment: Japanese Anime & Manga,medium,"Who voices the character ""Reigen""  in the English dub of ""Mob Psycho 100""?",Chris Niosi,"['Max Mittelman', 'Kyle McCarley', 'Casey Mongillo']",multiple
Entertainment: Film,easy,"In the movie ""Cast Away"" the main protagonist's best friend while on the island is named",Wilson,"['Carson', 'Jackson', 'Willy']",multiple
Entertainment: Japanese Anime & Manga,medium,What studio animated Fullmetal Alchemist?,Bones,"['Trigger', 'Pierrot', 'xebec']",multiple
Entertainment: Video Games,easy,"Which of the following games was NOT included in Valve's ""The Orange Box""?",Left 4 Dead,"['Half-Life 2: Episode Two', 'Portal', 'Team Fortress 2']",multiple
History,hard,When was the Gregorian Calendar first adopted?,1582,"['1623', '1501', '1555']",multiple
General Knowledge,easy,What is the full meaning of RAM?,Random Access Memory,"['Random Assist Memory', 'Rand Assist Mandate', 'Ram']",multiple
Geography,hard,What is the capital of Suriname?,Paramaribo,"['Antananarivo', 'Tegucigalpa', 'Sucre']",multiple
Science: Mathematics,medium,"A mathematical constant, known as ""The Golden Ratio"", is most commonly represented by which greek letter?",Φ (phi),"['π (pi)', 'Ψ (psi)', 'Τ (tau)']",multiple
Entertainment: Music,hard,"This album, now considered to be one of the greatest of all time, was a commercial failure when it was released.",The Velvet Underground and Nico,"['Abbey Road', 'Led Zeppelin IV', 'Pet Sounds']",multiple
Entertainment: Board Games,easy,"In a standard game of Monopoly, what colour are the two cheapest properties?",Brown,"['Green', 'Yellow', 'Blue']",multiple
Geography,hard,What is the tallest mountain in Canada?,Mount Logan,"['Mont Tremblant', 'Whistler Mountain', 'Blue Mountain']",multiple
Celebrities,medium,"What is the real name of ""moot"", founder of the imageboard 4chan?",Christopher Poole,"['Mark Zuckerberg', 'Allison Harvard', 'Catie Wayne']",multiple
Entertainment: Japanese Anime & Manga,medium,"What year does Part 7 of ""JoJo's Bizarre Adventure"" take place in?",1890,"['1888', '1999', '2003']",multiple
Geography,medium,Which of the following is not a megadiverse country - one that harbors a high number of the earth's endemic species?,Thailand,"['Peru', 'Mexico', 'South Africa']",multiple
Entertainment: Music,medium,"In music theory, how many notes are in a seventh chord?",4,"['3', '7', '2']",multiple
Geography,medium,How many counties in the Republic of Ireland.,26,"['32', '28', '30']",multiple
Entertainment: Film,medium,"Who voices the main character Blu in the 2011 animated film ""Rio""?",Jesse Eisenberg,"['Michael Cera', 'Jonah Hill', 'Zach Galifianakis']",multiple
General Knowledge,easy,The color orange is named after the fruit.,True,['False'],boolean
Entertainment: Video Games,easy,"Who is the writer of the game ""Half-Life""?",Marc Laidlaw,"['Gabe Newell', 'Robin Walker', 'Chet Faliszek']",multiple
Entertainment: Video Games,medium,"Which of these is not a playable character in ""Enter The Gungeon?""",The Heavy,"['The Bullet', 'The Robot', 'The Cultist']",multiple
Science & Nature,medium,What is the name of the cognitive bias wherein a person with low ability in a particular skill mistake themselves as being superior?,Dunning-Kruger effect,"['Meyers-Briggs effect', 'Müller-Lyer effect', 'Freud-Hall effect']",multiple
Entertainment: Video Games,hard,"The video game ""Fuel"" has an open world that is 5,560 square miles?",True,['False'],boolean
Entertainment: Music,easy,What album did The Lumineers release in 2016?,Cleopatra,"['Winter', 'The Lumineers', 'Tracks From The Attic']",multiple
Science & Nature,medium,What is the standard SI unit for electric current?,Ampere,"['Volt', 'Ohm', 'Watt']",multiple
Entertainment: Music,medium,"Pink Guy's debut album was ""Pink Season"".",False,['True'],boolean
Entertainment: Music,medium,"The 2023 Beatles song ""Now and Then"" originated from an unfinished demo recorded by which Beatle?",John Lennon,"['Paul McCartney', 'George Harrison', 'Ringo Starr']",multiple
Politics,easy,"There was a satirical candidate named ""Deez Nuts"" running in the 2016 US presidential elections.",True,['False'],boolean
Animals,medium,What is the scientific name of the Common Chimpanzee?,Pan troglodytes,"['Gorilla gorilla', 'Pan paniscus', 'Panthera leo']",multiple
Entertainment: Board Games,easy,How many spaces are there on a standard Monopoly board?,40,"['28', '55', '36']",multiple
Entertainment: Video Games,medium,"In the game Pokémon Conquest, which warlord is able to bond with Zekrom and a shiny Rayquazza?",Nobunaga,"['The Player', 'Oichi', 'Hideyoshi']",multiple
History,hard,Which countries participated in the Lobster War?,France and Brazil,"['Canada and Norway', 'Australia and New Zealand', 'United States and England']",multiple
Entertainment: Television,easy,Which Star Trek race advances itself through assimilation?,Borg,"['Vulcan', 'Betazoid', 'Klingon']",multiple
Entertainment: Music,medium,Which of these Johns was murdered by gunshots outside the Dakota in New York in 1980?,John Lennon,"['Johnny Thunders', 'John Denver', 'John Cascella']",multiple
History,easy,Which one of these was not a beach landing site in the Invasion of Normandy?,Silver,"['Gold', 'Juno', 'Sword']",multiple
History,medium,Who is attributed credit for recording the epic poem The Odyssey?,Homer,"['Aristotle', 'Odysseus', 'Socrates']",multiple
Entertainment: Video Games,medium,Which one of these was not a member of the Fiendish Five in the game Sly Cooper and the Thievius Raccoonus?,Dimitri Lousteau,"['Mz. Ruby', 'Muggshot', 'Clockwerk']",multiple
History,medium,"When did the United States formally declare war on Japan, entering World War II?","December 8, 1941","['June 6, 1944', 'June 22, 1941', 'September 1, 1939']",multiple
Entertainment: Music,hard,"The song ""Mystery Train"" was released by artist ""Little Junior's Blue Flames"" in 1953.",True,['False'],boolean
Entertainment: Film,medium,Which movie sequel had improved box office results compared to its original film?,Toy Story 2,"['Sin City: A Dame to Kill For', 'Speed 2: Cruise Control', 'Son of the Mask']",multiple
Entertainment: Board Games,hard,"How many rooms are there, not including the hallways and the set of stairs, in the board game ""Clue""?",9,"['1', '6', '10']",multiple
Science: Mathematics,medium,The set of all algebraic numbers is countable.,True,['False'],boolean
History,hard,Bohdan Khmelnytsky was which of the following?,Leader of the Ukrainian Cossacks,"['General Secretary of the Communist Party of the USSR', 'Prince of Wallachia', 'Grand Prince of Novgorod']",multiple
Entertainment: Japanese Anime & Manga,medium,What colour hair does the main character of the Yu-Gi-Oh! original anime series have?,"Red, black and yellow","['Red, yellow and green', 'Red, black and green', 'Red, purple and blue']",multiple
Entertainment: Music,easy,Which Twitch streamer is the vocalist for Red Vox?,Vinesauce,"['The8BitDrummer', 'LIRIK', 'Sodapoppin']",multiple
History,hard,What was the last colony the UK ceded marking the end of the British Empire?,Hong Kong,"['India', 'Australia', 'Ireland']",multiple
General Knowledge,easy,Which of the following is not an Ivy League University?,Stanford,"['University of Pennsylvania', 'Harvard', 'Princeton']",multiple
History,easy,In what year was the M1911 pistol designed?,1911,"['1907', '1899', '1917']",multiple
Science & Nature,easy,"What was the name of the first artificial Earth satellite, launched by the Soviet Union in 1957?",Sputnik 1,"['Soyuz 7K-OK', 'Zenit-2', 'Voskhod 3KV']",multiple
General Knowledge,medium,All Souls and Merton are constituent colleges of what university?,Oxford,"['Cambridge', 'Manchester', 'Leeds']",multiple
Entertainment: Video Games,medium,"In Team Fortress 2, which class wields a shotgun?",Everyone Listed,"['Heavy', 'Soldier', 'Engineer']",multiple
Science: Gadgets,easy,When was the DVD invented?,1995,"['2000', '1990', '1980']",multiple
Entertainment: Video Games,medium,Which team won the first Overwatch League championship?,London Spitfire,"['Philadelphia Fusion', 'New York Excelsior', 'Seoul Dynasty']",multiple
General Knowledge,medium,What fast food chain has the most locations globally? ,Subway,"['Starbucks', 'McDonalds', 'KFC']",multiple
History,hard,When did Lithuania declare independence from the Soviet Union?,"March 11th, 1990","['December 25th, 1991', 'December 5th, 1991', 'April 20th, 1989']",multiple
Science & Nature,easy,How many planets are in our Solar System?,Eight,"['Nine', 'Seven', 'Ten']",multiple
Geography,medium,What is the busiest port in Europe?,Port of Rotterdam,"['Port of Antwerp', 'Port of Hamburg', 'Port of Amsterdam']",multiple
Entertainment: Television,easy,Which of the following awards do Matt Stone and Trey Parker NOT have?,Oscar,"['Emmy', 'Tony', 'Grammy']",multiple
General Knowledge,easy,"What country has had prime ministers named Eden, Major, Peel, Law, Brown and Heath?",United Kingdom,"['Australia', 'New Zealand', 'Canada']",multiple
Geography,medium,What is the capital city of Slovenia?,Ljubljana,"['Maribor', 'Velenje', 'Trbovlje']",multiple
Entertainment: Film,easy,Who plays Alice in the Resident Evil movies?,Milla Jovovich,"['Madison Derpe', 'Milla Johnson', 'Kim Demp']",multiple
History,hard,Which U.S. president was said to have been too honest to lie to his father about chopping down a cherry tree?,George Washington,"['Abraham Lincoln', 'Thomas Jefferson', 'James Monroe']",multiple
Entertainment: Comics,hard,"In the comic book ""Archie"", Betty is friends with Veronica because she is rich.",False,['True'],boolean
History,medium,The fraudelent doctor John R. Brinkley acummulated great fame and wealth in the early 1900s offering what service?,Goat testicles transplant,"['Pig blood transfusion', 'Cow liver transplant', 'Turkey breast implants']",multiple
Entertainment: Japanese Anime & Manga,easy,Who was a voice actor for the English dubbing of HOWL'S MOVING CASTLE (2004)?,Christian Bale,"['Matt Damon', 'Joseph Gordon-Levitt', 'Willem Dafoe']",multiple
Entertainment: Books,medium,What is the fourth book of the Old Testament?,Numbers,"['Genesis', 'Exodus', 'Leviticus']",multiple
Celebrities,easy,What does film maker Dan Bell typically focus his films on?,Abandoned Buildings and Dead Malls,"['Historic Landmarks', 'Action Films', 'Documentaries ']",multiple
Art,medium,What nationality was the surrealist painter Salvador Dali?,Spanish,"['Italian', 'French', 'Portuguese']",multiple
Sports,medium,What is the oldest team in the NFL?,Arizona Cardinals,"['Chicago Bears', 'Green Bay Packers', 'New York Giants']",multiple
Entertainment: Video Games,medium,Which episode of the Phantasy Star Online series is exclusive to the Nintendo Gamecube?,Episode III,"['Episode I', 'Episode II', 'Episode IV']",multiple
Entertainment: Video Games,hard,The voice actor for which Portal 2 character was not a TV or film actor prior to the game?,GLaDOS,"['Cave Johnson', 'Wheatley', 'Atlas / P-Body']",multiple
Entertainment: Video Games,medium,How many permanent companions are there in the base game version of Fallout: New Vegas?,8,"['7', '9', '6']",multiple
Entertainment: Video Games,hard,Unturned originally started as a Roblox game.,True,['False'],boolean
Entertainment: Music,medium,Pink Floyd made this song for their previous lead singer Syd Barrett.,Shine On You Crazy Diamond,"['Wish You Were Here', 'Have A Cigar', 'Welcome to the Machine']",multiple
Geography,medium,Which country ranks first in the number of historically active volcanoes?,Indonesia,"['Japan', 'USA', 'India']",multiple
Sports,medium,What city did the Lakers represent before relocating to Los Angeles?,Minneapolis,"['Philadelphia', 'Chicago', 'San Francisco']",multiple
Science & Nature,hard,Which Landsat Satellite currently has had the longest operational life?,Landsat 5,"['Landsat 8', 'Landsat 7', 'Landsat 6']",multiple
Science & Nature,medium,What is the molecular formula of the active component of chili peppers(Capsaicin)?,C18H27NO3,"['C21H23NO3', 'C6H4Cl2', 'C13H25NO4']",multiple
Entertainment: Video Games,medium,"Hidden in the files for ""Mario Kart Arcade GP"" is a picture of the Beslan school hostage crisis.",True,['False'],boolean
Entertainment: Television,medium,"In AMC's ""The Walking Dead,"" the characters Rick, Carl, Daryl, Morgan, Carol and Maggie were introduced in Season 1.",False,['True'],boolean
Entertainment: Japanese Anime & Manga,medium,"The heroine of ""Humanity Has Declined"" is a mediator between humans and what?",Fairies,"['Elves', 'The Earth', 'Animals']",multiple
Vehicles,medium,Which of the following countries has officially banned the civilian use of dash cams in cars?,Austria,"['United States', 'Czechia', 'South Korea']",multiple
Entertainment: Television,easy,"How many seasons did ""Stargate SG-1"" have?",10,"['3', '7', '12']",multiple
General Knowledge,hard,"The word ""astasia"" means which of the following?",The inability to stand up,"['The inability to make decisions', 'The inability to concentrate on anything', ""A feverish desire to rip one's clothes off""]",multiple
Geography,medium,Which of these is NOT a city in Saudi Arabia?,Dubai,"['Riyadh', 'Mecca', 'Medina']",multiple
Entertainment: Video Games,medium,When was Final Fantasy XV released?,"November 29th, 2016","['October 25th, 2016', 'December 31th, 2016', 'November 30th, 2016']",multiple
History,medium,When did construction of the Suez Canal finish?,1869,"['1859', '1860', '1850']",multiple
Entertainment: Television,medium,"In which year did the British television series ""The Bill"" end?",2010,"['2001', '2007', '2012']",multiple
Science: Computers,medium,How many bytes are in a single Kibibyte?,1024,"['2400', '1000', '1240']",multiple
Entertainment: Board Games,easy,"In the Dungeons and Dragons universe, Beshaba is the deity of bad luck. ",True,['False'],boolean
Entertainment: Board Games,hard,"Which ability from the ""Magic: The Gathering"" Scars of Mirrodin expansion involves having at least three artifacts in play?",Metalcraft,"['Affinity', 'Imprint', 'Living Weapon']",multiple
Entertainment: Video Games,hard,"In ""Team Fortress 2"", what is the fastest taunt kill that can be pulled off?",Showdown,"['Hadouken', 'Organ Grinder', 'Skewer']",multiple
Entertainment: Cartoon & Animations,medium,Night on Bald Mountain was one of the musical pieces featured in Disney's 1940's film Fantasia.,True,['False'],boolean
Entertainment: Music,medium,"Cryoshell, known for ""Creeping in My Soul"" did the advertising music for what Lego Theme?",Bionicle,"['Hero Factory', 'Ben 10 Alien Force', 'Star Wars']",multiple
Entertainment: Japanese Anime & Manga,easy,Which of the following originated as a manga?,Akira,"['Cowboy Bebop', 'High School DxD', 'Gurren Lagann']",multiple
Animals,hard,What is the scientific name for the Bald Eagle?,Haliaeetus Leucocephalus ,"['Tyto Alba', 'Cyanocitta Cristata', 'Aquila Chrysaetos']",multiple
Entertainment: Comics,hard,"In the Hellboy universe, what was Abe Sapien's birth name?",Langdon Everett Caul,"['Lord Baltimore', 'Sir Edward Grey', 'Landis Pope']",multiple
Entertainment: Music,hard,"Who wrote the song ""You Know You Like It""?",AlunaGeorge,"['DJ Snake', 'Steve Aoki', 'Major Lazer']",multiple
Entertainment: Video Games,medium,Who is the main antagonist of Silent Hill 4?,Walter Sullivan,"['Alessa Gillespie', 'Pyramid Head', 'Claudia Wolf']",multiple
History,hard,"What did the abbreviation ""RMS"" stand for in the RMS Titanic in 1912?",Royal Mail Ship,"['Royal Majesty Service', 'Regular Maritime Schedule ', 'Regulated Maelstrom Sensor']",multiple
Entertainment: Music,easy,When was Gangnam Style uploaded to YouTube?,2012,"['2013', '2014', '2011']",multiple
Entertainment: Video Games,easy,What is the maximum HP in Terraria?,500,"['400', '1000', '100']",multiple
Science & Nature,easy,What is the chemical makeup of water?,H20,"['C12H6O2', 'CO2', 'H']",multiple
Entertainment: Video Games,easy,"In ""Call Of Duty: Zombies"", what is the name of the machine that upgrades weapons?",Pack-A-Punch,"['Wunderfizz', 'Gersch Device', 'Mule Kick']",multiple
Entertainment: Television,medium,"In the Doctor Who universe, how many times can a time lord normally regenerate?",12,"['11', '13', '15']",multiple
Entertainment: Video Games,medium,What is the subtitle for Gran Turismo 3?,A-Spec,"['Championship', 'Drive', 'Nitro']",multiple
Entertainment: Video Games,easy,"League of Legends, DOTA 2, Smite and Heroes of the Storm are all part of which game genre?",Multiplayer Online Battle Arena (MOBA),"['Real Time Strategy (RTS)', 'First Person Shooter (FPS)', 'Role Playing Game (RPG)']",multiple
Entertainment: Music,medium,"Rapper Snoop Dogg's real name is 'Cordozar Calvin Broadus, Jr.'.",True,['False'],boolean
History,hard,"During World War I, which nation's monarchs were blood related?","England, Germany, Russia","['France, Russia, Germany', 'Serbia, Russia, Croatia', 'Germany, Spain, Austria']",multiple
Entertainment: Film,easy,Which actress danced the twist with John Travolta in 'Pulp Fiction'?,Uma Thurman,"['Kathy Griffin', 'Pam Grier', 'Bridget Fonda']",multiple
Entertainment: Video Games,medium,Which one of these games wasn't released in 2016?,Metal Gear Solid V,"[""Tom Clancy's The Division"", 'Killing Floor 2', 'Hitman']",multiple
Science: Computers,easy,"In computing, what does MIDI stand for?",Musical Instrument Digital Interface,"['Musical Interface of Digital Instruments', 'Modular Interface of Digital Instruments', 'Musical Instrument Data Interface']",multiple
General Knowledge,medium,When was Hubba Bubba first introduced?,1979,"['1984', '1972', '1980']",multiple
Entertainment: Video Games,medium,"In the game Overwatch, which hero out of the following 4 is from Brazil?",Lúcio,"['Sombra', 'McCree', 'Symmetra']",multiple
Entertainment: Music,hard,"Björk's ""Unison"" contains a sample of which Oval song?",Aero Deck,"['Textuell', 'Panorama', 'Do While']",multiple
Geography,easy,California is larger than Japan.,True,['False'],boolean
Entertainment: Video Games,easy,Which eSports team came first place in The International Dota 2 Championship 2016?,Wings Gaming,"['Digital Chaos', 'Evil Geniuses', 'Fnatic']",multiple
Geography,medium,Which of the following is the longest river in Europe?,Volga,"['Danube', 'Ural', 'Dnieper']",multiple
Geography,easy,Which country is the home of the largest Japanese population outside of Japan?,Brazil,"['China', 'Russia', 'The United States']",multiple
History,medium,Which Greek god was the god of the Sun?,Helios,"['Zeus', 'Hades', 'Poseidon']",multiple
Geography,hard,How many countries border Kyrgyzstan?,4,"['3', '1', '6']",multiple
Entertainment: Video Games,medium,Which football player is featured on the international cover version of the video game FIFA 16?,Lionel Messi,"['Cristiano Ronaldo', 'Wayne Rooney', 'David Beckham']",multiple
Entertainment: Music,medium,The Beatles' band name was inspired by the band The Crickets.,True,['False'],boolean
General Knowledge,medium,Pure water effectively conducts electricity ,False,['True'],boolean
Entertainment: Video Games,easy,What is the first weapon you acquire in Half-Life?,A crowbar,"['A pistol', 'The H.E.V suit', 'Your fists']",multiple
Science & Nature,medium,"The humerus, paired radius, and ulna come together to form what joint?",Elbow,"['Knee', 'Sholder', 'Ankle']",multiple
Entertainment: Books,easy,"The Harry Potter series of books, combined, are over 1,000,000 words in length.",True,['False'],boolean
Entertainment: Video Games,medium,"In ""World of Warcraft,"" what dragon appears in the human guise of Lord Victor Nefarius?",Nefarian,"['Nefarius', 'Neltharion', 'Nefaran']",multiple
Science: Computers,medium,"In CSS, which of these values CANNOT be used with the ""position"" property?",center,"['static', 'absolute', 'relative']",multiple
Entertainment: Music,medium,Who had a 1976 hit with the song 'You Make Me Feel Like Dancing'?,Leo Sayer,"['Elton John', 'Billy Joel', 'Andy Gibb']",multiple
Science & Nature,medium,Down Syndrome is usually caused by an extra copy of which chromosome?,21,"['23', '15', '24']",multiple
Science: Computers,easy,What does CPU stand for?,Central Processing Unit,"['Central Process Unit', 'Computer Personal Unit', 'Central Processor Unit']",multiple
History,easy,Who was the first American in space?,Alan Shephard,"['Neil Armstrong', 'John Glenn', 'Jim Lovell']",multiple
Vehicles,medium,"The British Rail Class 700, Class 707 and the Class 717 are part of what train family?",Desiro City,"['Networker', 'Aventra', 'Electrostar']",multiple
Entertainment: Film,hard,Which boxer was famous for striking the gong in the introduction to J. Arthur Rank films?,Bombardier Billy Wells,"['Freddie Mills', 'Terry Spinks', 'Don Cockell']",multiple
History,medium,When was Napoleon Bonaparte crowned emperor of the French? , December 2nd 1804,"[' July 3rd 1802', ' March 8th 1803', ' October 15th 1804']",multiple
History,medium,Hong Kong was a part of which country's territory before Britain regained it in 1945?,Japan,"['China', 'Phillipines', 'French Indonesia']",multiple
Entertainment: Video Games,medium,The character Wario was first introduced in which game of the Mario video game franchise?,Super Mario Land 2: 6 Golden Coins (1992),"['Super Mario Bros. 3 (1988)', 'Wario Land: Super Mario Land 3 (1994)', 'Mario Party (1998)']",multiple
Science & Nature,easy,What is the standard SI unit for distance?,Metre,"['Angstrom', 'Foot', 'Fathom']",multiple
Entertainment: Music,hard,What year was Huun Huur Tu's album Altai Sayan Tandy-Uula released? ,2004,"['1993', '2006', '2010']",multiple
Animals,easy,A caterpillar has more muscles than humans do.,True,['False'],boolean
Entertainment: Music,medium,Which of these artists has NOT been a member of dancehall group Major Lazer?,Skrillex,"['Diplo', 'Jillionaire', 'Walshy Fire']",multiple
Entertainment: Music,hard,Which of Michael Jackson's albums sold the most copies?,Thriller,"['Dangerous', 'Bad', 'Off the Wall']",multiple
Entertainment: Video Games,easy,How many carbon cars are there in Burnout Paradise?,6,"['4', '3', '5']",multiple
Science: Mathematics,hard,L'Hôpital was the mathematician who created the homonymous rule that uses derivatives to evaluate limits with indeterminations.,False,['True'],boolean
Entertainment: Japanese Anime & Manga,easy,"What caused the titular mascot of Yo-Kai Watch, Jibanyan, to become a yokai?",Being run over by a truck,"['Ate one too many chocobars', 'Through a magical ritual', 'When he put on the harmaki']",multiple
Science & Nature,hard,What nucleotide pairs with guanine?,Cytosine,"['Thymine', 'Adenine', 'Uracil']",multiple
General Knowledge,medium,"The bikini is named after the ""Bikini Atoll"", an island where the United States conducted tests on atomic bombs.",True,['False'],boolean
Entertainment: Video Games,medium,"Which of these is the name of a cut enemy from ""Half-Life 2""?",Hydra,"['Cthulu', 'Spike', 'Tremor']",multiple
Entertainment: Film,easy,"In the 2012 film, ""The Lorax"", who is the antagonist?",Aloysius O'Hare,"['Ted Wiggins', 'The Once-Ler', 'Grammy Norma']",multiple
Science: Computers,medium,It's not possible to format a write-protected DVD-R Hard Disk.,True,['False'],boolean
Entertainment: Television,easy,What NBC sitcom once saw two of its characters try to pitch NBC on a sitcom about nothing?,Seinfeld,"['Frasier', 'Becker', 'Friends']",multiple
Science: Mathematics,hard,What is the smallest number that can be expressed as the sum of two positive cubes in two different ways?,1729,"['91', '561', '4104']",multiple
Entertainment: Video Games,easy,Which of the following was a map that was in Team Fortress 2 at launch?,Gravel Pit,"['Hoodoo', 'Gold Rush', 'Upward']",multiple
Entertainment: Television,easy,"In the Season 1 SpongeBob Squarepants episode, ""Help Wanted,"" the song ""Living in the Sunlight"" by Tiny Tim can be heard.",True,['False'],boolean
Entertainment: Video Games,hard,"In the ""Halo"" series, what is the name of the race of aliens humans refer to as ""Grunts""?",Unggoy,"['Huragok', 'Sangheili', ""Yanme'e""]",multiple
Science & Nature,medium,When was the first mammal successfully cloned?,1996,"['2009', '1999', '1985']",multiple
Entertainment: Music,hard,"What is the English title of the vaporwave track ""リサフランク420 / 現代のコンピュー"" by Macintosh Plus (Vektroid)?",Lisa Frank 420 / Modern Computing,"['Smoke Weed 420 / Everyday', 'Make Your Move 420 / My Mind', ""It's All In Your Head 420 / Understand""]",multiple
Entertainment: Video Games,medium,Which of the following is not a playable race in the MMORPG Guild Wars 2? ,Tengu,"['Sylvari', 'Charr', 'Asura ']",multiple
Science: Computers,easy,How many kilobytes in one gigabyte (in decimal)?,1000000,"['1024', '1000', '1048576']",multiple
Animals,easy,Which of these animals are not real?,Nemean Lion,"['Sea Dragon', 'Tasmanian Devil', 'Giant Squid']",multiple
Entertainment: Board Games,easy,"In board games, an additional or ammended rule that applies to a certain group or place is informally known as a ""what"" rule?",House,"['Custom', 'Extra', 'Change']",multiple
General Knowledge,easy,"""Ananas"" is mostly used as the word for Pineapple in other languages.",True,['False'],boolean
Science: Mathematics,hard,"The binary number ""101001101"" is equivalent to the Decimal number ""334""",False,['True'],boolean
Geography,medium,"Which country has the abbreviation ""CH""?",Switzerland,"['China', 'Canada', 'No Country']",multiple
Entertainment: Japanese Anime & Manga,easy,"What's the English Dub Name of ""Smile Precure""?",Glitter Force,"['Sparkle Girls', 'Fairy Tale Patrol', 'Power Princesses']",multiple
Entertainment: Video Games,easy,"In ""Mario & Sonic at the Olympic Games"", characters are split into how many types?",4,"['6', '5', '3']",multiple
Entertainment: Music,medium,"Who was the guitarist in the band ""The Doors""?",Robby Krieger,"['Eric Clapton', 'John Densmore', 'Jimi Hendrix']",multiple
Entertainment: Music,medium,Who was walking like an Egyptian in 1981?,The Bangles,"['R.E.M.', 'The Ocean Blue', 'The Connells']",multiple
Geography,easy,How many time zones does China have?,1,"['3', '4', '2']",multiple
Entertainment: Video Games,medium,"Which of these is not one of Dracula's relics found in the video game ""Castlevania II: Simon's Quest""?",The Tooth,"['The Nail', 'The Eyeball', 'The Rib Bone']",multiple
Science & Nature,hard,The chemical element Lithium is named after the country of Lithuania.,False,['True'],boolean
History,hard,"In the Seven Wonders of the World, which wonder is the only that has survived to this day?",Great Pyramid of Giza,"['Colossus of Rhodes', 'Lighthouse of Alexandria', 'Statue of Zeus at Olympia']",multiple
Entertainment: Japanese Anime & Manga,hard,Which studio animated Afro Samurai?,Gonzo,"['Kyoto Animation', 'xebec', 'Production I.G']",multiple
Science & Nature,medium,What is the half-life of Uranium-235?,"703,800,000 years","['4,300,400,000 years', '1,260,900,000 years', 'Uranium-235 is a stable isotope']",multiple
Vehicles,easy,Which of the following vehicles from Ford is named after a WW2 Fighter Plane?,Mustang,"['Explorer', 'Ranger', 'Galaxy']",multiple
Entertainment: Music,medium,"Typically, how many keys are on a piano?",88,"['24', '12', '96']",multiple
Entertainment: Music,medium,"In the song “The Ultimate Showdown of Ultimate Destiny,” who is the only one to survive the battle?",Mr. Rogers,"['Batman', 'Chuck Norris', 'Godzilla']",multiple
Science & Nature,hard,"Which of the following plastic is commonly used for window frames, gutters and drain pipes?",Polyvinylchloride (PVC) ,"['Polyethylene (PE)', 'Polypropylene (PP)', 'Polystyrene (PS)']",multiple
General Knowledge,easy,In which year did Ghana gain independence?,1957,"['1947', '1960', '1958']",multiple
Sports,medium,What year was hockey legend Wayne Gretzky born?,1961,"['1965', '1959', '1963']",multiple
Entertainment: Video Games,easy,"The protagonist of the hit game, Half-Life 2 is called:",Gordon Freeman,"['Alyx Vance', 'Isaac Kleiner', 'Wallace Breen']",multiple
Entertainment: Music,medium,"Which song made by MAN WITH A MISSION was used as the opening for the anime ""Log Horizon""?","""Database""","['""Dead End in Tokyo""', '""Raise Your Flag""', '""Out of Control""']",multiple
Entertainment: Television,medium,Who was Firestorm's rival during the original run of UK Robot Wars?,Panic Attack,"['Razer', 'Chaos 2', 'Hypno Disc']",multiple
Entertainment: Video Games,medium,"In ""Super Mario World"", the rhino mini-boss, Reznor, is named after the lead singer of the band ""Nine Inch Nails"".",True,['False'],boolean
Entertainment: Comics,medium,Who was the inspiration for Cuthbert Calculus in the Tintin series?,Auguste Picard,"['Jacques Piccard', 'Will Morris', 'J. Cecil Maby']",multiple
Entertainment: Books,medium,How many books are in the Chronicles of Narnia series?,7,"['6', '8', '5']",multiple
General Knowledge,hard,Which of these cities does NOT have a United States Minting location?,"St. Louis, MO","['San Fransisco, CA', 'Philidelphia, PA', 'West Point, NY']",multiple
General Knowledge,medium,Which is the most popular spoken language in the Southern Hemisphere?,Portuguese,"['English ', 'Spanish', 'French']",multiple
Science & Nature,medium,"When the Falcon Heavy was launched on it's test flight, what was the only part of the operation that failed?",Center Core Landing,"['Side Booster Landing', 'Deployment of Starman', 'Ignition and Liftoff']",multiple
Entertainment: Video Games,hard,"In ""Sonic the Hedgehog 2"" for the Sega Genesis, what do you input in the sound test screen to access the secret level select?",The Lead Programmer's birthday,"['The first release date of ""Sonic the Hedgehog""', 'The date Sonic Team was founded', 'The first release date of ""Sonic the Hedgehog 2""']",multiple
Sports,hard,Which of these NHL players have never won a Hart Trophy for Regular Season MVP?,Steve Yzerman,"['Chris Pronger', 'Jose Theodore', 'Henrik Sedin']",multiple
Science & Nature,medium,What is the study of the cells and tissues of plants and animals?,Histology,"['Microbiology', 'Anatomy', 'Biochemistry']",multiple
Entertainment: Video Games,easy,What is the name of the talking cat in Persona 5?,Morgana,"['Teddie', 'Marie', 'Ryuji']",multiple
Entertainment: Video Games,hard,When was Pokemon GO released in North America?,"July 6th, 2016","['June 5th, 2016', 'May 24th, 2016', 'January 2nd, 2017']",multiple
Vehicles,medium,Complete the following analogy: Audi is to Volkswagen as Infiniti is to ?,Nissan,"['Honda', 'Hyundai', 'Subaru']",multiple
Entertainment: Television,medium,"In ""Star Trek"", what is the Ferengi's First Rule of Acquisition?","Once you have their money, you never give it back. ","['Never place friendship above profit', 'Greed is Eternal', 'Never allow family to stand in the way of opportunity']",multiple
Entertainment: Music,easy,Who had a 1983 hit with the song 'Africa'?,Toto,"['Foreigner', 'Steely Dan', 'Journey']",multiple
General Knowledge,easy,What nuts are used in the production of marzipan?,Almonds,"['Peanuts', 'Walnuts', 'Pistachios']",multiple
Entertainment: Music,medium,When did Tame Impala release their second album?,2012,"['2015', '2010', '1967']",multiple
Entertainment: Video Games,easy,The starting pistol of the Terrorist team in a competitive match of Counter Strike: Global Offensive is what?,Glock-18,"['Tec-9', 'Desert Eagle', 'Dual Berretas']",multiple
Entertainment: Video Games,medium,What is the full name of the protagonist from the SNES game Clock Tower?,Jennifer Simpson,"['Jennifer Barrows', 'Jennifer Cartwright', 'Jennifer Maxwell']",multiple
Entertainment: Books,easy,"Who is the author of the ""A Song of Ice and Fire"" book series, starting with ""A Game of Thrones""?",George R. R. Martin,"['Brandon Sanderson', 'J. R. R. Tolkien', 'Steven Erikson']",multiple
Entertainment: Video Games,medium,"Who is the main protagonist of ""Ace Combat Zero: The Belkan War""?",Cipher,"['Mobius 1', 'Blaze', 'Pixy']",multiple
Science & Nature,hard,"What is the scientific name for the extinct hominin known as ""Lucy""?",Australopithecus Afarensis,"['Australopithecus Africanus', 'Australopithecus Architeuthis', 'Australopithecus Antaris']",multiple
Entertainment: Film,medium,"Which star actor was in ""Top Gun"", ""Jerry Maguire"" and ""Born on the Fourth of July""?",Tom Cruise,"['Kelly McGillis', 'John Travolta', 'George Clooney']",multiple
Entertainment: Music,medium,Who is the artist of the recent new album the Uncanny Valley?,Perturbator,"['Carpenter Brut', 'GOST', 'Dan Terminus ']",multiple
General Knowledge,easy,How many letters are in the English alphabet?,26,"['30', '17', '5']",multiple
Politics,easy,"Whose 2016 presidential campaign slogan was ""Make America Great Again""?",Donald Trump,"['Ted Cruz', 'Marco Rubio', 'Bernie Sanders']",multiple
Science: Computers,hard,Which of these Cherry MX mechanical keyboard switches is both tactile and clicky?,Cherry MX Blue,"['Cherry MX Black', 'Cherry MX Red', 'Cherry MX Brown']",multiple
Vehicles,medium,Ferrari has never made a V10 engine for any of its cars.,False,['True'],boolean
Entertainment: Video Games,easy,What type of Pokémon is Charizard?,Fire/Flying,"['Fire', 'Dragon', 'Fire/Dragon']",multiple
Science: Mathematics,medium,"Which greek mathematician ran through the streets of Syracuse naked while shouting ""Eureka"" after discovering the principle of displacement?",Archimedes,"['Euclid', 'Homer', 'Eratosthenes']",multiple
History,medium,Who was the only US President to be elected four times?,Franklin Roosevelt,"['Theodore Roosevelt', 'George Washington', 'Abraham Lincoln']",multiple
General Knowledge,hard,How many calories are in a 355 ml can of Pepsi Cola?,150,"['200', '100', '155']",multiple
Geography,hard,What is special about Lake Titicaca?,Highest navigable lake,"['Longest lake in the world', 'Deepest lake in the world', 'Remains frozen all year round']",multiple
General Knowledge,medium,"The early part of which decade, did the Goth Subculture begin?",1980s,"['1990s', '2000s', '1970s']",multiple
Entertainment: Television,hard,"Which former Coronation Street actress was once a hostess on the British Game Show ""Double Your Money""?",Amanda Barrie,"['Sue Nicholls', 'Violet Carson', 'Jean Alexander']",multiple
Entertainment: Cartoon & Animations,easy,"Waylon Smithers from ""The Simpsons"" was originally black when he first appeared in the series.",True,['False'],boolean
Entertainment: Video Games,medium,"The Fiat Multipla is a drivable car in ""Forza Horizon 3"".",False,['True'],boolean
Politics,easy,The 2016 United States Presidential Election is the first time Hillary Clinton has run for President.,False,['True'],boolean
Entertainment: Video Games,medium,"How many unique items does ""Borderlands 2"" claim to have?",87 Bazillion ,"['87 Million', '87 Trillion', '87 Gazillion ']",multiple
Sports,medium,What is the highest belt you can get in Taekwondo?,Black,"['White', 'Red', 'Green']",multiple
Entertainment: Video Games,hard,"In the Animal Crossing series, which flower is erroneously called the ""Jacob's Ladder""?",Lily of the Valley,"['Hydrangea', 'Harebell', 'Yarrow']",multiple
General Knowledge,easy,"The word ""dozen"" usually refers to a group of how many objects?",12,"['6', '20', '10']",multiple
Entertainment: Video Games,hard,What was the world's first handheld game device?,Mattel Auto Race,"['Game Boy', 'Microvision', 'Game & Watch']",multiple
History,medium,"When Christopher Columbus sailed to America, what was the first region he arrived in?",The Bahamas Archipelago,"['Florida', 'Isthmus of Panama', 'Nicaragua']",multiple
Science: Computers,hard,What port does HTTP run on?,80,"['53', '443', '23']",multiple
Entertainment: Music,medium,"Which band released the album ""Sonic Highways"" in 2014?",Foo Fighters,"['Coldplay', 'Nickelback', 'The Flaming Lips']",multiple
Entertainment: Video Games,easy,"In the Monster Hunter Series, G-Rank is the highest possible prestige a Hunter can recieve.",True,['False'],boolean
Entertainment: Video Games,medium,"The original mascot of the popular Nintendo game, ""Splatoon"" was going to be...",Mario,"['Inklings', 'Octolings', 'Zelda']",multiple
General Knowledge,hard,"What is the romanized Chinese word for ""airplane""?",Feiji,"['Qiche', 'Zongxian', 'Huojian']",multiple
Science: Computers,hard,What is the codename of the eighth generation Intel Core micro-architecture launched in October 2017?,Coffee Lake,"['Sandy Bridge', 'Skylake', 'Broadwell']",multiple
History,hard,"When was the city of Rome, Italy founded?",753 BCE,"['902 BCE', '524 BCE', '697 BCE']",multiple
History,medium,In what prison was Adolf Hitler held in 1924?,Landsberg Prison,"['Spandau Prison', 'Ebrach Abbey', 'Hohenasperg']",multiple
Entertainment: Video Games,medium,Who composed the soundtrack for the game VVVVVV?,Magnus Pålsson,"['Terry Cavanagh', 'Danny Baranowsky', 'Joel Zimmerman']",multiple
History,easy,Which modern day country is the region that was known as Phrygia in ancient times?,Turkey,"['Syria', 'Greece', 'Egypt']",multiple
General Knowledge,hard,"When was ""YouTube"" founded?","February 14, 2005","['May 22, 2004', 'September 12, 2005', 'July 19, 2009']",multiple
Entertainment: Japanese Anime & Manga,hard,In the Overlord Anime who was Cocytus made by?,Warrior Takemikazuchi,"['Peroroncino', 'Ulbert Alain Odle', 'Bukubukuchagama']",multiple
Animals,hard,What scientific family does the Aardwolf belong to?,Hyaenidae,"['Canidae', 'Felidae', 'Eupleridae']",multiple
Entertainment: Video Games,easy,What does Solid Snake use to hide himself with?,Cardboard Box,"['Cloaking Device', 'Metal Crate', 'Cardboard cut-out']",multiple
Entertainment: Cartoon & Animations,medium,"In ""The Amazing World of Gumball"", who is the principal of Elmore Junior High?",Principal Brown,"['Principal Small', 'Principal Brawn', 'Principal Simeon']",multiple
Sports,medium,What was Sir Donald Bradman's batting average in test matches?,99.94,"['100', '69.51', '44.78']",multiple
Celebrities,medium,In which of these TV shows did the chef Gordon Ramsay not appear?,Auction Hunters,"[""Ramsay's Kitchen Nightmares"", 'Hotel Hell', ""Hell's Kitchen""]",multiple
Entertainment: Video Games,easy,"In ""A Hat in Time"", what must Hat Kid collect to finish a level",A time piece,"['A heart fragment', 'A relic fragment', 'A hat']",multiple
Geography,hard,Which country was NOT formerly part of Yugoslavia?,Albania,"['Croatia', 'Serbia', 'Macedonia']",multiple
Animals,easy,"By definition, where does an abyssopelagic animal live?",At the bottom of the ocean,"['In the desert', 'On top of a mountain', 'Inside a tree']",multiple
Science: Computers,medium,The open source program Redis is a relational database server.,False,['True'],boolean
Entertainment: Video Games,hard,"In the popular MOBA League of Legends, which of the following champions is nicknamed ""the Virtuoso""?",Jhin,"['Kayle', 'Ezreal', 'Camille']",multiple
Entertainment: Japanese Anime & Manga,medium,"In ""To Love-Ru: Darkness"", Yami reveals her real name is Eve.",True,['False'],boolean
Entertainment: Video Games,easy,The acronym DOTA stands for,Defense of the Ancients,"['Defense of the Artifacts', 'Defense of the Antiques', 'Defense of the Animated']",multiple
Entertainment: Video Games,hard,"In Super Smash Bros. for Nintendo 3DS and Nintendo Wii U, who was the sixth fighter to be added to the game post-launch?",Corrin,"['Cloud', 'Bayonnetta', 'Ryu']",multiple
Entertainment: Video Games,easy,What Nationality is D.Va from Overwatch?,Korean,"['Japanese', 'Chinese', 'Vietnamese ']",multiple
Science: Gadgets,hard,Which of the following is the standard THX subwoofer crossover frequency?,80 Hz,"['70 Hz', '90 Hz', '100 Hz']",multiple
Sports,easy,Who did Steven Gerrard win the Champions League with?,Liverpool,"['Real Madrid', 'Chelsea', 'Man City']",multiple
Entertainment: Music,easy,"What is the real name of American rapper Eminem, also known as Slim Shady?",Marshall Mathers,"['Calvin Broadus', 'Shawn Carter', 'Nasir Jones']",multiple
Entertainment: Music,medium,"What is the real name of rapper, The Notorious B.I.G?",Christopher Wallace,"['Calvin Cordozar Broadus Jr.', ""O'Shea Jackson"", 'Eric Lynn Wright']",multiple
Geography,hard,Which of these countries is NOT a part of the Asian continent?,Suriname,"['Georgia', 'Russia', 'Singapore']",multiple
Entertainment: Music,medium,What is rapper Drake's real name?,Aubrey Graham,"['Shaun Carter', 'Dwayne Carter', 'Andre Young']",multiple
Entertainment: Books,medium,"Who wrote the children's story ""The Little Match Girl""?",Hans Christian Andersen,"['Charles Dickens', 'Lewis Carroll', 'Oscar Wilde']",multiple
Entertainment: Video Games,medium,What level do you have to be to get a service medal on CS:GO?,40,"['50', '30', '20']",multiple
General Knowledge,easy,What is the name of the extra pedal on a manual or standard transmission car?,Clutch,"['Shifter', 'Booster', 'Parking Brake']",multiple
Entertainment: Music,hard,The heavy metal band Black Sabbath hail from which English city?,Birmingham,"['Manchester', 'London', 'Newcastle-Upon-Tyne']",multiple
Entertainment: Video Games,easy,Who is able to grab the survivors with his tongue in Left 4 Dead?,Smoker,"['Jockey', 'Hunter', 'Boomer']",multiple
History,medium,What day did the Battle of Gettysburg begin?,"July 1, 1863","['September 17, 1862', 'July 21, 1861', 'Apr 30, 1863']",multiple
Science: Mathematics,easy,How many square faces does a cube have?,6,"['4', '8', '10']",multiple
Entertainment: Video Games,medium,What was the FIRST Valve game to have VR?,The Lab,"['Dota 2', 'Destinations', 'Half-Life 2']",multiple
Entertainment: Film,easy,What historical time period was the center of the Assassin’s Creed movie (2016)?,Spanish Inquisition,"['Victorian England', 'French Revolution', 'Colonial America']",multiple
Entertainment: Video Games,medium,"What happened to Half-Life 2 prior to its release, which resulted in Valve starting over the development of the game?",The source code got leaked,"[""They weren't satisfied with the result"", 'The story was not good enough', 'Way too many bugs to be fixed']",multiple
General Knowledge,medium,Where did the pineapple plant originate?,South America,"['Hawaii', 'Europe', 'Asia']",multiple
Entertainment: Film,easy,"In the original script of ""The Matrix"", the machines used humans as additional computing power instead of batteries.",True,['False'],boolean
Geography,medium,Where is the Volga River?,Russia,"['Bulgaria', 'India', 'Sweden']",multiple
Entertainment: Japanese Anime & Manga,medium,"In ""A Certain Magical Index,"" what is Accelerator able to control?",Vectors,"['Velocity', 'Quantums', 'Wormholes']",multiple
Entertainment: Music,easy,"The alternative rock band, They Might Be Giants, released their album 'Flood' in 1990. ",True,['False'],boolean
Science: Computers,easy,What does the Prt Sc button do?,Captures what's on the screen and copies it to your clipboard,"['Nothing', ""Saves a .png file of what's on the screen in your screenshots folder in photos"", 'Closes all windows']",multiple
General Knowledge,hard,"Which of the following is an existing family in ""The Sims""?",The Goth Family,"['The Family', 'The Simoleon Family', 'The Proud Family']",multiple
Science: Computers,medium,Which coding language was the #1 programming language in terms of usage on GitHub in 2015?,JavaScript,"['C#', 'Python', 'PHP']",multiple
General Knowledge,easy,"When someone is cowardly, they are said to have what color belly?",Yellow,"['Green', 'Red', 'Blue']",multiple
History,medium,What was the name of the first permanent English settlement in America?,Jamestown,"['New York', ""St. John's"", 'Plymouth']",multiple
Science: Computers,hard,Which data structure does FILO apply to?,Stack,"['Queue', 'Heap', 'Tree']",multiple
Entertainment: Video Games,medium,"In ""Resident Evil"", only Chris has access to the grenade launcher.",False,['True'],boolean
Science & Nature,medium,Which of these is NOT a part of the structure of a typical neuron?,Islets of Langerhans,"['Node of Ranvier', 'Schwann cell', 'Myelin sheath']",multiple
Science & Nature,medium,How many officially recognized dwarf planets in the solar system are named after Polynesian deities?,2,"['0', '1', '5']",multiple
General Knowledge,easy,"According to Sherlock Holmes, ""If you eliminate the impossible, whatever remains, however improbable, must be the...""",Truth,"['Answer', 'Cause', 'Source']",multiple
Entertainment: Music,easy,What was Daft Punk's first studio album?,Homework,"['Discovery', 'Random Access Memories', 'Human After All']",multiple
Entertainment: Japanese Anime & Manga,easy,"Which anime heavily features music from the genre ""Eurobeat""?",Initial D,"['Wangan Midnight', 'Kino no Tabi', 'Cowboy Bebop']",multiple
Entertainment: Music,easy,"Who was featured in the song ""Words"" by Feint? ",Laura Brehm,"['Anna Yvette ', 'Danyka Nadeau', 'Veela']",multiple
Science: Computers,hard,What major programming language does Unreal Engine 4 use?,C++,"['Assembly', 'C#', 'ECMAScript']",multiple
History,medium,Who assassinated Archduke Franz Ferdinand?,Gavrilo Princip,"['Nedeljko Čabrinović', 'Oskar Potiorek', 'Ferdinand Cohen-Blind']",multiple
Geography,hard,Which of these island countries is located in the Caribbean?,Barbados,"['Fiji', 'Maldives', 'Seychelles']",multiple
Entertainment: Musicals & Theatres,easy,"In Shakespeare's play Julius Caesar, Caesar's last words were...","Et tu, Brute? ","['Iacta alea est!', 'Vidi, vini, vici.', 'Aegri somnia vana.']",multiple
Science & Nature,hard,Autosomal-dominant Compelling Helio-Ophthalmic Outburst syndrome is the need to do what when seeing the Sun?,Sneeze,"['Cough', 'Yawn', 'Hiccup']",multiple
General Knowledge,medium,The Original Jack-o-Lanterns were actually hollowed out turnips.,True,['False'],boolean
Entertainment: Comics,medium,What is Homestuck character Gamzee's last name?,Makara,"['Makera', 'Makare', 'Makrea']",multiple
Entertainment: Video Games,hard,"In ""The Sims"" series, the most members in a household you can have is 8.",True,['False'],boolean
Entertainment: Cartoon & Animations,easy,"In South Park, what is Stan's surname?",Marsh,"['Stotch', 'Broflovski', 'Tweak']",multiple
General Knowledge,easy,"According to the nursery rhyme, what fruit did Little Jack Horner pull out of his Christmas pie?",Plum,"['Apple', 'Peach', 'Pear']",multiple
Entertainment: Video Games,medium,In Kingdom Hearts which of the following people can NOT wield a keyblade?,Larxene,"['Xehanort', 'Lea', 'Mickey']",multiple
Science: Computers,medium,"What is known as ""the brain"" of the Computer?",Central Processing Unit,"['Motherboard', 'Graphics Processing Unit', 'Keyboard']",multiple
Science: Mathematics,hard,What is the approximate value of mathematical constant e?,2.72,"['3.14', '1.62', '1.41']",multiple
Entertainment: Music,medium,"Which music artist made the songs ""Heart"", ""It's a Sin"", and ""West End Girls""?",Pet Shop Boys,"['The Human League', 'New Order', 'Ultravox']",multiple
Entertainment: Film,hard,"Which actress portrayed Dr. Grace Augustine in the James Cameron movie ""Avatar""?",Sigourney Weaver,"['Jessica Chastain', 'Melissa Beckett', 'Alyssa Monroe ']",multiple
Entertainment: Cartoon & Animations,medium,"What is the name of the Alligator that The Simpsons ""killed"" in the episode ""Kill The Alligator and Run""?",Captain Jack,"['Captain Jake', 'Captain Hector', 'Captain Flynn']",multiple
History,medium,In which one of these cities did the Great Stink of 1858 occur?,London,"['Berlin', 'New York', 'Moscow']",multiple
Entertainment: Video Games,medium,"What is the first primary weapon the player gets in ""PAYDAY: The Heist""?",AMCAR-4,"['Brenner 21', 'Reinbeck', 'M308']",multiple
General Knowledge,medium,"The term ""Spam"" came before the food product ""Spam"".",False,['True'],boolean
Science & Nature,easy,What lies at the center of our galaxy?,A black hole,"['A wormhole', 'A supernova', 'A quasar']",multiple
Science & Nature,medium,"Along with Oxygen, which element is primarily responsible for the sky appearing blue?",Nitrogen,"['Helium', 'Carbon', 'Hydrogen']",multiple
Entertainment: Film,easy,"Which of the following is not the name of a ""Bond Girl""? ",Vanessa Kensington,"['Pam Bouvier', 'Mary Goodnight', 'Wai Lin']",multiple
Entertainment: Books,medium,"Which of the following was the author of ""Username Evie""?",Joe Sugg,"['Zoe Sugg', 'Joe Weller', 'Alfie Deyes']",multiple
Entertainment: Books,hard,"Which author and poet famously wrote the line, ""The female of the species is more deadly than the male""?",Rudyard Kipling,"['Edgar Allan Poe', 'William Shakespeare', 'William Wordsworth']",multiple
History,medium,Which U.S. President was in office when the Gulf War began?,George H. W. Bush,"['Richard Nixon', 'George W. Bush ', 'Ronald Regan']",multiple
Entertainment: Video Games,medium,"Which was the first ""Call Of Duty: Zombies"" map to introduce the ""Wunderwaffe DG-2""?",Shi No Numa,"['Tranzit', 'Kino Der Toten', 'Der Riese']",multiple
Entertainment: Comics,medium,"In Bionicle, who was formerly a Av-Matoran and is now the Toa of Light?",Takua,"['Jaller', 'Vakama', 'Tahu']",multiple
Entertainment: Video Games,medium,"In World of Warcraft lore, who was first to have the title ""The Ashbringer""?",Alexandros Mograine,"['Tirion Fordring', 'Arthas Menethil', 'Uther the Lightbringer']",multiple
Entertainment: Video Games,easy,What is the name of the adventurer you meet at the mines in Stardew Valley?,Marlon,"['Marnie', 'Morris', 'Marvin']",multiple
Science: Computers,hard,How many Hz does the video standard PAL support?,50,"['59', '60', '25']",multiple
Entertainment: Video Games,medium,"What system was ""Touhou: Highly Responsive to Prayers"" released on?",PC-98,"['OSX 10.9.5', 'Windows ME', 'Windows 98']",multiple
Entertainment: Musicals & Theatres,easy,How many plays is Shakespeare generally considered to have written?,37,"['18', '54', '25']",multiple
Science: Mathematics,easy,How many sides does a Möbius strip have?,1,"['2', '3', '4']",multiple
General Knowledge,easy,Which restaurant's mascot is a clown?,McDonald's,"['Whataburger', 'Burger King', 'Sonic']",multiple
Entertainment: Film,easy,"Who directed the 2017 movie ""The Shape of Water""?",Guillermo del Toro,"['Steven Spielberg', 'James Cameron', 'Martin Scorsese']",multiple
Geography,medium,What is the capital of Vietnam?,Hanoi,"['Da Nang', 'Hai Phong', 'Ho Chi Minh City']",multiple
Politics,medium,Who was the 40th President of the USA?,Ronald Reagan,"['Jimmy Carter', 'Bill Clinton', 'Richard Nixon']",multiple
Entertainment: Television,medium,"Out of the 3 Tots in Tots TV, who speaks French in the UK Version and Spanish in the US Version?",Tilly,"['Tom', 'Tiny', 'None of the Above']",multiple
Sports,medium,Skateboarding was included in the 2020 Summer Olympics in Tokyo.,True,['False'],boolean
Entertainment: Video Games,medium,"Who created Agent 47 in the game series ""Hitman""?",Dr. Otto Wolfgang Ort-Meyer,"['Professor Hertz Amadeus Schneider', 'Dr. Josef Mengele', 'Professor Otto Rothwinkler']",multiple
General Knowledge,medium,"Which famed architect, who died in 2019 aged 102, designed the glass pyramid at the Louvre museum in Paris?",I. M. Pei,"['Pascale Guédot', 'Frank Gehry', 'Wang Shu']",multiple
Entertainment: Music,easy,"Which Daft Punk album is the song ""Harder, Better, Faster, Stronger"" from?",Discovery,"['Homework', 'Random Access Memories', 'Human After All']",multiple
Entertainment: Video Games,hard,Which drive form was added into Kingdom Hearts II Final Mix?,Limit Form,"['Valor Form', 'Wisdom Form', 'Anti Form']",multiple
Entertainment: Music,medium,EDM producer Marshmello performs live wearing clothes and a marshmallow mask of what colour?,White,"['Black', 'Blue', 'Yellow']",multiple
Entertainment: Video Games,easy,Tony Hawk's extreme sports videogames revolve around performing professional BMX tricks.,False,['True'],boolean
History,hard,Joseph Stalin's real name was Ioseb Bessarionis dze Dzugashvili.,True,['False'],boolean
Entertainment: Video Games,easy,"In the video game Overwatch, which playable character is infamous for saying ""It's high noon.""?",McCree,"['Hanzo', 'Pharah', 'Soldier: 76']",multiple
Entertainment: Video Games,easy,Which Grand Theft Auto (GTA) games have the same setting?,GTA V and GTA San Andreas,"['GTA V and GTA Vice City', 'GTA IV and GTA San Andreas', 'GTA IV and GTA Vice City']",multiple
Entertainment: Video Games,medium,"In Cook, Serve, Delicious!, which food is NOT included in the game?",Pie,"['Shish Kabob', 'Hamburger', 'Lasagna']",multiple
Sports,easy,The UEFA Champions League is an annual club football competition featuring clubs from which continent?,Europe,"['South America', 'Africa', 'Asia']",multiple
Entertainment: Video Games,easy,"In the lore of the PAYDAY series, which criminal was arrested and then latered rescued by the PAYDAY gang?",Hoxton,"['Dallas', 'Wolf', 'Chains']",multiple
Entertainment: Cartoon & Animations,easy,"Which of these characters live in a pineapple under the sea in the cartoon ""SpongeBob SquarePants"".",SpongeBob SquarePants ,"['Patrick Star', 'Squidward Tentacles', 'Mr. Krabs']",multiple
Entertainment: Video Games,hard,What was the name of the hero in the 80s animated video game 'Dragon's Lair'?,Dirk the Daring,"['Arthur', 'Sir Toby Belch', 'Guy of Gisbourne']",multiple
Entertainment: Video Games,easy,"In CoD: Black Ops III, what is the name of the rogue A.I. antagonist?",Corvus,"['Cabal', 'Legion', 'Icarus']",multiple
Entertainment: Japanese Anime & Manga,medium,"In JoJo's Bizarre Adventure, which character is able to accelerate time?",Enrico Pucci,"['Jotaro Kujo', 'Jolyne Cujoh', 'Kujo Jotaro']",multiple
General Knowledge,easy,Water is naturally coloured blue.,False,['True'],boolean
General Knowledge,easy,The Quran is the holy book of which Abrahamic religion?,Islam,"['Christianity', 'Judaism', 'Rastafarianism']",multiple
General Knowledge,medium,"On average, Americans consume 100 pounds of what per second?",Chocolate,"['Potatoes', 'Donuts', 'Cocaine']",multiple
Sports,medium,"The first episode of WWF Monday Night RAW aired on January 11, 1990.",False,['True'],boolean
Geography,medium,Which of the following is NOT a capital city?,Sydney,"['Cairo', 'Moscow', 'Beijing']",multiple
Entertainment: Music,hard,"What is the first Studio Album to be released on the Internet with a ""Pay-What-You-Want"" price?",In Rainbows,"['The Help Album', 'Skrillex and Diplo Present Jack Ü', 'Blackstar']",multiple
General Knowledge,easy,What do sailors call the front of a boat?,Bow,"['Stern', 'Port', 'Starboard']",multiple
Geography,hard,"What is the county seat of King County, Washington?",Seattle,"['Bellevue', 'Enumclaw', 'Skykomish']",multiple
Science & Nature,easy,How many planets are there in the Solar System?,8,"['9', '11', '10']",multiple
General Knowledge,medium,"SCP-173 was the first SCP article written for the web-based collaborative fiction project known as the ""SCP Foundation""",True,['False'],boolean
Science & Nature,hard,Which is not a type of neuron?,Perceptual Neuron,"['Sensory Neuron', 'Motor Neuron', 'Interneuron']",multiple
History,medium,Which Apollo mission was the last one in NASA's Apollo program?,Apollo 17,"['Apollo 13', 'Apollo 11', 'Apollo 15']",multiple
Entertainment: Video Games,easy,"In Dead Space 2, the 'Hand Cannon' is a large foam finger.",True,['False'],boolean
Entertainment: Video Games,hard,"In the Team Fortress 2 canon, what did Shakespearicles NOT invent?",Stairs,"['Two-Story Building', 'Rocket Launcher', 'Stage Play']",multiple
Geography,medium,Which of these countries is not written in its native language?,Slovaško,"['Suomi', 'Schweiz', 'Elláda']",multiple
Sports,medium,Which team was the 2014-2015 NBA Champions?,Golden State Warriors,"['Cleveland Cavaliers', 'Houston Rockets', 'Atlanta Hawks']",multiple
Entertainment: Board Games,easy,"The Angry Video Game Nerd's alter ego is ""Board James"".",True,['False'],boolean
Entertainment: Video Games,medium,"In ""Paper Mario: The Thousand Year Door"", what is Hooktail's weakness?",The Sound of Crickets,"['Attacks from Koopas', 'The ""Ice Storm"" Item', 'The Hammer']",multiple
Entertainment: Japanese Anime & Manga,hard,"Which animation studio produced ""Sword Art Online""?",A-1 Pictures,"['Production I.G', 'Silver Link', 'Kyoto Animation']",multiple
General Knowledge,medium,When was Nintendo founded?,"September 23rd, 1889","['October 19th, 1891', 'March 4th, 1887', 'December 27th, 1894']",multiple
History,medium,Joseph Smith was the founder of what religion?,Mormonism,"['Buddhism', 'Christianity', 'Hinduism']",multiple
Entertainment: Japanese Anime & Manga,medium,"In ""Love Live: School Idol Project"" what pseudonym does Kotori Minami use in her job as a maid?",Minalinsky,"['Stanoytchev', 'Kuznetsov', 'Aqours']",multiple
Entertainment: Music,medium,Metallica collaborated with Rowan Atkinson's Mr Bean on a 1992 comic relief single.,False,['True'],boolean
Entertainment: Comics,medium,"In Calvin and Hobbes, what is the name of Susie's stuffed rabbit?",Mr. Bun,"['Mr. Bunbun', 'Mr. Rabbit', 'Mr. Hoppy']",multiple
Entertainment: Film,easy,Which of these Movies was NOT released in 1996?,Gladiator,"['Independence Day', 'The Rock', 'Mission: Impossible']",multiple
Animals,medium,Which animal was part of an Russian domestication experiment in 1959?,Foxes,"['Pigeons', 'Bears', 'Alligators']",multiple
Entertainment: Video Games,easy,Solid Snake is actually a clone from the DNA of Big Boss in the Metal Gear Solid series' history.,True,['False'],boolean
Politics,easy,"Despite being seperated into multiple countries, The Scandinavian countries are unified by all having the same monarch.",False,['True'],boolean
Entertainment: Video Games,easy,Who voices GLaDOS in the Portal games?,Ellen McLain,"['Michelle Forbes ', 'Mary Kae Irvin ', 'Natasha Radski']",multiple
Science & Nature,easy,What is the standard atomic weight of a Plutonium nucleus?,244,"['94', '481', '128']",multiple
Vehicles,easy,The LS2 engine is how many cubic inches?,364,"['346', '376', '402']",multiple
Science: Computers,medium,"The computer OEM manufacturer Clevo, known for its Sager notebook line, is based in which country?",Taiwan,"['United States', 'Germany', ""China (People's Republic of)""]",multiple
Entertainment: Music,medium,Who is the primary lyricist for Canadian progressive rock band Rush?,Neil Peart,"['Geddy Lee', 'Alex Lifeson', 'John Rutsey']",multiple
Entertainment: Video Games,medium,David Baszucki was a co-founder of ROBLOX Corporation.,True,['False'],boolean
Entertainment: Video Games,hard,"In the game ""VA-11 Hall-A"" during Virgilio's ending, Virgilio opens his own:",Curry Stand,"['Bar', 'Museum', 'Law Firm']",multiple
Entertainment: Music,medium,"Which famous 90's rap album is commonly referred to as ""The Bible of Hip Hop""?",Illmatic,"['The Low End Theory', 'The Chronic', 'Enter The Wu-Tang (36 Chambers)']",multiple
Geography,easy,Greenland is a part of which kingdom?,Denmark,"['Sweden', 'Norway', 'United Kingdom']",multiple
General Knowledge,medium,"In a standard set of playing cards, which is the only king without a moustache?",Hearts,"['Spades', 'Diamonds', 'Clubs']",multiple
Sports,medium,"Which of these teams isn't a member of the NHL's ""Original Six"" era?",Philadelphia Flyers,"['New York Rangers', 'Toronto Maple Leafs', 'Boston Bruins']",multiple
History,medium,"Sir Issac Newton served as a Member of Parliament, but the only recorded time he spoke was to complain about a draft in the chambers.",True,['False'],boolean
Entertainment: Film,easy,What was Dorothy's surname in 'The Wizard Of Oz'?,Gale,"['Perkins', 'Day', 'Parker']",multiple
Entertainment: Film,medium,"Who provided a majority of the songs and lyrics for ""Spirit: Stallion of the Cimarron""?",Bryan Adams,"['Smash Mouth', 'Oasis', 'Air Supply']",multiple
Entertainment: Television,medium,"Klingons once had a period of Democracy in their history, they referred to it as the ""Dark Times"".",True,['False'],boolean
Entertainment: Video Games,medium,"What is the name of the prison in ""Half Life 2""?",Nova Prospekt,"['Great Prospekt', 'New Prospect', 'Lesser Prospekt']",multiple
Entertainment: Music,medium,"Which Toronto landmark was featured on the cover art of Canadian rapper Drake's 2016 album ""Views""?",CN Tower,"['Allan Gardens', 'Union Station', 'Prince of Wales Theatre']",multiple
History,easy,King Henry VIII was the second monarch of which European royal house?,Tudor,"['York', 'Stuart', 'Lancaster']",multiple
Entertainment: Video Games,easy,"In ""Fallout 4"" which faction is not present in the game?",The Enclave,"['The Minutemen', 'The Brotherhood of Steel', 'The Institute']",multiple
Entertainment: Video Games,easy,"In Undertale, what's the prize for answering correctly?",More questions,"['New car', 'Mercy', 'Money']",multiple
Entertainment: Board Games,easy,How many dice are used in the game of Yahtzee?,Five,"['Four', 'Six', 'Eight']",multiple
Geography,easy,"Rhode Island is actually located on the US mainland, despite its name.",True,['False'],boolean
Entertainment: Video Games,hard,"All of these maps were in ""Tom Clancy's Rainbow Six Siege"" on its initial release: House, Clubhouse, Border, Consulate.",False,['True'],boolean
Science & Nature,medium,Pneumonoultramicroscopicsilicovolcanoconiosis is a synonym for the disease known as silicosis.,True,['False'],boolean
Entertainment: Video Games,medium,"Which of the following Copy Abilities was only featured in ""Kirby & The Amazing Mirror""?",Mini,"['Magic', 'Smash', 'Missile']",multiple
Geography,easy,What is the Capital of the United States?,"Washington, D.C.","['Los Angelas, CA', 'New York City, NY', 'Houston, TX']",multiple
Entertainment: Cartoon & Animations,easy,"In the 1993 Disney animated series ""Bonkers"", what is the name of Bonker's second partner?",Miranda Wright,"['Dick Tracy', 'Eddie Valiant', 'Dr. Ludwig von Drake']",multiple
Entertainment: Film,medium,Which of these Disney classics was released in 1970?,The Aristocats,"['One Hundred and One Dalmatians', 'The Fox and the Hound', 'The Little Mermaid']",multiple
Entertainment: Music,medium,African-American performer Sammy Davis Jr. was known for losing which part of his body in a car accident?,Left Eye,"['Right Ear', 'Right Middle Finger', 'Nose']",multiple
Entertainment: Video Games,hard,"In ""Portal 2"", Cave Johnson started out Aperture Science as a shower curtain company.",True,['False'],boolean
Geography,medium,What is the capital of Cyprus?,Nicosia,"['Paphos', 'Limassol', 'Larnaca']",multiple
Geography,medium,"""Mongolia"" was a part of the now non-existent U.S.S.R.",False,['True'],boolean
Entertainment: Video Games,hard,"What is the highest level that you can reach in ""The Elder Scrolls 4: Oblivion"" without considering skill levels, class, and birthsign?",50,"['No limit', '80', '100']",multiple
History,hard,Who was the last emperor of Mexico?,Ferdinand Maximilian,"['Andrés Manuel López Obrador', 'Napoleon III', 'Agustín de Iturbide']",multiple
Entertainment: Video Games,medium,Which of these is NOT the name of a playable map in PUBG: Battlegrounds?,Orinocco,"['Miramar', 'Sanhok', 'Vikendi']",multiple
Geography,easy,Africa is a country.,False,['True'],boolean
Entertainment: Video Games,medium,"On the 6th of June 2006, what was the name of the infamous glitch that occurred in the MMO RuneScape?",The Falador Massacre,"['Noclip glitch', 'Party-hat Duplication Glitch', 'TzHaar Massacre']",multiple
Entertainment: Comics,easy,"In ""Homestuck"" the ""Kingdom of Darkness"" is also known as?",Derse,"['Skaia', 'Prospit', 'The Medium']",multiple
Science: Computers,medium,The last Windows operating system to be based on the Windows 9x kernel was Windows 98.,False,['True'],boolean
Science & Nature,medium,What is the Linnean name of the domestic apple tree?,Malus pumila,"['Malus americana', 'Pomus domestica', 'Appelus delectica']",multiple
Animals,medium,What is the collective noun for rats?,Mischief,"['Pack', 'Race', 'Drift']",multiple
Entertainment: Video Games,easy,"In Fallout: New Vegas, which one of these casinos can you not play in?",Lucky 38,"['The Tops', 'Gammorah', 'Ultra-Luxe']",multiple
Entertainment: Television,hard,What is the Klingon's afterlife called?,Sto-vo-kor,"['Valhalla', ""Karon'gahk"", 'New Jersey']",multiple
Entertainment: Video Games,medium,"Sean Bean voices the character of ""Martin Septim"" in which Elder Scrolls game?",The Elder Scrolls IV: Oblivion,"['The Elder Scrolls V: Skyrim', 'The Elder Scrolls III: Morrowind ', 'The Elder Scrolls Online']",multiple
Entertainment: Video Games,easy,"The 2005 video game ""Call of Duty 2: Big Red One"" is not available on PC.",True,['False'],boolean
Entertainment: Video Games,hard,"In Rainbow 6 Siege, what is Ela and Zofia's last name?",Bosak,"['Kessikbayev', 'Zenaviev', 'Melnikova']",multiple
Entertainment: Books,hard,What is the name of the town in which Lily and James Potter are buried?,Godric's Hollow,"['Hogsmeade', 'Ottery St. Catchpole', 'Little Hangleton']",multiple
Entertainment: Music,medium,In what year was Tchaikovsky's 1812 Overture composed?,1880,"['1812', '1790', '1840']",multiple
Entertainment: Music,easy,"Kanye West's ""Gold Digger"" featured which Oscar-winning actor?",Jamie Foxx,"['Alec Baldwin', 'Dwayne Johnson', ' Bruce Willis']",multiple
Entertainment: Cartoon & Animations,hard,"In ""Gravity Falls"", what does Quentin Trembley do when he is driven out from the White House?",Eat a salamander and jump out the window.,"['Leave in peace.', 'Jump out the window.', 'Release 1,000 captive salamanders into the white house.']",multiple
Entertainment: Film,medium,This trope refers to minor characters that are killed off to show how a monster works.,Red Shirt,"['Minions', 'Expendables', 'Cannon Fodder']",multiple
Entertainment: Video Games,easy,"In the game Warframe, what is the bipedal robot from the Corpus faction called?",MOA,"['Corpus Tech', 'Crewman', 'Corpus Walker']",multiple
History,hard,"During the Roman Triumvirate of 42 BCE, what region of the Roman Republic was given to Lepidus?",Hispania ,"['Italia', 'Gallia', 'Asia']",multiple
Entertainment: Japanese Anime & Manga,hard,"Akatsuki's subclass in ""Log Horizon"" is what?", Tracker,"['Assassin', 'Scribe', 'Apprentice']",multiple
Geography,hard,"What is the Finnish word for ""Finland""?",Suomi,"['Eesti', 'Magyarország', 'Sverige']",multiple
Animals,medium,Tigers have one colour of skin despite the stripey fur.,False,['True'],boolean
Entertainment: Books,medium,"Of the following, which Stephen King novel was published earliest?","""Cujo""","['""Misery""', '""Christine""', '""IT""']",multiple
Science: Computers,hard,Which of these is not a layer in the OSI model for data communications?,Connection Layer,"['Application Layer', 'Transport Layer', 'Physical Layer']",multiple
Entertainment: Video Games,medium,How much does the 'AWP' cost in Counter-Strike: Global Offensive?,$4750,"['$4500', '$4650', '$5000']",multiple
Science & Nature,easy,What is the official name of the star located closest to the North Celestial Pole?,Polaris,"['Eridanus', 'Gamma Cephei', 'Iota Cephei']",multiple
History,hard,When did Canada leave the confederation to become their own nation?,"July 1st, 1867","['July 1st, 1763', 'July 1st, 1832', 'July 1st, 1902']",multiple
General Knowledge,medium,There are 86400 seconds in a day.,True,['False'],boolean
Geography,medium,"The longest place named in the United States is Lake Chargoggagoggmanchauggagoggchaubunagungamaugg, located near Webster, MA.",True,['False'],boolean
Entertainment: Japanese Anime & Manga,medium,Which of the following films was NOT directed by Hayao Miyazaki?,Wolf Children,"['Princess Mononoke', 'Spirited Away', ""Kiki's Delivery Service""]",multiple
Entertainment: Video Games,medium,"In Left 4 Dead, which campaign has the protagonists going through a subway in order to reach a hospital for evacuation?",No Mercy,"['Subway Sprint', 'Hospital Havoc', 'Blood Harvest']",multiple
History,medium,"When did O, Canada officially become the national anthem?",1980,"['1950', '1920', '1880']",multiple
Science & Nature,hard,What is the molecular formula of Ozone?,O3,"['C6H2O6', 'N2O', 'SO4']",multiple
Sports,medium,How many scoring zones are there on a conventional dart board?,82,"['62', '42', '102']",multiple
History,medium,"On which aircraft carrier did the Doolitte Raid launch from on April 18, 1942 during World War II?",USS Hornet,"['USS Enterprise', 'USS Lexington', 'USS Saratoga']",multiple
Geography,medium,Gothenburg is the capital of Sweden.,False,['True'],boolean
Science: Computers,medium,Which programming language was developed by Sun Microsystems in 1995?,Java,"['Python', 'Solaris OS', 'C++']",multiple
Mythology,easy,A wyvern is the same as a dragon.,False,['True'],boolean
Geography,hard,With which country does France share its largest land border,Brazil,"['Germany', 'Spain', 'Canada']",multiple
Entertainment: Film,medium,Velma Kelly and Roxie Hart are the protagonists of which Oscar winning movie?,Chicago,"['Dreamgirls', 'Cabaret', 'All That Jazz']",multiple
Politics,medium,"Before 2016, in which other year did Donald Trump run for President?",2000,"['2012', '1988', '2008']",multiple
General Knowledge,easy,Which of the following is the IATA code for Manchester Airport?,MAN,"['EGLL', 'LHR', 'EGCC']",multiple
Entertainment: Music,easy,How many members are there in the band Nirvana?,Three,"['Two', 'Four', 'Five']",multiple
History,hard,Which country were potatoes originally grown?,Peru,"['United States ', 'Ireland', 'New Zealand']",multiple
Entertainment: Television,hard,Who played the sun baby in the original run of Teletubbies?,Jessica Smith,"['Pui Fan Lee', 'Sue Monroe', 'Lisa Brockwell']",multiple
Vehicles,medium,Enzo Ferrari was originally an auto racer for what manufacturer before founding his own car company?,Alfa Romeo,"['Auto Union', 'Mercedes Benz', 'Bentley']",multiple
Entertainment: Film,easy,"Brandon Routh plays the titular character in the movie ""John Wick"".",False,['True'],boolean
Entertainment: Video Games,easy,"In RuneScape, one must complete the ""Dragon Slayer"" quest before equipping Rune Platelegs.",False,['True'],boolean
History,easy,"Which modern country is known as ""The Graveyard of Empires""?",Afghanistan,"['China', 'Iraq', 'Russia']",multiple
Science: Computers,medium,"What does the term MIME stand for, in regards to computing?",Multipurpose Internet Mail Extensions,"['Mail Internet Mail Exchange', 'Multipurpose Interleave Mail Exchange', 'Mail Interleave Method Exchange']",multiple
Entertainment: Video Games,easy,"In the second-generation Pokémon games, which Pokémon can you start with?","Chikorita, Cyndaquil, and Totodile","['Bulbasaur, Charmander, and Squirtle', 'Treecko,Torchic, and Mudkip', 'Grassy, Firey, and Watery']",multiple
Animals,easy,Cats have whiskers under their legs.,True,['False'],boolean
Sports,medium,At which bridge does the annual Oxford and Cambridge boat race start?,Putney,"['Hammersmith', 'Vauxhall ', 'Battersea']",multiple
Entertainment: Music,medium,Which British band did Keith Moon play in until his death in 1978?,The Who,"['The Kinks', 'The Yardbirds', 'The Small Faces']",multiple
Science & Nature,hard,What is the standard SI unit for luminous intensity?,Candela,"['Lumen', 'Faraday', 'Coulomb']",multiple
Entertainment: Video Games,easy,"In Danganronpa: Trigger Happy Havoc, what is the protagonist's name?",Makoto Naegi,"['Hajime Hinata', 'Nagito Komaeda', 'Komaru Naegi']",multiple
Geography,medium,What is the capital city of New Zealand?,Wellington,"['Auckland', 'Christchurch', 'Melbourne']",multiple
General Knowledge,easy,Which one of the following rhythm games was made by Harmonix?,Rock Band,"['Meat Beat Mania', 'Guitar Hero Live', 'Dance Dance Revolution']",multiple
Entertainment: Television,medium,"The show ""Gilligan's Island"" was cancelled because of low ratings.",False,['True'],boolean
Mythology,medium,Who was the Roman god of fire?,Vulcan,"['Apollo', 'Jupiter', 'Mercury']",multiple
Entertainment: Cartoon & Animations,hard,What is Scooby Doo's full name?,Scoobert Doo,"['Scooter Doo', 'Scooby Dooby Doo', 'Scoobity Doo']",multiple
General Knowledge,medium,"Which of these words means ""idle spectator""?",Gongoozler,"['Gossypiboma', 'Jentacular', 'Meupareunia']",multiple
Entertainment: Video Games,medium,Which of these game franchises were made by Namco?,Tekken,"['Street Fighter', 'Mortal Kombat', 'Dragon Quest']",multiple
History,easy,How many manned moon landings have there been?,6,"['1', '3', '7']",multiple
Science & Nature,easy,What is the elemental symbol for mercury?,Hg,"['Me', 'Mc', 'Hy']",multiple
Entertainment: Music,easy,Which of these is the name of a song by Tears for Fears?,Shout,"['Scream', 'Yell', 'Shriek']",multiple
Entertainment: Board Games,easy,"There is a Donald Trump Board Game, which was made in 1989.",True,['False'],boolean
Entertainment: Video Games,medium,In Yakuza 4 who is the first character you play as?,Shun Akiyama,"['Taiga Saejima', 'Kazuma Kiryu', 'Goro Majima']",multiple
Entertainment: Japanese Anime & Manga,medium,What year did the popular Vocaloid: Hatsune Miku come out?,2007,"['2000', '2008', '2010']",multiple
Sports,easy,Which African American is in part responsible for integrating  Major League baseball?,Jackie Robinson,"['Curt Flood', 'Roy Campanella', 'Satchell Paige']",multiple
Politics,medium,"In France, a hunting license or a sport-shooting license is needed to purchase any firearm.",True,['False'],boolean
Entertainment: Video Games,medium,What was the character Kirby originally going to be named?,Popopo,"['Dedede', 'Waddle Dee', 'Prince Puff']",multiple
Science & Nature,medium,Which of the following spacecraft never touched the moon?,Mariner 4,"['Apollo 11', 'Luna 2', 'SMART-1']",multiple
Entertainment: Video Games,medium,"In ""Call Of Duty: Zombies"", completing which map's main easter egg will reward you with the achievement, ""Little Lost Girl""?",Origins,"['Revelations', 'Moon', 'Tranzit']",multiple
Politics,easy,Donald Trump won the popular vote in the 2016 United States presidential election.,False,['True'],boolean
Politics,hard,"""Yes, America Can!"" was this United States politician's de facto campaign slogan in 2004.",George W. Bush,"['John Kerry', 'Barack Obama', 'Al Gore']",multiple
Science: Mathematics,easy,How many degrees make a full circle?,360,"['180', '90', '720']",multiple
History,medium,Which of the following is NOT classified as a Semetic language?,Sumerian,"['Maltese', 'Akkadian', 'Mandaic']",multiple
Politics,hard,"Who was the longest-serving senator in US history, serving from 1959 to 2010?",Robert Byrd,"['Daniel Inouye', 'Strom Thurmond', 'Joe Biden']",multiple
Entertainment: Video Games,medium,When was the Sega Genesis released in Japan?,"October 29, 1988","['August 14, 1989', 'November 30, 1990', 'September 1, 1986']",multiple
Science: Mathematics,medium,A 'Millinillion' is a real number.,True,['False'],boolean
Entertainment: Music,easy,"The song ""Stronger Than You"" is a single by Estelle, who played Garnet in Steven Universe.",True,['False'],boolean
Politics,medium,"During the 2016 United States presidential election, the State of California possessed the most electoral votes, having 55.",True,['False'],boolean
General Knowledge,easy,What is the name of Poland in Polish?,Polska,"['Pupcia', 'Polszka', 'Póland']",multiple
Entertainment: Video Games,medium,"Which Overwatch character says the line ""Heroes never die!""?",Mercy,"['Reaper', 'Sonic', 'Ana']",multiple
Entertainment: Video Games,easy,"Which character in Undertale tells you that you're ""gonna have a bad time""?",Sans,"['Undyne', 'Asgore', 'Asriel Dreemurr']",multiple
Science & Nature,medium,What is the chemical formula for ammonia?,NH3,"['CO2', 'NO3', 'CH4']",multiple
General Knowledge,easy,"In blood typing, the (+) and (-) marker after an A, B, AB, or O is called Rh factor. Which of the following is the source of its discovery?",Rhesus Monkeys,"['Rheumatism Patients', 'Red-Haired People', 'Rhizomes']",multiple
Science: Gadgets,hard,During the  early parts of the Vietnam War the M16 had a record for having bad reliability,True,['False'],boolean
Sports,medium,Which of these countries' national teams qualified for the 2018 FIFA World Cup in Russia?,Tunisia,"['United States of America', 'Italy', 'Netherlands']",multiple
Entertainment: Music,easy,"Which English guitarist has the nickname ""Slowhand""?",Eric Clapton,"['Mark Knopfler', 'Jeff Beck', 'Jimmy Page']",multiple
Entertainment: Film,medium,"Sean Connery wasn't in ""Indiana Jones and the Kingdom of the Crystal Skull"" because he found retirement too enjoyable.",True,['False'],boolean
Entertainment: Film,hard,"Which 1994 film did Roger Ebert famously despise, saying ""I hated hated hated hated hated this movie"".",North,"['3 Ninjas Kick Back', 'The Santa Clause', 'Richie Rich']",multiple
Entertainment: Cartoon & Animations,easy,"In The Simpsons, which war did Seymour Skinner serve in the USA Army as a Green Beret?",Vietnam War,"['World War 2', 'World War 1', 'Cold War']",multiple
Sports,medium,"In what year did Steaua București win the European Cup, actual UEFA Champions League, against FC Barcelona?",1986,"['1990', '1982', '1989']",multiple
Geography,medium,Which of these Japanese islands is the largest by area?,Shikoku,"['Iki', 'Odaiba', 'Okinawa']",multiple
Entertainment: Music,easy,Who is the lead singer of Foo Fighters?,Dave Grohl,"['Dave Mustaine', 'James Hetfield', 'Little Red Riding Hood']",multiple
Entertainment: Video Games,hard,What do the video games No Man’s Sky and Mighty No. 9 have in common?,Both were announced in 2013.,"['Both were crowdfunded.', 'Both were developed by indie studios.', 'Both were released for the PlayStation 3.']",multiple
Entertainment: Video Games,medium,"""Metal Gear Solid 3: Snake Eater"" takes place on Shadow Moses Island.",False,['True'],boolean
Entertainment: Musicals & Theatres,medium,"What play is the quote ""Hell is other people"" from?",No Exit,"['The Devil and the Good Lord', 'The Condemned of Altona', 'The Flies']",multiple
Mythology,medium,"In African mythology, Anansi is a trickster and storyteller who takes the shape of which animal?",Spider,"['Wild dog', 'Monkey', 'Crocodile']",multiple
Entertainment: Music,hard,What is the British term for a 64th note?,Hemidemisemiquaver,"['Semihemidemisemiquaver', 'Semiquaver', 'Demisemiquaver']",multiple
Science & Nature,easy,"This element, when overcome with extreme heat and pressure, creates diamonds.",Carbon,"['Nitrogen', 'Oxygen', 'Hydrogen']",multiple
General Knowledge,medium,Which Italian automobile manufacturer gained majority control of U.S. automobile manufacturer Chrysler in 2011?,Fiat,"['Maserati', 'Alfa Romeo', 'Ferrari']",multiple
Vehicles,hard,Which of the following FIA Rally cars was approved for use in the Group B class first? ,Porsche 911 Turbo,"['Audi Quattro A2', 'BMW M1', 'Lancia Rally 037']",multiple
Sports,easy,Which team won 2014 FIFA World Cup in Brazil?,Germany,"['Argentina', 'Brazil', 'Netherlands']",multiple
Entertainment: Video Games,medium,DragonForce's 'Through the Fire and Flames' is widely considered to be the hardest song in the Guitar Hero series.,True,['False'],boolean
Entertainment: Film,easy,"In the 1986 film ""The Wraith"", what concept car is used for the Turbo Interceptor?",Dodge M4S,"['Pontiac Banshee', 'General Motors Firebird', 'Dodge Copperhead']",multiple
Science & Nature,hard,Which scientific unit is named after an Italian nobleman?,Volt,"['Pascal', 'Ohm', 'Hertz']",multiple
Entertainment: Japanese Anime & Manga,medium,"The anime Attack on Titan was directed by Tetsurō Araki, the same person who directed the anime Highschool of the Dead.",True,['False'],boolean
Entertainment: Cartoon & Animations,easy,Which of these is NOT a Disney cartoon character?,Daffy Duck,"['Donald Duck', 'Daisy Duck', 'Scrooge McDuck']",multiple
Entertainment: Video Games,medium,"The first game in the Touhou Project, ""Highly Responsive to Prayers"", is part of which genre?",Breakout/Arkanoid,"[""Shoot 'em Up"", 'Puzzle', 'Fighter']",multiple
History,medium,"The Tsar Bomba, the most powerful nuclear bomb ever tested, had a yield of 50 megatons but theoretically had a maximum yield of how much?",100 Megatons,"['200 Megatons', '75 Megatons', '150 Megatons']",multiple
General Knowledge,easy,"Virgin Trains, Virgin Atlantic and Virgin Racing, are all companies owned by which famous entrepreneur?   ",Richard Branson,"['Alan Sugar', 'Donald Trump', 'Bill Gates']",multiple
Entertainment: Books,easy,Stephen Chbosky wrote the book 'The Perks of Being A Wallflower'.,True,['False'],boolean
General Knowledge,hard,Is Luxembourgish a real language?,True,['False'],boolean
General Knowledge,easy,"King Gizzard & The Lizard Wizard's album ""Nonagon Infinity"" can be looped seamlessly.",True,['False'],boolean
Entertainment: Music,medium,'We Built This City' was a number one hit for which American rock band in 1985?,Starship,"['Kansas', 'Jefferson Airplane', 'Aerosmith']",multiple
Entertainment: Television,medium,"What is the name of the inspector in the series ""On the Buses""?",Blakey,"['Harper', 'Naily', 'Gally']",multiple
Science & Nature,easy,How many moons does Pluto have?,Five,"['Two', 'Three', 'One']",multiple
Entertainment: Video Games,medium,What is the name of the province you explore in Runescape?,Gielinor,"['Mordor', 'Kopar', 'Ashendale']",multiple
Science & Nature,easy,Not including false teeth; A human has two sets of teeth in their lifetime.,True,['False'],boolean
Entertainment: Video Games,easy,In which series of games do you collect souls to empower you and buy weaponry and armor with?,Souls ,"['Final Fantasy ', 'Monster Hunter', 'The Legend of Zelda']",multiple
Geography,medium,Which of these is NOT an island that is part of the Philippines?,Java,"['Luzon', 'Mindanao', 'Palawan']",multiple
Entertainment: Video Games,medium,"In the beta version of the 1986 game ""The Legend of Zelda"", players have the choice between a sword and what other item?",Boomerang ,"['Spear', 'Slingshot', 'Crossbow']",multiple
Entertainment: Video Games,hard,"In the Nintendo Game Splatoon 2, what is Marina's screen name?",DJ_Hyperfresh,"['MC.princess', 'Kidnotsquid123', 'I<30ffTh3H00k']",multiple
Entertainment: Video Games,medium,"In Forza Motorsport 6, which of these track-exclusive cars was NOT featured in the game, either originally with the game or added as DLC?",Aston Martin Vulcan,"['Ferrari FXX-K', 'McLaren P1 GTR', 'Lotus E23']",multiple
Entertainment: Cartoon & Animations,easy,"In ""Avatar: The Last Airbender"", which element does Aang begin to learn after being defrosted?",Water,"['Air', 'Earth', 'Fire']",multiple
Vehicles,hard,Which one of the following is NOT a sub-company of the Volkswagen Group?,Opel,"['Porsche', 'Bugatti', 'Bentley']",multiple
Science & Nature,easy,The Earth revolves around the Sun in one year.,True,['False'],boolean
Politics,easy,Which of the following Pacific Islander countries is ruled by a constitutional monarchy?,Tonga,"['Palau', 'Fiji', 'Kiribati']",multiple
Entertainment: Video Games,easy,What ingredient is NOT used to craft a cake in Minecraft?,Bread,"['Wheat', 'Milk', 'Egg']",multiple
Entertainment: Television,medium,"Who co-founded the YouTube Let's Play channel ""Game Grumps"" alongside Newgrounds animator Egoraptor?",JonTron,"['Pewdiepie', 'Tobuscus', 'Markiplier']",multiple
General Knowledge,medium,After how many years would you celebrate your crystal anniversary?,15,"['20', '10', '25']",multiple
Entertainment: Cartoon & Animations,hard,"In ""Rick and Morty"", from which dimension do Rick and Morty originate from?",C-137,"['J1977', 'C-136', 'C500-a']",multiple
Entertainment: Books,easy,What is the title of the first Sherlock Holmes book by Arthur Conan Doyle?,A Study in Scarlet,"['The Sign of the Four', 'A Case of Identity', 'The Doings of Raffles Haw']",multiple
Entertainment: Video Games,easy,"In Pokémon, Bulbasaur is the only starter pokemon that is a Grass/Poison type.",True,['False'],boolean
Entertainment: Video Games,medium,"In the game Tom Clancy's Rainbow 6 Siege, what organization is Valkyrie from?",Navy Seals,"['S.A.S', 'G.I.G.N', 'F.B.I']",multiple
General Knowledge,medium,Popcorn was invented in 1871 by Frederick W. Rueckheim in the USA where he sold the snack on the streets of Chicago.,False,['True'],boolean
Entertainment: Cartoon & Animations,medium,"In the show ""Fat Albert and the Cosby Kids"", what is the name of the characters' fictional gang?",The Junkyard Gang,"['The Trash Troupe', 'The Scrapyard Seven', 'The Rotten Posse']",multiple
Entertainment: Books,hard,"In the Beatrix Potter books, what type of animal is Tommy Brock?",Badger,"['Fox', 'Frog', 'Rabbit']",multiple
General Knowledge,medium,Which item of clothing is usually worn by a Scotsman at a wedding?,Kilt,"['Skirt', 'Dress', 'Rhobes']",multiple
Entertainment: Music,easy,"Which Disney character sings the song ""A Dream is a Wish Your Heart Makes""?",Cinderella,"['Belle', 'Snow White', 'Pocahontas']",multiple
Entertainment: Board Games,medium,"What type is ""Magic Drain"" in Yugioh! Trading Card Game?",Counter Trap,"['Normal Trap', 'Quick-Play Spell', 'Field Spell']",multiple
Entertainment: Music,medium,What M83 was featured in Grand Theft Auto V's radio?,Midnight City,"['Outro', 'Reunion', 'Wait']",multiple
History,medium,Adolf Hitler was accepted into the Vienna Academy of Fine Arts.,False,['True'],boolean
Entertainment: Video Games,hard,Which of these characters wasn't a villian in Club Penguin?,The Director,"['Herbert P. Bear', 'Tusk', 'Ultimate Proto-Bot 10000']",multiple
Science: Gadgets,easy,What is the name of a simple machine that is made up of a stiff arm that can move freely around a fixed point?,Lever,"['Wedge', 'Screw', 'Pulley']",multiple
History,hard,The pantheon in Rome was used to worship what god?,Any god they wanted,"['Athena', 'Zeus', 'Both Athena and Zeus']",multiple
Entertainment: Video Games,medium,"Which weapon that was cut from the game ""Half Life 2"" was going to replace the crowbar?",Ice Axe,"['Fire Axe', 'Wrench', 'Hunting Knife']",multiple
Entertainment: Video Games,easy,"What was the first game in the ""Battlefield"" series?",Battlefield 1942,"['Battlefield Vietnam', 'Battlefield 2', 'Battlefield 1']",multiple
Entertainment: Japanese Anime & Manga,hard,"Medaka Kurokami from ""Medaka Box"" has what abnormality?",The End,"['Perfection', 'Sandbox', 'Fairness']",multiple
Science & Nature,medium,Sugar contains fat.,False,['True'],boolean
Entertainment: Video Games,easy,"Which franchise does the creature ""Slowpoke"" originate from?",Pokemon,"['Dragon Ball', 'Sonic The Hedgehog', 'Yugioh']",multiple
Entertainment: Video Games,easy,"Which of the following names is the ""Mega Man"" Franchise known as in Japan?",Rockman,"['Paperman', 'Scissorsman', 'Mega Man']",multiple
Entertainment: Comics,hard,"When Batman trolls the online chat rooms, what alias does he use?",JonDoe297,"['iAmBatman', 'BWayne13', 'BW1129']",multiple
Entertainment: Books,medium,"J.K. Rowling completed ""Harry Potter and the Deathly Hallows"" in which hotel in Edinburgh, Scotland?",The Balmoral,"['The Dunstane Hotel', 'Hotel Novotel', 'Sheraton Grand Hotel & Spa']",multiple
Entertainment: Musicals & Theatres,medium,"Who is the musical director for the award winning musical ""Hamilton""?",Alex Lacamoire,"['Lin-Manuel Miranda', 'Renee Elise-Goldberry', 'Leslie Odom Jr.']",multiple
Geography,easy,The Republic of Malta is the smallest microstate worldwide.,False,['True'],boolean
Geography,easy,Which country was NOT part of the Soviet Union?,Romania,"['Turkmenistan', 'Belarus', 'Tajikistan']",multiple
Entertainment: Video Games,easy,"What is the name of the main protagonist in ""Xenoblade Chronicles""?",Shulk,"['Reyn', 'Fiora', 'Dunban']",multiple
General Knowledge,easy,What organ of the body produces bile?,Liver,"['Gallbladder', 'Pancreas', 'Stomach']",multiple
Entertainment: Video Games,medium,"What is the name of the first level in ""Call of Duty: World at War""?",Semper Fi,"['Ring of Steel', 'Vendetta', 'Eviction']",multiple
Entertainment: Video Games,hard,"In Geometry Dash, what is level 13?",Electroman Adventures,"['Theory of Everything', 'Clubstep ', 'Clutterfunk']",multiple
Entertainment: Film,easy,"In Avengers: Infinity War, the Reality Stone (aka the Aether) was kept under safe possession by who?",The Collector,"['Doctor Strange', 'The Grandmaster', 'Scarlet Witch']",multiple
Entertainment: Comics,hard,What are the Three Virtues of Bionicle?,"Unity, Duty, Destiny","['Build, Play, Change', 'Work, Play, Live', 'Forge, Build, Fight']",multiple
Entertainment: Board Games,easy,"In Dungeons and Dragons (5th edition), what stat do you normally add onto your initiative die roll?",Dexterity,"['Speed', 'Strength', 'Wisdom']",multiple
Entertainment: Video Games,hard,Which of these characters from Final Fantasy VIII primarily spoke in one word sentences?,Fujin,"['Raijin', 'Seifer', 'Zell']",multiple
Entertainment: Music,easy,"In what year was Avril Lavigne’s first studio album, “Let Go”, released?",2002,"['2001', '2004', '2005']",multiple
General Knowledge,hard,"Stagecoach owned ""South West Trains"" before losing the rights to FirstGroup and MTR in March of 2017.",True,['False'],boolean
Science & Nature,hard,"""The Big Bang Theory"" was first theorized by a priest of what religious ideology?",Catholic,"['Christian', 'Jewish', 'Islamic']",multiple
Mythology,medium,Who is the God Loki's son? ,Fenrir ,"['Odin', 'Hel', 'Sigyn']",multiple
Science: Computers,easy,The numbering system with a radix of 16 is more commonly referred to as ,Hexidecimal,"['Binary', 'Duodecimal', 'Octal']",multiple
Entertainment: Video Games,medium,"In ""Call of Duty: Black Ops III"" Zombies, what does completing all the main easter eggs reward you with?","1,000,000 XP","['Juggernog at the start of each game', '50 Liquid Diviniums', 'All three options.']",multiple
Geography,easy,What is the capital of Scotland?,Edinburgh,"['Glasgow', 'Dundee', 'London']",multiple
Animals,medium,An octopus can fit through any hole larger than its beak.,True,['False'],boolean
Entertainment: Video Games,easy,"""Metal Gear Solid 3: Snake Eater"" was released in 2004.",True,['False'],boolean
Entertainment: Music,medium,"When did Radiohead release their album ""OK Computer""?",1997,"['1995', '2000', '1993']",multiple
Entertainment: Music,easy,Kanye West at 2009 VMA's interrupted which celebrity?,Taylor Swift,"['MF DOOM', 'Beyonce', 'Beck']",multiple
Entertainment: Video Games,medium,"Which Crypt of the NecroDancer (2015) character has a soundtrack by Jake ""Virt"" Kaufman?",Uncle Eli,"['Cadence', 'Nocturna', 'Octavian (Bard)']",multiple
Entertainment: Music,medium,The Proclaimers - I'm Gonna Be (500 Miles) reached what position on the US Hot 100 Charts in 1993?,3rd,"['8th', '1st', '5th']",multiple
General Knowledge,easy,Ping-Pong originated in England,True,['False'],boolean
Science & Nature,medium,The most frequent subconscious activity repeated by the human body is blinking.,False,['True'],boolean
Entertainment: Film,medium,"This movie contains the quote, ""What we've got here is a failure to communicate.""",Cool Hand Luke,"['Bonnie and Clyde', 'The Graduate', 'In the Heat of the Night']",multiple
Entertainment: Television,easy,Who won the 10th season of Big Brother in the United States?,Dan Gheesling,"['Adam Jasinski', 'Hayden Moss', 'Dick Donato']",multiple
Entertainment: Film,medium,"Who played Batman in the 1997 film ""Batman and Robin""?",George Clooney,"['Michael Keaton', 'Val Kilmer', 'Christian Bale']",multiple
Entertainment: Cartoon & Animations,medium,Blue Danube was one of the musical pieces featured in Disney's 1940's film Fantasia.,False,['True'],boolean
Entertainment: Video Games,medium,"Without enchantments, which pickaxe in minecraft mines blocks the quickest.",Golden ,"['Diamond', 'Iron', 'Obsidian']",multiple
Science: Mathematics,hard,Which of the following mathematicians made major contributions to game theory?,John Von Neumann,"['Carl Friedrich Gauss', 'Leonhard Euler', 'Stefan Banach']",multiple
Entertainment: Video Games,medium,Which company did Bethesda purchase the Fallout Series from?,Interplay Entertainment ,"['Capcom', 'Blizzard Entertainment', 'Nintendo']",multiple
Mythology,hard,"Talos, the mythical giant bronze man, was the protector of which island?",Crete,"['Sardinia', 'Sicily', 'Cyprus']",multiple
Entertainment: Music,medium,"Rick Astley's hit song ""Never Gonna Give You Up"" was released in what year?",1987,"['1985', '1986', '1988']",multiple
History,medium,Which Nation did NOT have a Colony in modern-day North America?,Portugal,"['Spain', 'Sweden', 'Netherlands']",multiple
Entertainment: Film,easy,"What was the title of the first Bond movie, released in 1962?",Dr. No,"['From Russia with Love', 'Goldfinger', 'Thunderball']",multiple
Celebrities,medium,"Terry Gilliam is the only American member of the comedy troupe ""Monty Python.""",True,['False'],boolean
General Knowledge,easy,"In ""Katamari Damacy"", you control a character known as:",The Prince,"['Fujio', 'Ichigo ', 'Foomin']",multiple
Celebrities,medium,Which famous New York Yankees outfielder did Marilyn Monroe marry?,Joe DiMaggio,"['Tino Martinez', 'Babe Ruth', 'Mason Williams']",multiple
Entertainment: Film,easy,The 1996 film 'Fargo' is primarily set in which US state?,Minnesota,"['North Dakota', 'South Dakota', 'Wisconsin']",multiple
Entertainment: Video Games,easy,"What is the name of the game developer who created ""Call Of Duty: Zombies""?",Treyarch,"['Sledgehammer Games', 'Infinity Ward', 'Naughty Dog']",multiple
General Knowledge,easy,What is the name of the antagonist group in Danganronpa Another Episode: Ultra Despair Girls?,Warriors of Hope,"['The Monokubs', 'Warriors of Despair', 'The Ultimate Despair']",multiple
Geography,hard,How many islands does Kuwait have?,9,"['3', '6', '2']",multiple
General Knowledge,easy,Dihydrogen Monoxide is a dangerous chemical.,False,['True'],boolean
Geography,easy,A group of islands is called an 'archipelago'.,True,['False'],boolean
Geography,medium,Where is the area commonly known as the Bermuda Triangle?,"North Atlantic Ocean, between Florida and Puerto Rico","['North Pacific Ocean, between Japan and the USA', 'In the Caribbean Sea', 'South Pacific Ocean, far off Chile']",multiple
Entertainment: Books,hard,Which of these does Charlie NOT read in The Perks of Being a Wallflower?,The Grapes of Wrath,"['Hamlet', 'The Great Gatsby', 'Peter Pan']",multiple
Entertainment: Film,medium,"What was another suggested name for, the 1985 film, Back to the Future?",Spaceman From Pluto,"['Hill Valley Time Travelers', 'The Time Travelers', 'The Lucky Man']",multiple
Entertainment: Film,medium,"Peter Jackson's film series ""The Lord of the Rings"" was shot entirely in which country?",New Zealand,"['Scotland', 'Canada', 'Iceland']",multiple
Entertainment: Film,medium,What is the correct spelling of the protagonist of the book in The NeverEnding Story (1984)?,Atreyu,"['Atrayu', 'Atraiyu', 'Atraeyu']",multiple
Vehicles,medium,"Mitsubishi Motors has had a 30-year partnership with Jackie Chan, whose movies have prominently featured their vehicles.",True,['False'],boolean
Geography,medium,How many countries are inside the United Kingdom?,Four,"['Two', 'Three', 'One']",multiple
Entertainment: Music,medium,"Which country does the power metal band ""Sabaton"" originate from?",Sweden,"['Germany', 'United States', 'Finland']",multiple
Science: Computers,easy,The series of the Intel HD graphics generation succeeding that of the 5000 and 6000 series (Broadwell) is called:,HD Graphics 500,"['HD Graphics 700 ', 'HD Graphics 600', 'HD Graphics 7000']",multiple
Science: Computers,medium,Which of these programming languages is a low-level language?,Assembly,"['Python', 'C#', 'Pascal']",multiple
Entertainment: Film,easy,"Which of these actors/actresses is NOT a part of the cast for the 2016 movie ""Suicide Squad""?",Scarlett Johansson,"['Jared Leto', 'Will Smith', 'Margot Robbie']",multiple
History,medium,Which Las Vegas casino was originally constructed and operated by mobster Bugsy Siegel?,The Flamingo,"['The MGM Grand', 'The Sands', 'The Sahara']",multiple
Geography,medium,Lake Titicaca is located between which two nations?,Peru and Bolivia,"['Kenya and Uganda', 'Mexico and the United States', 'India and Bangladesh']",multiple
History,medium,What is the mnemonic device for remembering the fates of the wives of Henry VIII?,"Divorced, Beheaded, Died, Divorced, Beheaded, Survived","['Beheaded, Died, Divorced, Divorced, Beheaded, Survived', 'Died, Beheaded, Divorced, Beheaded, Survived, Divorced', 'Survived, Beheaded, Died, Divorced, Divorced, Beheaded']",multiple
General Knowledge,hard,Which of these Indian languages is not part of the Indo-European language family?,Tamil,"['Hindi', 'Punjabi', 'Urdu']",multiple
Entertainment: Japanese Anime & Manga,medium,"In Pokémon Chronicles, why was Misty afraid of Gyarados?",She crawled into it's mouth as a baby.,"['She found it scary.', 'She was badly injured from it.', 'It is part Bug.']",multiple
Science & Nature,hard,What does the scientific name of the Cambrian-Period sea creature Anomalocaris mean?,Abnormal Shrimp,"['Deformed Fish', 'Strange Crab', 'Anomalous Clam']",multiple
Art,medium,Which Greek sculptor designed the Athena Parthenos statue inside the Parthenon?,Phidias,"['Scopas', 'Hesiod', 'Praxiteles']",multiple
General Knowledge,medium,Which essential condiment is also known as Japanese horseradish?,Wasabi ,"['Mentsuyu', 'Karashi', 'Ponzu']",multiple
Vehicles,easy,The LS3 engine is how many cubic inches?,376,"['346', '364', '427']",multiple
Entertainment: Board Games,hard,"In Magic: The Gathering, what was a tribute card to Jamie Wakefield's late wife Marilyn, who loved horses?",Timbermare,"['Loyal Pegasus', 'Vryn Wingmare', 'Sungrace Pegasus']",multiple
General Knowledge,easy,What geometric shape is generally used for stop signs?,Octagon,"['Hexagon', 'Circle', 'Triangle']",multiple
Entertainment: Video Games,hard,"In the Gamecube Version of ""Resident Evil"" what text document is open on the monitor of the computer in the Visual Data Room?",A GDC Document,"['Text Document on Herbs', 'Nothing', 'Document on B.O.Ws']",multiple
General Knowledge,hard,Xanthophobia is the fear of what color?,Yellow,"['Blue', 'Red', 'Green']",multiple
Entertainment: Video Games,medium,"Which of these characters was almost added into Super Smash Bros. Melee, but not included as the game was too far in development?",Solid Snake,"['Pit', 'Meta Knight', 'R.O.B.']",multiple
Entertainment: Film,medium,Bela Lugosi was a Hungarian-American actor best known for his starring role of what 1931 horror film?,Count Dracula,"['Dr Frankenstein', 'Werewolf', 'The Creature from the Black Lagoon']",multiple
Entertainment: Video Games,hard,In the National Pokedex what number is Porygon-Z?,474,"['376', '432', '589']",multiple
Entertainment: Musicals & Theatres,easy,"Who wrote the award winning musical ""In The Heights""?",Lin-Manuel Miranda,"['Steven Sondheim', 'Francis Scott Key', 'John Phillips Sousa']",multiple
Entertainment: Video Games,easy,Valve Corporation is an American video game developer located in which city?,"Bellevue, Washington","['Austin, Texas', 'Seattle, Washington', 'San Francisco, California']",multiple
Entertainment: Film,medium,"Who voiced Metalbeard in ""The Lego Movie""?",Nick Offerman,"['Liam Neeson', 'Morgan Freeman', 'Will Arnet']",multiple
Geography,hard,In which country is Tallinn located?,Estonia,"['Finland', 'Sweden', 'Poland']",multiple
Entertainment: Musicals & Theatres,hard,Who wrote the lyrics for Leonard Bernstein's 1957 Brodway musical West Side Story?,Stephen Sondheim,"['Himself', 'Oscar Hammerstein', 'Richard Rodgers']",multiple
Entertainment: Cartoon & Animations,easy,What is the name of the city that The Flintstones is based in?,Bedrock,"['Stoneville', 'Rockhampton', 'Boulder City']",multiple
Entertainment: Music,easy,Who is the lead singer of Green Day?,Billie Joe Armstrong,"['Mike Dirnt', 'Sean Hughes', 'Tré Cool']",multiple
Entertainment: Music,medium,"In what year was the smash hit song ""Scatman's World"" released?",1995,"['1996', '1994', '1993']",multiple
Entertainment: Music,easy,How many albums did King Gizzard & the Lizard Wizard release in 2017?,5,"['3', '6', '2']",multiple
Entertainment: Books,medium,"Who wrote the 1967 horror novel ""Rosemary's Baby""?",Ira Levin,"['Stephen King', 'Robert Bloch', 'Mary Shelley']",multiple
Entertainment: Video Games,easy,How do you tame a horse in Minecraft?,By continually mounting it,"['By feeding it Wheat', 'By feeding it Sugar', 'By petting it']",multiple
Entertainment: Video Games,easy,"In 2019, Minecraft outsold Tetris to become the world's best-selling video game.",True,['False'],boolean
Sports,medium,Who was the first footballer to score 200 goals in the English Premier League?,Alan Shearer,"['Wayne Rooney', 'Robbie Fowler', 'Thierry Henry']",multiple
Entertainment: Video Games,hard,"Which monster in ""Monster Hunter Tri"" was causing earthquakes in Moga Village?",Ceadeus,"['Alatreon', 'Rathalos', 'Lagiacrus']",multiple
Politics,medium,"The State of Queensland, Australia voted NO to a referendum for daylight savings in 1992.",True,['False'],boolean
Politics,hard,"Starting from 2000, China banned manufacturing and sales of all video game consoles. On which year was this ban lifted?",2015,"['2012', '2008', '2017']",multiple
Entertainment: Video Games,hard,Which one of these is NOT an official map in Counter-Strike: Global Offensive?,de_season,"['de_sugarcane', 'de_canals', 'de_militia']",multiple
Entertainment: Video Games,easy,"In ""Need for Speed: Porsche Unleashed"", the player can only drive cars manufactured by Porsche.",True,['False'],boolean
Politics,medium,Who was the British Prime Minister at the outbreak of the Second World War?,Neville Chamberlain,"['Clement Attlee', 'Winston Churchill', 'Stanley Baldwin']",multiple
Geography,easy,Which area of Eastern Europe is famous for its association with vampires?,Transylvania,"['Silesia', 'Macedonia', 'Slovakia']",multiple
History,easy,When is the Ides of March?,March 15,"['March 14', 'March 31', 'March 1']",multiple
Entertainment: Video Games,medium,"Of the following space shooter games, which came out first?",Space Invaders,"['Galaxian', 'Galaga', 'Sinistar']",multiple
Entertainment: Video Games,easy,"As of the year 2026, how many known moons does Jupiter have?",97,"['11', '43', '104']",multiple
Entertainment: Video Games,medium,Amazon acquired Twitch in August 2014 for $970 million dollars.,True,['False'],boolean
Entertainment: Video Games,hard,"In the game Call of Duty, what is the last level where you play as an American soldier?",Festung Recogne,"['Ste. Mere-Eglise (Day)', 'Chateau', 'Brecourt']",multiple
Entertainment: Film,medium,Who plays the Nemesis in the Resident Evil movies?,Matthew Taylor,"['Jason Dip', 'Eric Mabius', 'Jimmy Matts']",multiple
Entertainment: Comics,easy,What's the race of Invincible's father?,Viltrumite,"['Kryptonian', 'Kree', 'Irken']",multiple
Geography,easy,All of the following are classified as Finno-Ugric languages EXCEPT:,Samoyedic,"['Hungarian', 'Finnish', 'Estonian']",multiple
Sports,medium,Which NBA player won Most Valuable Player for the 1999-2000 season?,Shaquille O'Neal,"['Allen Iverson', 'Kobe Bryant', 'Paul Pierce']",multiple
Entertainment: Video Games,medium,"In the game ""Subnautica"", which feature was removed due to performance issues in 2016?",Terraforming,"['Building', 'Crafting', 'Multiplayer']",multiple
Mythology,medium,"In Greek mythology, Persephone must return to the underworld because she had eaten what kind of seeds?",Pomegranate,"['Sunflower', 'Orange', 'Fig']",multiple
Sports,medium,Who was the British professional wrestler Shirley Crabtree better known as?,Big Daddy,"['Giant Haystacks', 'Kendo Nagasaki', 'Masambula']",multiple
General Knowledge,easy,Which of these holidays is NOT usually celebrated in the month of December?,Thanksgiving,"['Christmas', 'Kwanzaa', 'Hanukkah']",multiple
Entertainment: Video Games,easy,"Which Greek letter represents the ""Half-Life"" logo?",Lambda,"['Omega', 'Alpha', 'Sigma']",multiple
Entertainment: Books,medium,"George Orwell's novel ""Animal Farm"" was inspired by which historical event?",The rise of communism and Stalin's policies.,"['The rise of Imperial Japan and Pacific control.', ""The rise of fascism and Hitler's influences."", ""Franklin D. Roosevelt's New Deal and its effects on The Great Depression.""]",multiple
Vehicles,medium,Which of these cars is NOT considered one of the 5 Modern Supercars by Ferrari?,Testarossa,"['Enzo Ferrari', 'F40', '288 GTO']",multiple
Entertainment: Film,easy,"What is the name of the island that ""Jurassic Park"" is built on?",Isla Nublar,"['Isla Sorna', 'Isla Muerta', 'Isla Pena']",multiple
General Knowledge,medium,Which of these companies does NOT manufacture automobiles?,Ducati,"['Nissan', 'GMC', 'Fiat']",multiple
Entertainment: Television,medium,"What actor portrays Hogan ""Wash"" Washburne in the TV Show Firefly?",Alan Tudyk,"['Adam Baldwin', 'Nathan Fillion', 'Sean Maher']",multiple
Entertainment: Video Games,easy,In what city in the dystopia alternate future of Half-Life 2 do you first start in?,City 17,"['City 18', 'City 6', 'City 45']",multiple
Entertainment: Film,easy,Which James Bond film had the theme song written and performed by English singer-songwriter Adele?,Skyfall,"['Casino Royale', 'Quantum Solace', 'Spectre']",multiple
Entertainment: Music,medium,Korean girl group TWICE is under which Entertainment Label?,JYP,"['MBK', 'YG', 'Stone Music']",multiple
Vehicles,medium,What was the aircraft registration for the last Concorde built?,G-BOAF,"['F-BTSC', 'G-BOAC', 'F-BVFF']",multiple
General Knowledge,easy,The “fairy” type made it’s debut in which generation of the Pokemon core series games?,6th,"['2nd', '7th', '4th']",multiple
Entertainment: Video Games,medium,"Which country was Eliza ""Ash"" Cohen from ""Tom Clancy's Rainbow Six Siege"" born in?",Israel,"['United States of America', 'Mexico', 'Canada']",multiple
Mythology,easy,How many heads does Cerberus have?,3,"['2', '1', '5']",multiple
Geography,medium,"There exists an island named ""Java"".",True,['False'],boolean
Entertainment: Music,medium,Which of these albums is a Wu-Tang Clan album?,Iron Flag,"['Perfect Hair', 'The Low End Theory', 'Licensed to Ill']",multiple
Entertainment: Music,hard,Who won the 1989 Drum Corps International championships?,Santa Clara Vanguard,"['Blue Devils', 'The Academy', 'The Bluecoats']",multiple
Science: Computers,medium,What does AD stand for in relation to Windows Operating Systems? ,Active Directory,"['Alternative Drive', 'Automated Database', 'Active Department']",multiple
Sports,easy,Which country hosted the 2020 Summer Olympics?,Japan,"['China', 'Australia', 'Germany']",multiple
Entertainment: Video Games,medium,Which city hosted the CS:GO Dreamhack Open 2015?,Cluj-Napoca,"['Cologne', 'Atlanta', 'London']",multiple
Entertainment: Video Games,medium,"In ""The Elder Scrolls 3: Morrowind"", which of the following factions is not joinable?",The Dark Brotherhood,"['Fighters Guild', 'Mages Guild', 'Thieves Guild']",multiple
Entertainment: Film,easy,When was the movie 'Con Air' released?,1997,"['1985', '1999', '1990']",multiple
Animals,medium,What color/colour is a polar bear's skin?,Black,"['White', 'Pink', 'Green']",multiple
Science: Mathematics,medium,Which of the following dice is not a platonic solid?,10-sided die,"['12-sided die', '20-sided die', '8-sided die']",multiple
Entertainment: Television,medium,"In ""Star Trek"", Klingons are commonly referred to as ""Black Elves"".",False,['True'],boolean
Entertainment: Music,medium,What song by Tina Turner is the theme for Mad Max Beyond Thunderdome?,We Don't Need Another Hero,"[""Let's Stay Together"", ""What's Love Got To Do With It"", ""I Don't Wanna Lose You""]",multiple
Entertainment: Music,hard,What is the name of the song by Beyoncé and Alejandro Fernández released in 2007?,Amor Gitano,"['La ultima vez', 'Rocket', 'Hasta Dondes Estes']",multiple
Entertainment: Film,easy,Which Batman villain is Mark Hamill known for having voiced?,The Joker,"['Two-Face', 'Bane', 'Hush']",multiple
Entertainment: Music,hard,Who was the previous drummer of blink-182 before Travis Barker?,Scott Raynor,"['Atom Willard', 'Ilan Rubin', 'Derek Grant']",multiple
Entertainment: Books,medium,"The book ""Fahrenheit 451"" was written by whom?",Ray Bradbury,"['R. L. Stine', 'Wolfgang Amadeus Mozart', 'Stephen King']",multiple
Animals,medium,"For what reason would a spotted hyena ""laugh""?",Nervousness,"['Excitement', 'Aggression', 'Exhaustion']",multiple
History,medium,The catastrophic nuclear accident that occurred in Ukraine in 1986 occurred at which power plant?,Chernobyl,"['Ignalina', 'Mayak', 'Kursk']",multiple
Entertainment: Film,easy,"Leonardo DiCaprio won an Oscar for Best Actor in 2004's ""The Aviator"".",False,['True'],boolean
Entertainment: Board Games,hard,"Some of the ""Fallen Empires"" cards from ""Magic: The Gathering"" were misprinted on the backs of which other card game?",Wyvern,"['Pokemon', 'Dominion', 'Yu-Gi-Oh']",multiple
Entertainment: Music,easy,The tuba is a part of which musical family?,Brass,"['Percussion', 'Strings', 'Woodwind']",multiple
Mythology,hard,Nidhogg is a mythical creature from what mythology?,Norse,"['Egyptian', 'Greek', 'Hindu']",multiple
Science & Nature,hard,A comet's gaseous envelope (which creates the tail) is called what?,The coma,"['The wake', 'The backwash', 'The ablative']",multiple
Entertainment: Television,medium,"How many seasons did the TV show ""Donkey Kong Country"" last?",2,"['1', '4', '5']",multiple
Art,medium,Which of these paintings did Johannes Vermeer not paint?,Bacchus,"['Girl with a Pearl Earring', 'The Milkmaid', 'The Lacemaker']",multiple
Politics,medium,"The 2014 movie ""The Raid 2: Berandal"" was mainly filmed in which Asian country?",Indonesia,"['Thailand', 'Brunei', 'Malaysia']",multiple
Entertainment: Japanese Anime & Manga,medium,"Which animation studio animated the 2016 anime ""Mob Psycho 100""?",Bones,"['A-1 Pictures', 'Shaft', 'Madhouse']",multiple
Entertainment: Video Games,medium,"In the game ""Red Dead Redemption"", what is the name of John Marston's dog?",Rufus,"['Rutus', 'Finn', 'Apollo']",multiple
Entertainment: Film,medium,"The Xenomorph from the science fiction film ""Alien"" has acidic blood.",True,['False'],boolean
Geography,easy,How many countries does Mexico border?,3,"['2', '4', '1']",multiple
Science & Nature,medium,"Where did the dog breed ""Chihuahua"" originate?",Mexico,"['France', 'Spain', 'Russia']",multiple
Science: Mathematics,easy,What is the equation for the area of a sphere?,(4/3)πr^3,"['4πr^2', '(1/3)πhr^2', 'πr^4']",multiple
History,medium,Which Roman Emperor led the Roman Empire to reach its maximum territorial extent?,Trajan,"['Julius Caesar', 'Claudius', 'Constantine the Great']",multiple
Science: Computers,easy,"On a standard American QWERTY keyboard, what symbol will you enter if you hold the shift key and press 1?",Exclamation Mark,"['Dollar Sign', 'Percent Sign', 'Asterisk']",multiple
Entertainment: Video Games,easy,"The ultimate phrase used by Pharah from Overwatch is: ""Justice rains from above!""",True,['False'],boolean
Entertainment: Film,easy,"Who is the protagonist of the 2002 film ""Kung Pow! Enter the Fist""?",Chosen One,"['Dragon King', 'Iron Monkey', 'Master Tang']",multiple
Entertainment: Music,medium,"Which of these Queen songs were sampled for the baseline in Vanilla ""Ice's Ice Ice Baby?""",Under Pressure,"[""Don't Stop Me Now"", 'Brighton Rock', 'Lazing On A Sunday Afternoon']",multiple
Entertainment: Board Games,hard,"The board game ""Monopoly"" is a variation of what board game?",The Landlord's Game,"['Territorial Dispute', 'Property Feud', ""The Monopolist's Game""]",multiple
General Knowledge,hard,"What does the Latin phrase ""Veni, vidi, vici"" translate into English?","I came, I saw, I conquered","['See no evil, hear no evil, speak no evil', 'Life, liberty, and happiness', 'Past, present, and future']",multiple
Entertainment: Music,hard,Which Manchester nightclub was considered central to the 'Madchester' music scene in the late 80's?,The Haçienda,"['The Warehouse Project', 'LIV', ""The Liar's Club""]",multiple
Entertainment: Music,medium,"Which artist curated the official soundtrack for ""The Hunger Games: Mockingjay - Part 1""?",Lorde,"['Kanye West', 'Tove Lo', 'Charli XCX']",multiple
Science & Nature,easy,What is the powerhouse of the cell?,Mitochondria,"['Ribosome', 'Redbull', 'Nucleus']",multiple
History,medium,Under which name was Rodrigo Borgia made Pope?,Alexander VI,"['Rodrigo I', 'John Paul II', 'Pius VII']",multiple
Science & Nature,hard,How many objects are equivalent to one mole?,6.022 x 10^23,"['6.002 x 10^22', '6.022 x 10^22', '6.002 x 10^23']",multiple
History,hard,Who was the President of the United States during the signing of the Gadsden Purchase?,Franklin Pierce,"['Andrew Johnson', 'Abraham Lincoln', 'James Polk']",multiple
Entertainment: Music,hard,When did the rapper Eazy-E die?,"March 26, 1995","['July 11, 1992', 'February 14, 1993', 'October 21, 1994']",multiple
Entertainment: Comics,hard,In what Homestuck Update was [S] Game Over released?,"October 25th, 2014","['April 13th, 2009', 'April 8th, 2012', 'August 28th, 2003']",multiple
General Knowledge,medium,"What is the name of the popular animatronic singing fish prop, singing such hits such as ""Don't Worry, Be Happy""?",Big Mouth Billy Bass,"['Big Billy Bass', 'Singing Fish', 'Sardeen']",multiple
Entertainment: Video Games,easy,"In the game Battleblock Theater, what was the name of the voice actor who voiced the narrator?",Will Stamper,"['Steve Blum', 'Richard Epcar', 'Yuri Lowenthal']",multiple
Science & Nature,medium,Which of these elements on the Periodic Table is a Noble Gas?,Neon,"['Potassium', 'Iodine', 'Colbalt']",multiple
Entertainment: Books,easy,"Which classic book opens with the line ""Call me Ishmael""?",Moby Dick,"['A Tale of Two Cities', 'Kidnapped', 'Wuthering Heights']",multiple
Entertainment: Video Games,easy,"In Heroes of the Storm, the Cursed Hollow map gimmick requires players to kill the undead to curse the enemy team.",False,['True'],boolean
History,medium,The Battle of the Somme in World War I took place in which country?,France,"['Germany', 'Italy', 'Austria']",multiple
Entertainment: Video Games,medium,"How many Mudokons are rescuable in ""Oddworld: New 'N' Tasty""?",299,"['301', '50', '300']",multiple
General Knowledge,easy,What style of beer will typically have a higher than average hop content?,India Pale Ale,"['Stout', 'Extra Special Bitter', 'Scotch Ale']",multiple
Animals,medium,"""Decapods"" are an order of ten-footed crustaceans.  Which of these are NOT decapods?",Krill,"['Lobsters', 'Shrimp', 'Crabs']",multiple
Entertainment: Music,medium,The album reputation by Taylor Swift has 15 songs,True,['False'],boolean
Entertainment: Video Games,easy,"In Undertale, MEGALOVANIA is a theme for which character?",Sans,"['Flowey', 'Papyrus', 'Undyne']",multiple
Science & Nature,hard,Coulrophobia is the irrational fear of what?,Clowns,"['Cemeteries', 'Needles', 'Tunnels']",multiple
Entertainment: Video Games,easy,Which Elite Four member from the first generation of Pokémon became the champion in the next generation?,Lance,"['Agatha', 'Bruno', 'Lorelei']",multiple
Sports,easy,"In what sport is a ""shuttlecock"" used?",Badminton,"['Table Tennis', 'Rugby', 'Cricket']",multiple
History,medium,Which king was killed at the Battle of Bosworth Field in 1485? ,Richard III,"['Edward V', 'Henry VII', 'James I']",multiple
Science: Mathematics,easy,Which two men are credited with independently discovering differential calculus? ,Newton and Leibnitz,"['Plato and Aristotle', 'Asiimov and Rutherford', 'Dvorak and Smith']",multiple
Entertainment: Music,medium,The country song  “A Boy Named Sue” was written by Shel Silverstein.,True,['False'],boolean
General Knowledge,hard,"Going by the International Code of Signals, which single flag is interpreted as ""I require assistance (not distress)""?",Victor,"['Kilo', 'Papa', 'Delta']",multiple
Entertainment: Board Games,medium,In what year was the card game Magic: the Gathering first introduced?,1993,"['1987', '1998', '2003']",multiple
Entertainment: Film,easy,Who directed Marvel's Avengers Endgame?,The Russo Brothers,"['Zack Synder', 'Josh Whedon', 'Kevin Feige']",multiple
Vehicles,medium,The Japanese Shinkansen beat the French TGV's speed record for fastest electric rail train.,False,['True'],boolean
Entertainment: Video Games,easy,What does IWHBYD stand for on the skull in the Halo series?,I Would Have Been Your Daddy,"['I Wanna Have Babies You Down', 'I Would Hate Being Your Driver', 'I Would Have Bought Your Dog']",multiple
History,hard,How many women joined the United States Armed Services during World War II?,"350,000","['225,000', '100,000', '500,000']",multiple
Entertainment: Film,medium,The color of the pills in the Matrix were Blue and Yellow.,False,['True'],boolean
History,medium,Which of these countries was NOT a part of the Soviet Union?,Afghanistan,"['Turkmenistan', 'Kazakhstan', 'Uzbekistan']",multiple
History,medium,What historical event was Tchaikovsky's 1812 Overture referencing?,The Napoleonic Wars,"['The American War of 1812', 'The Russian Revolution', 'The Charge of the Light Brigade (Crimean War)']",multiple
Entertainment: Video Games,medium,Who is the main villain of the Crash Bandicoot series?,Dr. Neo Cortex,"['Dr. Evo-Cortex', 'Dr. Cortox', 'Sir Cartex']",multiple
Entertainment: Music,medium,'74–'75 is a 1993 single from the album Ring by what American band?,The Connells,"['R.E.M.', 'The Ocean Blue', 'The Bangles']",multiple
General Knowledge,medium,What is the highest number of Michelin stars a restaurant can receive?,Three,"['Four', 'Five', 'Six']",multiple
Entertainment: Video Games,medium,Which unlockable character in Super Smash Bros. For Wii U and 3DS does not have to be fought to be unlocked?,Mii Fighters,"['Ness', 'R.O.B.', 'Mewtwo']",multiple
Science: Mathematics,hard,"In Topology, the complement of an open set is a closed set.",True,['False'],boolean
General Knowledge,hard,What year was the RoboSapien toy robot released?,2004,"['2000', '2001', '2006']",multiple
General Knowledge,hard,"The words ""bungalow"" and ""shampoo"" originate from the languages of which country?",India,"['Papua New Guinea', 'Ethiopia', 'China']",multiple
Mythology,medium,"In Norse Mythology, what is the name of the symbol commonly referred to as the ""Tree of Life""?",Yggdrasil,"['Ymir', 'Tree of the Earth', ""Odin's Roots""]",multiple
Entertainment: Film,easy,Which of these movies did Jeff Bridges not star in?,The Hateful Eight,"['Tron: Legacy', 'The Giver', 'True Grit']",multiple
Entertainment: Music,medium,"Which popular jazz standard begins with the line ""Someday, when I'm awfully low""?",The Way You Look Tonight,"['Autumn Leaves', 'Dream a Little Dream of Me', 'All the Things You Are']",multiple
Entertainment: Board Games,hard,The Dice Tower network of board game podcasts and videos is run by which individual?,Tom Vasel,"['Jason LeVine', 'Borth Sampson', 'Uncle Pennybags']",multiple
Entertainment: Video Games,easy,"Ana was added as a new hero for the game Overwatch on July 19th, 2016.",True,['False'],boolean
Entertainment: Japanese Anime & Manga,easy,"In the anime ""Naruto"", the main character is a female.",False,['True'],boolean
Sports,medium,Who won the 2015 College Football Playoff (CFP) National Championship? ,Ohio State Buckeyes,"['Alabama Crimson Tide', 'Clemson Tigers', 'Wisconsin Badgers']",multiple
Entertainment: Video Games,easy,"There are 6 legendary cards in ""Clash Royale"".",False,['True'],boolean
Entertainment: Japanese Anime & Manga,medium,What was studio Trigger's first original long-form animated series for television?,Kill la Kill,"['Kiznaiver', 'Inferno Cop', 'Gurren Lagann']",multiple
Entertainment: Television,medium,What is the name of the mad scientist who owns Planet Express in Futurama?,Hubert J. Farnsworth,"['Philip J. Fry', 'Rick Sanchez', 'Ogden Wernstrom']",multiple
Science: Mathematics,easy,How many sides does a heptagon have?,7,"['5', '4', '9']",multiple
Science: Computers,hard,"Australia, Japan, and Southeast Asia are in which ITU Region?",Region 3,"['Region 1', 'Region 2', 'Region 4']",multiple
Entertainment: Video Games,medium,What is a Tetris piece called?,Tetromino,"['Tetratile', 'Tetris', 'Tetripiece']",multiple
Animals,medium,"What does ""hippopotamus"" mean and in what langauge?",River Horse (Greek),"['River Horse (Latin)', 'Fat Pig (Greek)', 'Fat Pig (Latin)']",multiple
Entertainment: Video Games,hard,"In the Super Mario Bros. Series, what is Yoshi's scientific name?",T. Yoshisaur Munchakoopas,"['Yoshi', 'T. Yoshisotop Munchakoopas', 'Yossy']",multiple
History,easy,What war did George Orwell famously volunteer for and nearly died in?,Spanish Civil War,"['World War I', 'World War II', 'Russian Civil War']",multiple
Geography,easy,What is the capital of Finland?,Helsinki,"['Jabraltar', 'Macedonia', 'Oslo']",multiple
Entertainment: Video Games,easy,Which psychopath(s) in Dead Rising 1 gave you the small chainsaw?,Adam the Clown,"['Cliff Hudson', 'The convicts', 'Larry the butcher']",multiple
Science & Nature,medium,About how old is Earth?,4.5 Billion Years,"['3.5 Billion Years', '2.5 Billion Years', '5.5 Billion Years']",multiple
Entertainment: Japanese Anime & Manga,medium,"On what date did the original ""Fruits Basket"" anime air in Japan?","July 5th, 2001","['November 1st, 2006', 'December 27th, 2001', 'October 11th, 2001']",multiple
Entertainment: Music,medium,What is Brian May's guitar called?,Red Special,"['Blue Special', 'Green Special', 'Yellow Special']",multiple
General Knowledge,medium,"""Buffalo buffalo Buffalo buffalo buffalo buffalo Buffalo buffalo."" is a grammatically correct sentence.",True,['False'],boolean
Entertainment: Video Games,easy,"In the video game ""Postal 2"", what is the name of Postal Dude's dog?",Champ,"['Snoopy', 'Krotchy', 'Duke']",multiple
Geography,medium,Israel is 7 hours ahead of New York.,True,['False'],boolean
General Knowledge,medium,What do the Dutch call their language?,Nederlands,"['Dansk', 'Deutsch', 'Hollander']",multiple
Entertainment: Board Games,easy,"In which year was the pen and paper RPG ""Deadlands"" released?",1996,"['2003', '1999', '1993']",multiple
Entertainment: Television,hard,"In ""Star Trek"", what sauce is commonly used by Klingons on bregit lung?",Grapok sauce,"['Gazorpazorp pudding', 'Sweet chili sauce', 'Grapork sauce']",multiple
Entertainment: Video Games,hard,"In Terraria, which debuff does the ankh charm not provide immunity to?",Venom,"['Cursed', 'Bleeding', 'Slow']",multiple
Science & Nature,medium,"In human biology, a circadium rhythm relates to a period of roughly how many hours?",24,"['8', '16', '32']",multiple
Entertainment: Television,easy,Who won Big Brother 2014 UK?,Helen Wood,"['Christopher Hall', 'Pauline Bennett', 'Pavandeep ""Pav"" Paul']",multiple
History,hard,What was the first recorded object to ever reach space?,Bumper-WAC,"['American Manhole Cover', 'Sputnik I ', 'Sputnik II']",multiple
Science: Computers,medium,"FLAC stands for ""Free Lossless Audio Condenser""'",False,['True'],boolean
Entertainment: Japanese Anime & Manga,hard,"In ""Hunter x Hunter"", what are members in Killua's family known for being?",Assassins,"['Bandits', 'Hunters', 'Ninjas']",multiple
History,medium,In what year did Kentucky become the 15th state to join the union?,1792,"['1782', '1798', '1788']",multiple
Entertainment: Japanese Anime & Manga,hard,"Which song was the callsign for Stefan Verdemann's KWFM radio station in Urasawa Naoki's ""Monster""?",Over the Rainbow,"['What a Wonderful World', 'When You Wish Upon A Star', 'Singing In The Rain']",multiple
Mythology,medium,"In Norse Mythology, Baldr was killed by Loki with a magical spear made from what plant?",Mistletoe,"[""Wolf's Bane"", 'Buckthorn', 'Hemlock']",multiple
Science & Nature,hard,Muscle fiber is constructed of bundles small long organelles called what?,Myofibrils,"['Epimysium', 'Myofiaments', 'Myocardium']",multiple
Entertainment: Japanese Anime & Manga,medium,"Who wrote and directed the animated movie ""Spirited Away"" (2001)?",Hayao Miyazaki,"['Isao Takahata', 'Mamoru Hosoda', 'Hidetaka Miyazaki']",multiple
Sports,easy,"What is the name of the ""tool"" used to hit the white ball in snooker or billiards?",Cue,"['Racquet', 'Bat', 'Mallet']",multiple
Entertainment: Books,hard,What is Ron Weasley's middle name?,Bilius,"['Arthur', 'John', 'Dominic']",multiple
Entertainment: Video Games,medium,What character is NOT apart of the Grand Theft Auto series?,Michael Cardenas,"['Packie McReary', 'Tommy Vercetti', 'Lester Crest']",multiple
Entertainment: Video Games,medium,"In the game ""Dead By Daylight,"" which character starts with the perk ""Bond"".",Dwight Fairfield,"['Claudette Morell', 'Meg Thomas', 'Jake Park']",multiple
Entertainment: Video Games,easy,Donkey Kong was originally set to be a Popeye arcade game.,True,['False'],boolean
Entertainment: Music,medium,"The letters in the name of the band ""TWRP"" stand for what?",Tupperware Remix Party,"['Totally Wicked Robot Performers', 'Team Wild and the Radio Pirates', 'Taiwan Roleplay']",multiple
General Knowledge,easy,Which of these fast-food chains is NOT mainly known to sell pizza?,Wendy's,"[""Domino's"", 'Little Caesars', ""Papa John's""]",multiple
Entertainment: Video Games,medium,"In the first Left 4 Dead, you can play as either of these four characters.","Francis, Bill, Zoey, and Louis","['Bender, Andrew, Allison, and Brian', 'Coach, Ellis, Nick, and Rochelle', 'Harry, Ron, Hermione and Dumbledore']",multiple
Entertainment: Television,medium,What is the name of the race horse that Tony Soprano becomes attached to?,Pie-O-My,"[""Man o' war"", 'Bada Bing', 'Honest Earnings']",multiple
Science & Nature,hard,What is the most potent toxin known?,Botulinum toxin,"['Ricin', 'Cyanide', 'Asbestos']",multiple
Geography,easy,What is the capital of Denmark?,Copenhagen,"['Aarhus', 'Odense', 'Aalborg']",multiple
Science & Nature,hard,Which of the following is NOT a real element?,Vitrainium,"['Praseodymium', 'Hassium', 'Lutetium']",multiple
General Knowledge,easy,What does VR stand for?,Virtual Reality,"['Very Real', 'Visual Recognition', 'Voice Recognition']",multiple
Entertainment: Music,medium,What are the first few words in the lyrics of A-Ha's 'Take On Me'?,We're talking away,"[""We're dreaming today"", ""We're finding a way"", ""We're blocking the way""]",multiple
Entertainment: Books,easy,"Who wrote ""The Scarlet Letter"", published in 1850?",Nathaniel Hawthorne,"['Washington Irving', 'James Fenimore Cooper', 'Catherine Maria Sedgwick']",multiple
Entertainment: Music,easy,"Which former boy-band star released hit solo single ""Angels"" in 1997?",Robbie Williams,"['Justin Timberlake', 'Harry Styles', 'Gary Barlow']",multiple
General Knowledge,medium,What character was once considered to be the 27th letter of the alphabet?,Ampersand,"['Interrobang', 'Tilde', 'Pilcrow']",multiple
Entertainment: Music,medium,What was Taylor Swift's 5th album called?,1989,"['Fearless', 'Red', 'Speak Now']",multiple
Entertainment: Video Games,easy,What is the main ship used by Commander Shepard in the Mass Effect Franchise called?,Normandy,"['Osiris', 'Infinity', 'Endeavour']",multiple
Sports,medium,ATP tennis hosted several tournaments on carpet court before being replaced to reduce injuries.,True,['False'],boolean
Science: Computers,easy,Ada Lovelace is often considered the first computer programmer.,True,['False'],boolean
Entertainment: Music,medium,Arcade Fire's 'The Suburbs' won the Album of the Year award in the 2011 Grammys.,True,['False'],boolean
Science: Computers,hard,"What was the first company to use the term ""Golden Master""?",Apple,"['IBM', 'Microsoft', 'Google']",multiple
Entertainment: Television,hard,What's Dr. Doofenshmirtz first name?,Heinz,"['Hans', 'Hank', 'Heidi']",multiple
History,medium,The crown of the Empire State Building was originally built for what purpose?,Airship Dock,"['Lightning Rod', 'Antennae', 'Flag Pole']",multiple
Entertainment: Video Games,medium,Which of the following is a character in the video game Destiny?,Cayde-6,"['Ostrava of Boletaria', 'Mordecai the Hunter', 'Leon S. Kennedy']",multiple
Entertainment: Film,medium,"Which stand-up comedian voiced the talking parrot ""Iago"" in Disney's 1992 adaptation of Aladdin?",Gilbert Gottfried,"['Robin Williams', 'Pauly Shore', 'Jonathan Freeman']",multiple
Entertainment: Video Games,hard,"The Internet Meme ""All your base are belong to us"" is based on the poorly translated English Version of which Video Game?",Zero Wing,"['F-Zero', 'Wing Commander', 'Star Wars: X-Wing']",multiple
Entertainment: Video Games,medium,"In the Super Smash Bros. series, which game first featured Luigi as a playable character?",Super Smash Bros.,"['Super Smash Bros. Melee', 'Super Smash Bros. Brawl', 'Super Smash Bros. for Wii U']",multiple
Entertainment: Video Games,hard,The retail disc of Tony Hawk's Pro Skater 5 only comes with the tutorial.,True,['False'],boolean
Entertainment: Books,easy,Who wrote the novel 'Fear And Loathing In Las Vegas'?,Hunter S. Thompson,"['F. Scott Fitzgerald', 'Henry Miller', 'William S. Burroughs']",multiple
Entertainment: Video Games,medium,"In Hitman: Blood Money, what is the name of the target in the mission ""Death of a Showman""?",Joseph Clarence,"['The Swing King', 'Maynard John', 'Manuel Delgado']",multiple
General Knowledge,easy,Which country has the Union Jack in its flag?,New Zealand,"['South Africa', 'Canada', 'Hong Kong']",multiple
Entertainment: Comics,easy,"In DC comics, what is Owlman's real name?",Thomas Wayne Jr.,"['Thomas Wayne', 'Bruce Wayne', 'Joseph Chill ']",multiple
Entertainment: Music,medium,"Who is the Pink Floyd song ""Shine On You Crazy Diamond"" written about?",Syd Barrett,"['John Lennon', 'David Gilmour', 'Floyd']",multiple
Entertainment: Music,medium,"The composition ""1812 Overture"" by Tchaikovsky symbolized the War of 1812 between the United States, and Great Britain.",False,['True'],boolean
Sports,easy,How many soccer players should be on the field at the same time?,22,"['20', '24', '26']",multiple
Entertainment: Video Games,hard,"Which game in the ""Dark Souls"" series does the player play as the ""Ashen One""?",Dark Souls III,"['Dark Souls I', 'Bloodborne', 'Demon Souls']",multiple
Entertainment: Books,easy,Which is NOT a book in the Harry Potter Series?,The House Elf,"['The Chamber of Secrets', 'The Prisoner of Azkaban', 'The Deathly Hallows']",multiple
Entertainment: Video Games,easy,"The game ""Battlefield 1"" takes place during World War I.",True,['False'],boolean
Entertainment: Music,medium,Which of the following guitarists recorded an album as a member of the Red Hot Chili Peppers?,Dave Navarro,"['Tom Morello ', 'Billy Corgan', ""Ed O'Brien""]",multiple
Geography,easy,Where was the ancient city of Pompeii?,Italy,"['East Africa', 'South America', 'Pompilanus']",multiple
Entertainment: Music,medium,"Which of these languages was NOT included in the 2016 song ""Don't Mind"" by Kent Jones?",Portuguese,"['Japanese', 'French', 'Spanish']",multiple
Entertainment: Video Games,hard,"In the Mario Kart series, which game introduced the ""Shield Drifting"" mechanic?",Mario Kart Arcade GP DX,"['Mario Kart: Double Dash', 'Mario Kart Super Circuit', 'Mario Kart DS']",multiple
Science: Computers,easy,The programming language 'Swift' was created to replace what other programming language?,Objective-C,"['C#', 'Ruby', 'C++']",multiple
History,hard,What was the name of the spy ring that helped the United States win the Revolutionary War?,Culper Ring,"['New York Spy Ring', ""Washington's Spies"", 'Unnamed']",multiple
Science & Nature,easy,Naturally occuring uranium primarily consists of which isotope?,238,"['235', '239', '233']",multiple
General Knowledge,easy,Area 51 is located in which US state?,Nevada,"['Arizona', 'New Mexico', 'Utah']",multiple
Geography,hard,Which of the following Inuit languages was the FIRST to use a unique writing system not based on the Latin alphabet?,Inuktitut,"['Inuinnaqtun', 'Greenlandic', 'Inupiat']",multiple
History,hard,What was the name of the German offensive operation in October 1941 to take Moscow before winter?,Operation Typhoon,"['Operation Sunflower', 'Operation Barbarossa', 'Case Blue']",multiple
Sports,medium,"Who won the 1994 San Marino Grand Prix, the race in which Ayrton Senna was killed?",Michael Schumacher,"['Nicola Larini', 'Gerhard Berger', 'Mika Häkkinen']",multiple
Science & Nature,easy,What is an example of a bacterial pathogen?,Cholera,"['Measles ', 'AIDS', 'Ringworm']",multiple
Entertainment: Video Games,easy,"Which character in the ""Animal Crossing"" series uses the phrase ""zip zoom"" when talking to the player?",Scoot,"['Drake', 'Bill', 'Mallary']",multiple
Entertainment: Television,easy,"In the show ""Dragonball Z"", what is the name of Cell's most powerful attack?",Solar Kamehameha,"['Super Kamehameha', 'Cell Kamehameha', 'Android Kamehameha']",multiple
General Knowledge,easy,Which of these colours is NOT featured in the logo for Google?,Pink,"['Yellow', 'Blue', 'Green']",multiple
Entertainment: Music,hard,What is the official name of Prince's backing band?,The Revolution,"['The Paupers', 'The Wailers', 'The Heartbreakers']",multiple
Entertainment: Books,hard,"In the ""Harry Potter"" series, what is Headmaster Dumbledore's full name?",Albus Percival Wulfric Brian Dumbledore,"['Albus Valum Jetta Mobius Dumbledore', 'Albus James Lunae Otto Dumbledore', 'Albus Valencium Horatio Kul Dumbledore']",multiple
Entertainment: Television,easy,What TV show is about a grandfather dragging his grandson around on adventures?,Rick & Morty,"['Family Guy', 'South Park', 'American Dad']",multiple
Science & Nature,medium,Which of these is a type of stretch/deep tendon reflex?,Ankle jerk reflex,"['Gag reflex', 'Pupillary light reflex', 'Scratch reflex']",multiple
Entertainment: Video Games,medium,This weapon in Counter-Strike: Global Offensive does not exist in real life.,M4A4,"['AWP', 'M4A1', 'MP9']",multiple
History,medium,When did the Battle of the Bulge end?,"January 25, 1945","['August 6, 1945', 'December 7, 1941', 'December 16, 1944']",multiple
Entertainment: Video Games,medium,Which Sonic the Hedgehog game introudced Knuckles the Echidna?,Sonic the Hedgehog 3,"['Sonic the Hedgehog 2', 'Sonic & Knuckles', 'Sonic Adventure']",multiple
Art,easy,Which artist painted the late 15th century mural 'The Last Supper'?,Leonardo da Vinci,"['Piero della Francesca', 'Paolo Uccello', 'Luca Pacioli']",multiple
Entertainment: Video Games,easy,"Which franchise was NOT featured in the 2015 video game ""Lego Dimensions""?",Breaking Bad,"['Portal', 'Doctor Who', 'Back to the Future']",multiple
Entertainment: Television,easy,"On the show ""Rick and Morty"", in episode ""Total Rickall"", who was a parasite?",Pencilvester,"['Beth Smith', 'Summer Smith', 'Mr. Poopy Butthole']",multiple
General Knowledge,hard,What is the most commonly used noun in the English language?,Time,"['Home', 'Water', 'Man']",multiple
Entertainment: Video Games,easy,"In ""Rainbow Six: Siege"", which of the following operators cannot breach reinforced walls?",Buck,"['Thermite', 'Hibana', 'Maverick']",multiple
Science & Nature,easy,"What is the ""powerhouse"" of the Eukaryotic animal cell?",Mitochondria,"['Nucleus', 'Chloroplast', 'Endoplasmic Reticulum']",multiple
Science: Computers,easy,How many values can a single byte represent?,256,"['8', '1', '1024']",multiple
Entertainment: Video Games,medium,What is the original name of Final Fantasy XV?,Final Fantasy Versus XIII,"['Final Fantasy: Reborn', 'Final Fantasy XVI', 'Final Fantasy XIII-3']",multiple
Entertainment: Music,medium,Liam Howlett founded which electronic music group in 1990?,The Prodigy,"['The Chemical Brothers', 'The Crystal Method', 'Infected Mushroom']",multiple
Entertainment: Books,medium,"What is the make and model of the tour vehicles in ""Jurassic Park"" (1990)?",1989 Toyota Land Cruiser,"['1989 Jeep Wrangler YJ Sahar', '1989 Ford Explorer XLT', 'Mercedes M-Class']",multiple
Entertainment: Video Games,medium,In which country's version of Half-Life are the HECU Marines replaced with robots?,Germany,"['Japan', 'China', 'France']",multiple
Entertainment: Film,easy,"Who played Deputy Marshal Samuel Gerard in the 1993 film ""The Fugitive""?",Tommy Lee Jones,"['Harrison Ford', 'Harvey Keitel', 'Martin Landau']",multiple
Entertainment: Film,hard,"In ""Star Trek Nemesis"", why was Praetor Shinzon created?",To replace Picard as a Romulan Agent,"['To destroy the Enterprise', ""To become Picard's friend "", 'To steal the Enterprise']",multiple
Science: Mathematics,medium,"In a normal distribution, 95% of the data lies within how many standard deviations of the mean?",2,"['1', '3', '4']",multiple
General Knowledge,easy,What do sailors call the back of a boat?,Stern,"['Bow', 'Starboard', 'Port']",multiple
Entertainment: Video Games,hard,"In the game ""The Sims"", how many Simoleons does each family start with?","20,000","['10,000', '15,000', '25,000']",multiple
Entertainment: Video Games,medium,Which genre is the Touhou Project associated with?,Shoot 'em up (bullet-hell) & Fighting,"['Turn-Based Strategy', 'MMORPG', 'Building ']",multiple
Science & Nature,easy,An exothermic reaction is a chemical reaction that releases energy by radiating electricity.,False,['True'],boolean
Vehicles,hard,What model was the sports car gifted to Yuri Gagarin by the French government in 1965?,Matra Djet,"['Porsche 911', 'Alpine A110', 'AC Cobra']",multiple
Geography,medium,What is the capital of Brazil?,Brasilia,"['Rio de Janeiro', 'Sao Paolo', 'Curitiba']",multiple
Entertainment: Film,medium,What mutated animals act as monsters in the movie 'Night of the Lepus'?,Rabbits,"['Dogs', 'Rats', 'Bats']",multiple
Entertainment: Music,medium,Which of these is not a song on the album Graduation by Kanye West?,Waves,"['I Wonder', 'Big Brother', 'The Glory']",multiple
Entertainment: Video Games,hard,"What is the main theme song of ""Sonic Adventure 2""?",Live and Learn,"['Open Your Heart', 'Can You Feel the Sunshine?', 'His World']",multiple
Animals,hard,Which of these animals is NOT a lizard?,Tuatara,"['Komodo Dragon', 'Gila Monster', 'Green Iguana']",multiple
Science & Nature,hard,If you planted the seeds of Quercus robur what would grow?,Trees,"['Flowers', 'Vegtables', 'Grains']",multiple
Entertainment: Music,hard,"Which artists' version of the song ""The Tide is High"" came first?",The Paragons,"['Blondie', 'Kardinal Offishall', 'Atomic Kitten']",multiple
Entertainment: Film,easy,Which animated movie was first to feature a celebrity as a voice actor?,Aladdin,"['Toy Story', 'James and the Giant Peach', 'The Hunchback of Notre Dame']",multiple
Entertainment: Video Games,easy,Which of these is NOT the name of a rival gang in the video game Saint's Row 2?,The Zin Empire,"['The Brotherhood', 'The Ronin', 'The Sons of Samedi']",multiple
Entertainment: Video Games,medium,"Which horror movie had a sequel in the form of a video game released in August 20, 2002?",The Thing,"['The Evil Dead', 'Saw', 'Alien']",multiple
Entertainment: Video Games,easy,Which of the following characters is NOT a female marriage candidate in the game Stardew Valley?,Caroline,"['Abigail', 'Haley', 'Leah']",multiple
History,easy,Adolf Hitler was tried at the Nuremberg trials.,False,['True'],boolean
Geography,medium,How many timezones does Russia have?,11,"['6', '24', '16']",multiple
Entertainment: Television,easy,"Who is the main character in the show ""Burn Notice""?",Michael Westen,"['Sam Axe', 'Fiona Glenanne', 'Madeline Westen']",multiple
Geography,medium,What city  has the busiest airport in the world?,"Atlanta, Georgia USA","['London, England', 'Chicago,Illinois ISA', 'Tokyo,Japan']",multiple
Entertainment: Cartoon & Animations,medium,"In ""The Simpsons"", where did Homer and Marge first meet?",At Summer Camp,"['At High School', 'At Church', 'At 742 Evergreen Terrace']",multiple
Geography,easy,Nova Scotia is on the east coast of Canada.,True,['False'],boolean
Geography,easy,In which Indian city can the Taj Mahal be found?,Agra,"['Mumbai', 'Faridabad', 'Thane']",multiple
Entertainment: Video Games,hard,"GoldenEye 007 on the Nintendo 64 was planned to allow you to play as all previous Bond actors, with the exception of who?",George Lazenby,"['Roger Moore', 'Sean Connery', 'Timothy Dalton']",multiple
Animals,easy,"Snakes and lizards are known to flick their tongue, this behavior is to?",Capture scent particles,"['Taste the sweet air', 'Threaten other species', 'Attract female mates']",multiple
Science & Nature,medium,"""Tachycardia"" or ""Tachyarrhythmia"" refers to a resting heart-rate near or over 100 BPM.",True,['False'],boolean
General Knowledge,easy,The Canadian $1 coin is colloquially known as a what?,Loonie,"['Boolie', 'Foolie', 'Moodie']",multiple
Science: Computers,easy,"In networking, what does OSPF stand for?",Open Shortest Path First,"['Order State Part First', 'Order Sense Ping Find', 'Open Signal Path Finder']",multiple
History,medium,What was the name of the planned invasion of Japan towards the end of World War II?,Operation Downfall,"['Operation Boarding Party', 'Operation Ironclad', 'Operation Aflame']",multiple
Entertainment: Video Games,medium,Which of these is NOT a faction included in the game Counter-Strike: Global Offensive?,BOPE,"['GSG-9', 'Elite Crew', 'Phoenix Connexion']",multiple
Geography,medium,What was the African nation of Zimbabwe formerly known as?,Rhodesia,"['Zambia', 'Mozambique', ' Bulawayo']",multiple
Entertainment: Video Games,easy,Which Kirby game first introduced Copy Abilities?,Kirby's Adventure,"['Kirby Super Star', ""Kirby's Dream Land 2"", ""Kirby's Dream Land""]",multiple
Sports,medium,Which car manufacturer won the 2017 24 Hours of Le Mans?,Porsche,"['Toyota', 'Audi', 'Chevrolet']",multiple
Entertainment: Music,easy,A Saxophone is a brass instrument.,False,['True'],boolean
History,medium,What is the name given to the series of confrontations between the UK and Iceland over North Atlantic fishing rights?,The Cod Wars,"['The Lobster Wars', 'The Halibut Wars', 'The Mackerel Wars']",multiple
Entertainment: Film,easy,"Who plays protagonist Ethan Hunt in the ""Mission: Impossible"" film-series?",Tom Cruise,"['Johnny Depp', 'Sean Connery', 'Pierce Brosnan']",multiple
Entertainment: Video Games,medium,Marvel vs Capcom 2: New age of Heroes was released in what year?,2000,"['2001', '2003', '1998']",multiple
General Knowledge,hard,"Originally another word for poppy, coquelicot is a shade of what?",Red,"['Green', 'Blue', 'Pink']",multiple
Entertainment: Books,hard,Which of the following is NOT a work done by Shakespeare?,Trial of Temperance,"['Measure For Measure', 'Titus Andronicus', 'Cymbeline']",multiple
Mythology,easy,"Who in Greek mythology, who led the Argonauts in search of the Golden Fleece?",Jason,"['Castor', 'Daedalus', 'Odysseus']",multiple
General Knowledge,medium,What direction does the Statue of Liberty face?,Southeast,"['Southwest', 'Northwest', 'Northeast']",multiple
Entertainment: Film,medium,"This movie contains the quote, ""I love the smell of napalm in the morning!""",Apocalypse Now,"['Platoon', 'The Deer Hunter', 'Full Metal Jacket']",multiple
Entertainment: Television,medium,The television show Doctor Who first aired in 1963.,True,['False'],boolean
Science & Nature,medium,The planet Mars has two moons orbiting it.,True,['False'],boolean
Geography,easy,Which of the following languages does NOT use the Latin alphabet?,Georgian,"['Turkish', 'Swahili', 'Vietnamese']",multiple
Science & Nature,hard,The Western Lowland Gorilla is scientifically know as?,Gorilla Gorilla Gorilla,"['Gorilla Gorilla Diehli', 'Gorilla Beringei Graueri', 'Gorilla Beringei Beringei']",multiple
Sports,hard,Etihad Stadium is the home stadium for which team?,Manchester City,"['Manchester United', 'Arsenal', 'Blackpool']",multiple
Entertainment: Video Games,easy,Which of the following is NOT one of the main characters in Grand Theft Auto V’s story mode?,Tommy Vercetti,"['Michael de Santa', 'Franklin Clinton', 'Trevor Phillips']",multiple
General Knowledge,easy,It is automatically considered entrapment in the United States if the police sell you illegal substances without revealing themselves.,False,['True'],boolean
Celebrities,easy,What was the cause of Marilyn Monroes suicide?,Drug Overdose,"['Knife Attack', 'House Fire', 'Gunshot']",multiple
Celebrities,easy,"Marilyn Monroe was born on July 1, 1926.",False,['True'],boolean
History,medium,Who crowned Charlemagne as Holy Roman Emperor on Christmas Day in 800?,Pope Leo III,"['Pope Urban IV', 'Pope Stephen V', 'Pope Valentine']",multiple
Entertainment: Television,hard,"In season one of the US Kitchen Nightmares, Gordan Ramsay tried to save 10 different restaurants. How many ended up closing afterwards?",9,"['6', '3', '0']",multiple
Science: Computers,medium,How many cores does the Intel i7-6950X have?,10,"['12', '8', '4']",multiple
Entertainment: Cartoon & Animations,hard,"Who voice acted the character Hiccup in the movie ""How to Train Your Dragon""?",Jay Baruchel,"['Jack Brauchel', 'John Powell', 'Gerard Butler']",multiple
General Knowledge,medium,Which river flows through the Scottish city of Glasgow?,Clyde,"['Tay', 'Dee', 'Tweed']",multiple
Entertainment: Video Games,easy,"What were the first two blocks in ""Minecraft""?",Grass and Cobblestone,"['Grass and Stone', 'Crafting Table and Cobblestone', 'Cobblestone and Stone']",multiple
Entertainment: Books,easy,Which of the following is the world's best-selling book?,The Lord of the Rings,"['The Little Prince', ""Harry Potter and the Philosopher's Stone"", 'The Da Vinci Code']",multiple
Entertainment: Comics,easy,Deadpool's identity is Slade Wilson.,False,['True'],boolean
General Knowledge,medium,Which country drives on the left side of the road?,Japan,"['Germany', 'Russia', 'China']",multiple
Entertainment: Video Games,easy,"What is the name of the main character in ""Life is Strange""?",Maxine Caulfield,"['Victoria Chase', 'Stella Hill', 'Chloe Price']",multiple
Entertainment: Video Games,medium,"In the canon ""Neptunia"" games, Neptune is always the main protagonist.",False,['True'],boolean
Entertainment: Board Games,hard,"What was the development code name for the ""Weatherlight"" expansion for ""Magic: The Gathering"", released in 1997?",Mocha Latte,"['Decaf', 'Frappuccino', 'Macchiato']",multiple
General Knowledge,easy,How many cards are there in a standard deck of playing cards?,52,"['32', '40', '64']",multiple
Science: Computers,medium,In the server hosting industry IaaS stands for...,Infrastructure as a Service,"['Internet as a Service', 'Internet and a Server', 'Infrastructure as a Server']",multiple
Entertainment: Film,medium,"In the movie ""Back to the Future,"" what speed does Doc Brown's DeLorean need to reach in order to travel through time?",88 mph,"['77 mph', '100 mph', '70 mph']",multiple
Entertainment: Television,hard,"What is the name of the pirate that sings the intro to ""Spongebob Squarepants""?",Painty,"['Patchy', 'Lloyd', 'Larry']",multiple
Geography,medium,What is the capital of Laos?,Vientiane,"['Tarawa', 'Vaduz', 'Tegucigalpa']",multiple
Entertainment: Board Games,medium,"In Chess, the Queen has the combined movement of which two pieces?",Bishop and Rook,"['Rook and King', 'Knight and Bishop', 'King and Knight']",multiple
Geography,medium,What is the capital of the U.S. state Texas?,Austin,"['Dallas', 'Santa Fe', 'Houston']",multiple
Art,easy,Which Van Gogh painting depicts the view from his asylum in Saint-Rémy-de-Provence in southern France?,The Starry Night,"['Wheatfields with Crows', 'The Sower with Setting Sun', 'The Church at Auvers']",multiple
Entertainment: Film,easy,"In ""Jurassic World"", what is the name of the dinosaur that is a genetic hybrid?",Indominus Rex,"['Mosasaurus', 'Pteranodon', 'Tyrannosaurus Rex ']",multiple
Entertainment: Video Games,easy,"In the ""Half-Life"" series, ""H.E.V"" stands for ""Hazardous Evasiveness Vest""",False,['True'],boolean
Entertainment: Video Games,hard,Which of the following games in the The Legend of Zelda franchise was released in North America before Japan?,The Legend of Zelda: Twilight Princess,"['Zelda II: The Adventure of Link', 'The Legend of Zelda: Four Swords Adventures', ""The Legend of Zelda: Majora's Mask""]",multiple
General Knowledge,medium,In 2013 how much money was lost by Nigerian scams?,$12.7 Billion,"['$95 Million', '$956 Million', '$2.7 Billion']",multiple
General Knowledge,easy,"In past times, what would a gentleman keep in his fob pocket?",Watch,"['Money', 'Keys', 'Notebook']",multiple
Entertainment: Television,medium,On the NBC show Community what was Star Burns' real name?,Alex,"['Todd', 'Neal', 'Grimus']",multiple
Vehicles,medium,Which supercar company is from Sweden?,Koenigsegg,"['Bugatti', 'Lamborghini', 'McLaren']",multiple
General Knowledge,medium,"In the Morse code, which letter is indicated by 3 dots? ",S,"['O', 'A', 'C']",multiple
Science & Nature,medium,Polaris is the brightest star in the northern hemisphere night sky.,False,['True'],boolean
Entertainment: Music,medium,"Where did the British Boy Band ""Bros"" come from?",Camberley,"['Guildford', 'Aldershot', 'Bagshot']",multiple
Entertainment: Japanese Anime & Manga,easy,"Studio Ghibli is a Japanese animation studio responsible for the films ""Wolf Children"" and ""The Boy and the Beast"".",False,['True'],boolean
Science & Nature,medium,The Doppler effect applies to light.,True,['False'],boolean
Entertainment: Cartoon & Animations,hard,"What was the release date of the first episode of ""The Powerpuff Girls""?","November 18, 1998","['June 25, 1999', 'July 28, 2000', 'April 14, 2001']",multiple
Geography,easy,What is the name of the peninsula containing Spain and Portugal?,Iberian Peninsula,"['European Peninsula', 'Peloponnesian Peninsula', 'Scandinavian Peninsula']",multiple
Entertainment: Video Games,medium,"In the ""Call Of Duty: Zombies"" map ""Origins"", how many numbered power generators are there?",6,"['8', '5', '3']",multiple
History,medium,In what year did the First World War end?,1918,"['1914', '1916', '1912']",multiple
Entertainment: Japanese Anime & Manga,medium,"In ""Toriko"", which of the following foods is knowingly compatible with Toriko?",Poison Potato,"['Mors Oil', 'Alpacookie', 'Parmesansho Fruit']",multiple
History,medium,"What was the transfer of disease, crops, and people across the Atlantic shortly after the discovery of the Americas called?",The Columbian Exchange,"['Triangle Trade', 'Transatlantic Slave Trade', 'The Silk Road']",multiple
General Knowledge,medium,A doctor with a PhD is a doctor of what?,Philosophy,"['Psychology', 'Phrenology', 'Physical Therapy']",multiple
Entertainment: Film,easy,"For the film ""Raiders of The Lost Ark"", what was Harrison Ford sick with during the filming of the Cairo chase?",Dysentery,"['Anemia', 'Constipation', 'Acid Reflux ']",multiple
General Knowledge,medium,The vapor produced by e-cigarettes is actually water.,False,['True'],boolean
Entertainment: Video Games,hard,"In ""Sonic the Hedgehog 3"" for the Sega Genesis, what is the color of the second Chaos Emerald you can get from Special Stages?",Orange,"['Blue', 'Green', 'Magenta']",multiple
Mythology,medium,Neptune's greek name was...,Poseidon,"['Ares', 'Zeus', 'Apollo']",multiple
Entertainment: Film,hard,"In the 1976 film 'Taxi Driver', how many guns did Travis buy from the salesman?",4,"['2', '6', '1']",multiple
Science: Gadgets,easy,Which buzzword did Apple Inc. use to describe their removal of the headphone jack?,Courage,"['Innovation', 'Revolution', 'Bravery']",multiple
Entertainment: Video Games,medium,A cancelled Call Of Duty title would have taken place in ancient Rome.,True,['False'],boolean
Entertainment: Video Games,easy,"In the ""Worms"" series of video games, which of these weapons is affected by wind?",Bazooka,"['Grenade', 'Air Strike', 'Mortar']",multiple
General Knowledge,medium,"What is a ""dakimakura""?",A body pillow,"['A Chinese meal, essentially composed of fish', 'A yoga posture', 'A word used to describe two people who truly love each other']",multiple
Entertainment: Cartoon & Animations,medium,"Which city did Anger berate for ruining pizza in ""Inside Out""?",San Francisco,"['Minnesota', 'Washington', 'California']",multiple
Science: Mathematics,hard,The decimal number 31 in hexadecimal would be what?,1F,"['3D', '2E', '1B']",multiple
Entertainment: Video Games,easy,Ryuji Sakamoto is a character from Final Fantasy.,False,['True'],boolean
Geography,medium,How many countries are larger than Australia?,5,"['4', '3', '6']",multiple
Science: Computers,hard,What is the name given to layer 4 of the Open Systems Interconnection (ISO) model?,Transport,"['Session', 'Data link', 'Network']",multiple
Geography,medium,Which of the following language families is the most controversial amongst modern linguists?,Altaic,"['Sino-Tibetan', 'Dravidian', 'Indo-European']",multiple
Science: Computers,easy,"The programming language ""Python"" is based off a modified version of ""JavaScript"".",False,['True'],boolean
Science & Nature,hard,"On the Beaufort Scale of wind force, what wind name is given to number 8?",Gale,"['Storm', 'Hurricane', 'Breeze']",multiple
History,medium,"Which Nazi General was known as the ""Desert Fox""?",Erwin Rommel,"['Gerd von Rundstadt', 'Wilhelm Keitel', 'Heinz Guderian ']",multiple
Entertainment: Video Games,medium,"In Super Smash Bros. Ultimate, which of the following pair of characters are NOT considered ""Echo Fighters""?",Link & Young Link,"['Marth & Lucina', 'Richter & Simon', 'Peach & Daisy']",multiple
Science & Nature,easy,An Astronomical Unit is the distance between Earth and the Moon.,False,['True'],boolean
Animals,easy,What is the collective noun for a group of crows?,Murder,"['Pack', 'Gaggle', 'Herd']",multiple
Science: Mathematics,easy,What type of angle is greater than 90°?,Obtuse,"['Acute', 'Right', 'Straight']",multiple
Entertainment: Television,medium,"In the animated series Futurama, the character Phllip J. Fry is his own grandfather.",True,['False'],boolean
Sports,hard,Where was the Games of the XXII Olympiad held?,Moscow,"['Barcelona', 'Tokyo', 'Los Angeles']",multiple
Entertainment: Japanese Anime & Manga,medium,Who was the first Legendary Pokemon to be defeated by Ash Ketchum in the Pokémon anime?,Articuno,"['Darkrai', 'Latios', 'Regice']",multiple
Entertainment: Music,medium,In which city did American rap producer DJ Khaled originate from?,Miami,"['New York', 'Detroit', 'Atlanta']",multiple
Entertainment: Video Games,hard,How many voice channels does the Nintendo Entertainment System support natively?,5,"['4', '6', '3']",multiple
Entertainment: Cartoon & Animations,hard,"In the TV show ""Rick and Morty"", Rick uses the catchphrase ""Wubba Lubba Dub Dub"", which means what in Birdperson?","I am in great pain, please help me.","['I pray that my life ends soon.', 'Lets get this party started!', 'I am suffering, please help me.']",multiple
General Knowledge,medium,Instant mashed potatoes were invented by Canadian Edward Asselbergs in 1962.,True,['False'],boolean
Entertainment: Film,easy,Which movie includes a giant bunny-like spirit who has magic powers including growing trees?,My Neighbor Totoro,"['Hop', 'Rise of the Guardians', 'Alice in Wonderland']",multiple
Entertainment: Television,medium,"Which of the following figures did NOT have a cameo on ""The Drew Carey Show"" (1995-2004)?",Bill Cosby,"['Donald Trump', '""Weird Al"" Yankovic', 'Daffy Duck']",multiple
Entertainment: Video Games,medium,Pistons were added to Minecraft in Beta 1.5.,False,['True'],boolean
Entertainment: Comics,medium,What's the weakness of american vampires (Scott Snyder's American Vampire)?,Gold,"['Sunlight', 'Wood', 'Silver']",multiple
Mythology,hard,"According to Algonquian folklore, how does one transform into a Wendigo?",Participating in cannibalism.,"['Excessive mutilation of animal corpses.', 'Performing a ritual involving murder.', 'Drinking the blood of many slain animals.']",multiple
Geography,medium,"The towns of Brugelette, Arlon and Ath are located in which country?",Belgium,"['Andorra', 'France', 'Luxembourg']",multiple
History,medium,"In 1961, an American B-52 aircraft crashed and nearly detonated two 4mt nuclear bombs over which US city?","Goldsboro, North Carolina","['Hicksville, New York', 'Jacksonville, Florida', 'Conway, Arkansas']",multiple
Entertainment: Video Games,easy,"What does the D stand for in D-pad, found on most video game controllers?",Directional,"['Dynamic', 'Dial-up', 'Design']",multiple
Art,easy,What is the world's oldest known piece of fiction?,Epic of Gilgamesh,"['Papyrus of Ani', 'Code of Hammurabi', 'Rosetta Stone']",multiple
Entertainment: Music,medium,"Moby, an American DJ, singer, and musician, achieved worldwide success for the 1999 release of which of the following albums?",Play,"['Everything Is Wrong', 'Moby', '18']",multiple
Entertainment: Japanese Anime & Manga,medium,"What is the name of the infamous pachinko machine from ""Kaiji""?",The Bog,"['The Devil', 'The Undefeated', 'The Dragon']",multiple
Entertainment: Video Games,medium,"If you play the Super Mario RPG and nap in a rented hotel room, you will wake up next to what familiar looking character?",Link,"['Wario', 'Q*bert', 'Solid Snake']",multiple
Science & Nature,easy,A plant that has a life cycle for more than a year is known as an annual.,False,['True'],boolean
Entertainment: Music,medium,"In August 1964, who introduced the Beatles to cannabis?",Bob Dylan,"['Jim Morrison', 'Brian Epstein', 'Jerry Garcia']",multiple
Entertainment: Video Games,hard,"In Diablo lore, this lesser evil spawned from one of the seven heads of Tathamet, and was known as the Maiden of Anguish.",Andariel,"['Valla', 'Malthael', 'Kashya']",multiple
Science: Computers,easy,"In the programming language Java, which of these keywords would you put on a variable to make sure it doesn't get modified?",Final,"['Static', 'Private', 'Public']",multiple
Science: Computers,easy,What does LTS stand for in the software market?,Long Term Support,"['Long Taco Service', 'Ludicrous Transfer Speed', 'Ludicrous Turbo Speed']",multiple
Celebrities,medium,How old was Muhammad Ali when he died?,74,"['61', ""He's still alive"", '56']",multiple
Entertainment: Film,medium,What is the birth name of Michael Keaton?,Michael Douglas,"['Michael Fox', 'Michael Richards', 'Michael Kane']",multiple
Science: Gadgets,medium,Which company developed the Hololens?,Microsoft,"['HTC', 'Oculus', 'Tobii']",multiple
General Knowledge,easy,Which sign of the zodiac is represented by the Crab?,Cancer,"['Libra', 'Virgo', 'Sagittarius']",multiple
Science & Nature,easy,What is the first element on the periodic table?,Hydrogen,"['Helium', 'Oxygen', 'Lithium']",multiple
Animals,easy,Which breed of dog is traditionally associated with firefighters?,Dalmatians,"['German Shepard', 'Great Dane', 'Mastiff']",multiple
Entertainment: Video Games,easy,"In ""Overwatch"", which hero is able to wallride?",Lucio,"['Reinhardt', 'Sombra', 'Mercy']",multiple
Entertainment: Video Games,easy,"In Super Mario Bros., who informs Mario that the princess is in another castle?",Toad,"['Luigi', 'Yoshi', 'Bowser']",multiple
Science & Nature,hard,How long is a light-year?,9.461 Trillion Kilometres,"['1 AU', '105.40 Earth-years', '501.2 Million Miles']",multiple
Entertainment: Video Games,easy,What ingredients are required to make a cake in Minecraft?,"Milk, Sugar, Egg, and Wheat","['Milk, Bread, Egg, and Wheat', 'Milk, Sugar Cane, Egg, and Wheat', 'Milk, Sugar, and Wheat']",multiple
Entertainment: Film,hard,The film Mad Max: Fury Road features the Dies Irae  from which composer's requiem?,Verdi,"['Mozart', 'Berlioz', 'Brahms']",multiple
History,medium,The first televised presidential debate was between Jimmy Carter and Gerald Ford.,False,['True'],boolean
General Knowledge,hard,Electronic music producer Kygo's popularity skyrocketed after a certain remix. Which song did he remix?,Ed Sheeran - I See Fire,"['Marvin Gaye - Sexual Healing', 'Coldplay - Midnight', 'a-ha - Take On Me']",multiple
Entertainment: Japanese Anime & Manga,hard,"In ""One Piece"", who is the girl who overcame her enslaved past and became an agent of an army to fight the corrupt government?",Koala,"['Boa Hancock', 'Nico Robin', 'Emporio Ivankov ']",multiple
Mythology,hard,Who is the Egyptian god of reproduction and lettuce?,Min,"['Menu', 'Mut', 'Meret']",multiple
Politics,hard,What is centralism?, Concentration of power and authority in a central organization.,"['Conforming to one single common political agenda.', 'Remaining politically neutral.', 'The grey area in the spectrum of political left and right.']",multiple
History,medium,When did Norway become free from Sweden?,1905,"['1925', '1814', '1834']",multiple
Entertainment: Books,medium,"By what nickname is Jack Dawkins known in the Charles Dickens novel, 'Oliver Twist'?",The Artful Dodger,"['Fagin', 'Bull’s-eye', 'Mr. Fang']",multiple
Entertainment: Music,medium,"Which city is the American singer ""Pitbull"" from?",Miami,"['Kodiak', 'St. Louis', 'Boston']",multiple
Entertainment: Film,medium,Which town is the setting for the Disney movie The Love Bug (1968)?,San Francisco,"['Los Angeles', 'Sacramento', 'San Jose']",multiple
General Knowledge,medium,What is the name of the very first video uploaded to YouTube?,Me at the zoo,"['tribute', 'carrie rides a truck', 'Her new puppy from great grandpa vern.']",multiple
Entertainment: Video Games,easy,"In Pokemon Red & Blue, what is the name of HM05?",Flash,"['Strength', 'Cut', 'Fly']",multiple
History,hard,"The Battle of Trafalgar took place on October 23rd, 1805",False,['True'],boolean
Entertainment: Board Games,medium,Which of the following tabletop games is the oldest?,Go,"['Chess', 'Mahjong', 'Shogi']",multiple
History,medium,Who was the first mammal successfully launched into Earth's orbit?,"Laika, the dog","['Ham, the chimpanzee', 'Baker, the monkey', 'Belka, the dog']",multiple
Entertainment: Video Games,medium,Which one of these characters was first introduced in Sonic Boom: Rise of Lyric?,Sticks the Badger,"['Mighty the Armadillo', 'Espio the Chameleon', 'Rouge the Bat']",multiple
Animals,easy,What colour is the female blackbird?,Brown,"['Black', 'White', 'Yellow']",multiple
History,hard,The fork came to Italy before any other European country.,True,['False'],boolean
Entertainment: Musicals & Theatres,easy,"""Doctor Who"" star David Tennant performed in a rendition of which Shakespearean play?",Hamlet,"['The Tempest', 'Othello', 'The Taming of the Shrew']",multiple
Entertainment: Music,medium,"""The Division Bell"" is the final album of the progressive rock band Pink Floyd.",False,['True'],boolean
History,hard,"When was the ""Siege of Leningrad"" lifted during World War II?",January 1944,"['September 1943', 'November 1943', 'March 1944']",multiple
Entertainment: Television,easy,"How many seasons did the Sci-Fi television show ""Stargate Atlantis"" have?",5,"['10', '2', '7']",multiple
Entertainment: Music,hard,"Who was not in the band ""The Smiths""?",Martin Chambers,"['Morrissey', 'Andy Rourke', 'Mike Joyce']",multiple
Entertainment: Television,medium,Who was the original voice actor of Shaggy Rogers in Scooby-Doo?,Casey Kasem,"['Dante Basco', 'Billy West', 'Frank Welker']",multiple
Science: Computers,medium,What does the term GPU stand for?,Graphics Processing Unit,"['Gaming Processor Unit', 'Graphite Producing Unit', 'Graphical Proprietary Unit']",multiple
Entertainment: Music,hard,"Which song in rapper Kanye West's album ""The Life of Pablo"" features Rihanna?",Famous,"['Wolves', 'Ultralight Beam', 'Highlights']",multiple
Geography,medium,Which of the following countries is an island?,Cyprus,"['Azerbaijan', 'El Salvador', 'Djibouti']",multiple
General Knowledge,easy,The drug cartel run by Pablo Escobar originated in which South American city?,Medellín,"['Bogotá', 'Quito', 'Cali']",multiple
History,medium,Abraham Lincoln was the first U.S. President to be born outside the borders of the thirteen original states. ,True,['False'],boolean
Entertainment: Video Games,medium,When was Nintendo's Virtual Boy released?,1995,"['1989', '1997', '1992']",multiple
Geography,medium,The Principality of Sealand is an unrecognized micronation off the coast of what country?,The United Kingdom,"['Japan', 'Austrailia', 'Argentina']",multiple
Entertainment: Music,easy,What collaborative album was released by Kanye West and Jay-Z in 2011?,Watch the Throne,"['Distant Relatives', 'What a Time to be Alive', 'Unfinished Business']",multiple
General Knowledge,medium,Scotch whisky and Drambuie make up which cocktail?,Rusty Nail,"['Screwdriver', 'Sex on the Beach', 'Manhattan']",multiple
Sports,medium,Tennis was once known as Racquetball.,False,['True'],boolean
Entertainment: Music,medium,"""Twenty One Pilots"" made the song ""The Motion"" featuring Sampha.",False,['True'],boolean
Entertainment: Video Games,medium,"The cake depicted in Valve's ""Portal"" franchise most closely resembles which real-world type of cake?",Black Forest,"[""Devil's Food"", 'Molten Chocolate', 'German Chocolate']",multiple
Entertainment: Television,medium,The White Ranger was the leader of the Power Rangers.,True,['False'],boolean
Entertainment: Video Games,medium,"How many different notes is the tune, ""Song of Healing"", comprised of in ""The Legend of Zelda: Majora's Mask""?",3,"['4', '1', '6']",multiple
Science: Computers,easy,JavaScript derives from a later version of Java,False,['True'],boolean
Entertainment: Film,medium,"In Mulan (1998), who is the leader of the Huns?",Shan Yu,"['Chien-Po', 'Li Shang', 'Fa Zhou']",multiple
Entertainment: Video Games,medium,"In the ""S.T.A.L.K.E.R."" series, which of these items can't be used to lower the player's accumulated radiation?",Radioprotectant,"['Anti-rad', 'Medkit', 'Vodka']",multiple
General Knowledge,medium,Which country has the most Trappist breweries?,Belgium,"['Netherlands', 'France', 'USA']",multiple
Science & Nature,easy,How many laws of thermodynamics are there?,Four,"['Three', 'Two', 'Five']",multiple
Entertainment: Film,medium,"Which 90's comedy cult classic features cameos appearances from Meat Loaf, Alice Cooper and Chris Farley?",Wayne's World,"[""Bill & Ted's Excellent Adventure"", 'Dumb and Dumber', 'Austin Powers: International Man of Mystery']",multiple
Entertainment: Video Games,easy,Who is the main antagonist of Ori and the Blind Forest?,Kuro,"['Nibel', 'Gumo', 'King Rammer XII']",multiple
Mythology,hard,"Skaði is the Norse Goddess of skiing, mountains, winter and bowhunting.",True,['False'],boolean
Entertainment: Video Games,medium,"What is the name of the creature that the main character befriends in ""The Last Guardian""?",Trico,"['Nico', 'Wolf', 'Andazi']",multiple
General Knowledge,medium,Whose greyscale face is on the kappa emoticon on Twitch?,Josh DeSeno,"['Justin DeSeno', 'John DeSeno', 'Jimmy DeSeno']",multiple
Animals,medium,What is the name of the family that the domestic cat is a member of?,Felidae,"['Felinae', 'Felis', 'Cat']",multiple
History,easy,Thomas Crapper was a plumber who invented the flushing toilet.,False,['True'],boolean
Geography,medium,Seoul is the capital of North Korea.,False,['True'],boolean
Sports,medium,Soccer player Cristiano Ronaldo opened a museum dedicated to himself.,True,['False'],boolean
Entertainment: Musicals & Theatres,medium,Which of the following is not a piece from the 1950's musical West Side Story?,The Back Alley,"['Maria', 'Tonight', 'Mambo']",multiple
Science & Nature,hard,Where in the human body is the Pineal Gland located?,Brain,"['Groin', 'Chest', 'Throat']",multiple
Entertainment: Video Games,hard,"How many trophies are there in ""Super Smash Bros. for Nintendo 3DS""?",685,"['1360', '716', '1155']",multiple
General Knowledge,medium,Apple co-founder Steve Jobs died from complications of which form of cancer?,Pancreatic,"['Bone', 'Liver', 'Stomach']",multiple
Science & Nature,medium,"On the periodic table of elements, what is the symbol for Tin?",Sn,"['Ti', 'Ni', 'Na']",multiple
Entertainment: Music,medium,"Pink Floyd's 1973 album ""Animals"" features a photograph of Battersea Power Station.",True,['False'],boolean
Science & Nature,medium,El Niño pushes warm water to the coasts of the Western Pacific during winter.,True,['False'],boolean
Geography,hard,What is the capital of Burkina Faso?,Ouagadougou,"['Yaoundé', 'Yamoussoukro', 'Abidjan']",multiple
Science & Nature,medium,The medial meniscus forms which part of what joint in the human body?,Knee,"['Elbow', 'Ankle', 'Shoulder']",multiple
History,medium,The minigun was designed in 1960 by which manufacturer.,General Electric,"['Colt Firearms', 'Heckler & Koch', 'Sig Sauer']",multiple
Entertainment: Video Games,medium,"In the game Minecraft, how many iron ingots are required to make an iron golem?",36,"['40', '32', '46']",multiple
Entertainment: Music,easy,Which of these is NOT considered a woodwind instrument?,Trombone,"['Oboe', 'Clarinet', 'Bassoon']",multiple
History,easy,The United States was a member of the League of Nations.,False,['True'],boolean
General Knowledge,medium,Death Valley's Badwater Basin is North America's point of lowest elevation at how many feet below sea level?,282 feet,"['79 feet', '1,640 feet', '12,092 feet']",multiple
Science & Nature,easy,Rhinoplasty is a surgical procedure on what part of the human body?,Nose,"['Ears', 'Chin', 'Neck']",multiple
Entertainment: Japanese Anime & Manga,medium,"In ""Puella Magi Madoka Magica"", what is the first name of Madoka's younger brother?",Tatsuya,"['Montoya', 'Tomohisa', 'Minato']",multiple
Science & Nature,easy,Which Apollo mission was the first one to land on the Moon?,Apollo 11,"['Apollo 10', 'Apollo 9', 'Apollo 13']",multiple
Geography,medium,Which stretch of water connects the Atlantic Ocean to the Mediterranean Sea?,Strait of Gibraltar,"['Gibraltar Way', 'Spanish Straits', 'Channelle de Tangiers']",multiple
Science: Mathematics,medium,The Pythagorean theorem states that the square of the hypotenuse is equal to the product of the squares of the other two sides.,False,['True'],boolean
History,hard,"Who invented the ""Flying Shuttle"" in 1738; one of the key developments in the industrialization of weaving?",John Kay,"['James Hargreaves', 'Richard Arkwright', 'John Deere']",multiple
Mythology,hard,"In Norse mythology, what is the name of the serpent which eats the roots of the ash tree Yggdrasil?",Nidhogg,"['Bragi', 'Odin', 'Ymir']",multiple
Entertainment: Cartoon & Animations,medium,Which one of these cartoon characters is NOT voiced by Rob Paulsen?,Max Tennyson (Ben 10),"['Carl Wheezer (Jimmy Neutron)', 'Yakko Warner (Animaniacs)', 'The Mask (The Mask, TV Series)']",multiple
Entertainment: Music,easy,What is the best selling album of all time from 1976 to 2018?,Thriller,"['Back in Black', 'Abbey Road', 'The Dark Side of the Moon']",multiple
Entertainment: Video Games,medium,"In ""The Legend of Zelda: Ocarina of Time,"" what is the maximum amount of rupees that Link can carry?",500,"['999', '1000', '5000']",multiple
Geography,medium,How many states are in Australia?,6,"['7', '8', '5']",multiple
Science: Mathematics,hard,What is the only Millennium Prize Problem that has been solved so far?,Poincaré conjecture,"['P vs. NP problem', 'Riemann Hypothesis', ""Fermat's conjecture""]",multiple
History,easy,What country joined the EU in 2013?,Croatia,"['Bulgaria', 'Slovenia', 'Turkey']",multiple
General Knowledge,easy,"Of the following months, which has the most amount of days?",December,"['April', 'September', 'November ']",multiple
General Knowledge,easy,What is the Zodiac symbol for Gemini?,Twins,"['Fish', 'Scales', 'Maiden']",multiple
Entertainment: Video Games,medium,Who was the first jedi that Starkiller had to kill in Star Wars: The Force Unleashed?,Rahm Kota,"['Ahsoka Tano', 'Kazdan Paratus', 'Kento Marek']",multiple
Entertainment: Video Games,medium,"In ""Call Of Duty: Zombies"", what is the name of Samantha Maxis' dog?",Fluffy,"['Baxter', 'Fido', 'Henry']",multiple
Politics,medium,"Jeb Bush was elected as Governor of Florida in 2002, starting his political career.",False,['True'],boolean
Entertainment: Japanese Anime & Manga,medium,"In ""Black Lagoon"", what colour is Rock's tie?",Teal,"['Crimson', 'Dark Brown', 'Black']",multiple
Geography,easy,Which country features a maple leaf on its flag?,Canada,"['Mexico', 'Brazil', 'India']",multiple
Entertainment: Film,easy,"What movie starring Bruce Willis contains the line ""I see dead people""? ",The Sixth Sense,"['The Fifth Element', 'Die Hard', 'Armageddon']",multiple
Geography,medium,On which continent is the country of Angola located?,Africa,"['South America', 'Europe', 'Asia']",multiple
Entertainment: Television,medium,"At which university do ""The Big Bang Theory"" characters Mr. Wolowitz and Drs. Cooper, Hofstadter and Koothrappali work?",Caltech,"['UCLA', 'MIT', 'UC Berkeley ']",multiple
Entertainment: Japanese Anime & Manga,medium,"In ""Shakugan no Shana"" what was the Shana usually referred as?",Flame-Haired Burning-Eyed Hunter,"['Flame Haze', 'Flame-Haired Burning-Eyed Haze', 'Shana']",multiple
Entertainment: Music,medium,"What animal is featured on the cover of English electronic music group The Prodigy's album, ""The Fat of the Land""?",Crab,"['Fox', 'Elephant', 'Tiger']",multiple
General Knowledge,medium,What is a Burgee?,A flag,"['A rope', 'A window', 'A type of food']",multiple
Science & Nature,medium,The Axiom of Preventive Medicine states that people with ___ risk for a disease should be screened and we should treat ___ of those people.,"low, all","['low, some', 'high, all', 'high, some']",multiple
Entertainment: Film,easy,"Which of these actors does NOT appear in the 1998 movie ""Saving Private Ryan""?",Ralph Fiennes,"['Tom Hanks', 'Vin Diesel', 'Matt Damon']",multiple
History,easy,These two countries held a commonwealth from the 16th to 18th century.,Poland and Lithuania,"['Hutu and Rwanda', 'North Korea and South Korea', 'Bangladesh and Bhutan']",multiple
History,easy,The original Roman alphabet lacked the following letters EXCEPT:,X,"['W', 'U', 'J']",multiple
General Knowledge,easy,Did Michael Jackson invent the moonwalk?,False,['True'],boolean
General Knowledge,easy,When was the Playstation 3 released?,"November 11, 2006","['January 8, 2007', 'December 25, 2007', 'July 16, 2006']",multiple
Entertainment: Music,medium,"Which member of ""The Beatles"" narrated episodes of ""Thomas the Tank Engine""?",Ringo Starr,"['George Harrison', 'John Lennon', 'Paul McCartney']",multiple
General Knowledge,easy,Trypophobia is the fear of ,groups of holes,"['swimming in deep water', 'public speaking', 'eating too much']",multiple
Entertainment: Video Games,hard,"In ""Call Of Duty: Zombies"", ""Richtofen"" is in possession of two filled blood vials belonging to who?",Sal DeLuca and Finn O'Leary,"['Richtofen', 'Al Arlington and Sal DeLuca', 'Jessica Rose and Jack Vincent']",multiple
Vehicles,easy,BMW M GmbH is a subsidiary of BMW AG that focuses on car performance.,True,['False'],boolean
General Knowledge,easy,Jingle Bells was originally meant for Thanksgiving,True,['False'],boolean
Entertainment: Video Games,easy,In Kingdom Hearts the Paopu fruit is said to intertwine the destinies for two people forever.,True,['False'],boolean
Entertainment: Video Games,medium,Which of these is NOT the name of a team leader in Pokémon GO?,Leif,"['Blanche', 'Spark', 'Candela']",multiple
Vehicles,hard,"The term ""GTO"" was originated by Ferrari?",True,['False'],boolean
Science: Computers,medium,"When was the programming language ""C#"" released?",2000,"['1998', '1999', '2001']",multiple
Entertainment: Video Games,hard,"In The Witcher 3, the Zoltan Chivay Gwent card can be found under the Hanged Man's Tree.",True,['False'],boolean
History,medium,How old was the famous King Tutankhamen (Tut) when he died?,19,"['21', '15', '30']",multiple
Entertainment: Video Games,medium,Which game was the first time Mario was voiced by Charles Martinet?,Mario's Game Gallery,"['Super Mario 64', 'Mario Tennis', 'Dr. Mario 64']",multiple
Entertainment: Japanese Anime & Manga,medium,"In ""Toriko"", which of the following Heavenly Kings has an enhanced sense of Hearing?",Zebra,"['Coco', 'Sunny', 'Toriko']",multiple
Entertainment: Video Games,medium,"Who is the protagonist of the videogame ""Dead Rising 2""?",Chuck Greene,"['Nick Ramos', 'Frank West', 'Katie Greene']",multiple
Entertainment: Video Games,easy,"The games Cry of Fear, Natural Selection and Counter-Strike were originally mods for what video game?",Half-Life,"['Warcraft III', 'Arma 2', 'Doom']",multiple
Science & Nature,easy,What is the standard SI unit for mass?,Kilogram,"['Tonne', 'Pound', 'Gram']",multiple
Sports,hard,Which of these European cities was the first to host the modern Summer Olympic Games three times?,London,"['Paris', 'Athens', 'Rome']",multiple
Animals,easy,A flock of crows is known as a homicide.,False,['True'],boolean
Entertainment: Video Games,medium,"In which game does a character say, ""Sometimes, I dream about cheese""?",Half Life 2,"['Team Fortress 2', 'Dark Souls', 'Serious Sam: The Second Encounter']",multiple
Entertainment: Film,hard,"What three movies, in order from release date, make up the ""Dollars Trilogy""?","""A Fistful of Dollars"", ""For a Few Dollars More"", ""The Good, the Bad, and the Ugly""","['""The Good, the Bad, and the Ugly"", ""For A Few Dollars More"", ""A Fistful of Dollars""', '""For a Few Dollars More"", ""The Good, the Bad, and the Ugly"", ""A Fistful of Dollars""', '""For a Few Dollars More"", ""A Fistful of Dollars"", ""The Good, the Bad, and the Ugly""']",multiple
Entertainment: Music,medium,"Which of the following stars was not mentioned in the lyrics of Madonna's ""Vogue""?",Mae West,"['Marlene Dietrich', 'Lana Turner', 'Grace Kelly']",multiple
Vehicles,hard,Which of the following Union Pacific 'Big Boy' locomotives was restored to working order in 2019?,4014,"['4012', '4004', '4000']",multiple
History,hard,How many sonatas did Ludwig van Beethoven write?,32,"['50', '31', '21']",multiple
Entertainment: Video Games,easy,"In the ""Metal Gear Solid"" series, what's the name of Solid Snake's brother?",Liquid Snake,"['Kulus Snake', 'Billy Snake', 'Gilur Snake']",multiple
Politics,hard,Which major bank's collapse was notable as one of the causes of the Financal Crisis of 2008?,Lehman Brothers,"['HSBC', 'Barclays', 'Lloyds']",multiple
Geography,medium,Which of these country's capitals starts with the letter B?,Lebanon,"['Jordan', 'Kuwait', 'Qatar']",multiple
Entertainment: Music,medium,"From which album is the Gorillaz song, ""On Melancholy Hill"" featured in?",Plastic Beach,"['Demon Days', 'Humanz', 'The Fall']",multiple
Animals,medium,Hyenas are more closely related to cats than to dogs.,True,['False'],boolean
Politics,medium,Which city is the seat of government of the Netherlands?,The Hague,"['Amsterdam', 'Utrecht', 'Rotterdam']",multiple
Entertainment: Video Games,medium,Which is not a playable character in the 2005 video game Killer7?,Frank Smith,"['Mask de Smith', 'Dan Smith', 'Coyote Smith']",multiple
Geography,easy,What is the capital of India?,New Delhi,"['Beijing', 'Montreal', 'Tithi']",multiple
General Knowledge,easy,Bulls are attracted to the color red.,False,['True'],boolean
Science & Nature,medium,Who developed the first successful polio vaccine in the 1950s?,Jonas Salk,"['John F. Enders', 'Thomas Weller', 'Frederick Robbins']",multiple
Science: Computers,easy,"In any programming language, what is the most common way to iterate through an array?",'For' loops,"[""'If' Statements"", ""'Do-while' loops"", ""'While' loops""]",multiple
Entertainment: Television,medium,Bob Ross was a US Air Force pilot.,False,['True'],boolean
Science & Nature,easy,Which is the most abundant element in the universe?,Hydrogen,"['Helium', 'Lithium', 'Oxygen']",multiple
Entertainment: Film,medium,"In the Friday The 13th series, what is Jason's mother's first name?",Pamela,"['Mary', 'Christine', 'Angeline']",multiple
Entertainment: Music,easy,"The ""K"" in ""K-Pop"" stands for which word?",Korean,"['Kenyan', 'Kazakhstan', 'Kuwaiti']",multiple
Entertainment: Video Games,medium,The first version of Blockland came out in which year?,2004,"['2007', '2008', '2006']",multiple
Entertainment: Video Games,medium,How many classes are there in Team Fortress 2?,9,"['10', '8', '7']",multiple
Mythology,hard,Which of the following is NOT a god in Norse Mythology.,Jens,"['Loki', 'Tyr', 'Snotra']",multiple
Entertainment: Television,medium,"Which WWF wrestler had the nickname ""The Ayatollah of Rock 'N' Rolla""?",Chris Jericho,"['Marty Jannetty', 'Scott Hall', 'Shawn Michaels']",multiple
General Knowledge,medium,What alcoholic drink is mainly made from juniper berries?,Gin,"['Vodka', 'Rum', 'Tequila']",multiple
Entertainment: Video Games,medium,Just Cause 2 was mainly set in what fictional Southeast Asian island country?,Panau,"['Davao', 'Macau', 'Palau']",multiple
Entertainment: Film,easy,"What superhero has been played in film by actors Michael Keaton, Val Kilmer, George Clooney and Christian Bale?",Batman,"['Superman', 'Iron Man', 'Spiderman']",multiple
Entertainment: Video Games,medium,TF2: The Medic will be credited for an assist if he heals a Spy that successfully saps a building.,True,['False'],boolean
Geography,hard,Which of these is NOT a real tectonic plate?,Atlantic Plate,"['North American Plate', 'Eurasian Plate', 'Nazca Plate']",multiple
Entertainment: Music,easy,Which genre of music is John Coltrane primarily associated with?,Jazz,"['Rock and Roll', 'Death Metal', 'Folk']",multiple
Geography,hard,Which river was dammed to create Gatun Lake and the Panama Canal?,Chagres River,"['Tuira River', 'Chucunaque River', 'Chepo River ']",multiple
Entertainment: Music,easy,"Korean girl group, TWICE, consists of 9 members",True,['False'],boolean
Entertainment: Film,easy,Actor Tommy Chong served prison time.,True,['False'],boolean
Animals,easy,What is the name of a rabbit's abode?,Burrow,"['Nest', 'Den', 'Dray']",multiple
Entertainment: Video Games,medium,Metal Gear Solid V: The Phantom Pain runs on the Fox Engine.,True,['False'],boolean
Mythology,hard,"In Greek Mythology, who was the daughter of King Minos?",Ariadne,"['Athena', 'Ariel', 'Alana']",multiple
Sports,medium,How many games did Arsenal FC go unbeaten during the 2003-2004 season of the English Premier League,38,"['51', '49', '22']",multiple
History,medium,What was the total length of the Titanic?,882 ft | 268.8 m,"['759 ft | 231.3 m', '1042 ft | 317.6 m', '825 ft | 251.5 m']",multiple
Entertainment: Video Games,easy,Which game did NOT get financed via Crowdfunding?,Enter the Gungeon,"['Town of Salem', 'Undertale', 'Tower Unite']",multiple
Entertainment: Film,medium,Which animated film did Steven Lisberger direct in 1980 before going on to direct Tron?,Animalympics,"['The Fox and the Hound', 'The Black Cauldron', 'The Great Mouse Detecive']",multiple
Entertainment: Video Games,easy,"Which of these is NOT a playable character in ""Left 4 Dead""?",Nick,"['Louis', 'Zoey', 'Bill']",multiple
Entertainment: Video Games,hard,"What vault in the video game ""Fallout 3"" is the home of multiple clones named Gary?",Vault 108,"['Vault 101', 'Vault 87', 'Vault 21']",multiple
General Knowledge,easy,What is the largest living species of penguin?,Emperor,"['King', 'Gentoo', 'Adele']",multiple
History,easy,What year did the Titanic sink?,1912,"['1930', '1917', '1941']",multiple
Entertainment: Television,medium,"In Breaking Bad, the initials W.W. refer to which of the following?",Walter White,"['William Wolf', 'Willy Wonka', 'Wally Walrus']",multiple
Mythology,medium,"In Greek Mythology, who killed Achilles?",Paris,"['Hector', 'Helen', 'Pericles']",multiple
Art,medium,"In ""Last Supper"" by Leonardo Da Vinci, what two colors were the robes worn by Jesus?",Red and Blue,"['Red and White', 'Red and Yellow', 'Red and Black']",multiple
Science & Nature,easy,Alzheimer's disease primarily affects which part of the human body?,Brain,"['Lungs', 'Skin', 'Heart']",multiple
General Knowledge,medium,The Happy Face was created by commercial artist Harvey Ball.,True,['False'],boolean
Animals,easy,Elephants are physically unable to jump.,True,['False'],boolean
Entertainment: Video Games,medium,"In which ""Call of Duty"" game are the ""Apothicons"" introduced in the Zombies mode?",Call Of Duty: Black Ops III,"['Call Of Duty: Black Ops', 'Call Of Duty: World At War', 'Call Of Duty: Black Ops II']",multiple
Science & Nature,easy,Psychology is the science of behavior and mind.,True,['False'],boolean
Entertainment: Books,hard,"In the Magic: The Gathering universe,  the Antiquities, Ice Age, and Alliances expansions take place on which continent?",Terisiare,"['Aerona', 'Shiv', 'Jamuraa']",multiple
General Knowledge,easy,How would one say goodbye in Spanish?,Adiós,"[' Hola', 'Au Revoir', 'Salir']",multiple
Entertainment: Video Games,medium,Which of the following Terran units from the RTS game Starcraft was first introduced in the expansion Brood War?,Medic,"['Wraith', 'Science Vessel', 'SCV']",multiple
Entertainment: Video Games,medium,"What is the name of the child performing the Black Sacrament, in The Elder Scrolls V: Skyrim?",Aventus Aretino,"['Proventus Avenicci', 'Aval Atheron', 'Arngeir']",multiple
Entertainment: Comics,hard,Which pulp hero made appearances in Hellboy and BPRD comics before getting his own spin-off?,Lobster Johnson,"['Roger the Homunculus', 'The Spider', 'The Wendigo']",multiple
Art,hard,"The painting ""Guernica"" by Pablo Picasso expressed emotions of dread in response to which war?",Spanish Civil War,"['World War I', 'The Crimean War', 'Spanish-American War']",multiple
Entertainment: Music,easy,"Which group performs the song ""Crash into Me""?",Dave Matthews Band,"['Phish', 'The Grateful Dead', ""Destiny's Child""]",multiple
General Knowledge,medium,What was Mountain Dew's original slogan?,Yahoo! Mountain Dew... It'll tickle your innards!,"['Give Me A Dew', 'Do The Dew', ""Get' that barefoot feelin' drinkin' Mountain Dew""]",multiple
Entertainment: Japanese Anime & Manga,easy,"In the 1988 film ""Akira"", Tetsuo ends up destroying Tokyo.",True,['False'],boolean
Science & Nature,medium,Which Swiss psychologist is synonymous with the concepts of introvert and extrovert personalities?,Carl Jung,"['Jean Piaget', 'Alice Miller', 'Hermann Rorschach']",multiple
Entertainment: Video Games,easy,"In World of Warcraft, What was the original level cap?",60,"['70', '50', '100']",multiple
History,medium,Where was Portuguese explorer Ferdinand Magellan killed in 1521?,The Phillipines,"['Canary Islands', 'Guam', 'Argentina']",multiple
General Knowledge,hard,"Located in Chile, El Teniente is the world's largest underground mine for what metal?",Copper,"['Iron', 'Nickel', 'Silver']",multiple
Art,easy, What color is produced by mixing black and white?,Grey,"['Black', 'Brown', 'White']",multiple
Entertainment: Video Games,easy,In what year was Garry's Mod released as a standalone title on Valve's Steam distribution service?,2006,"['2007', '2004', '2003']",multiple
History,medium,Joseph Stalin had a criminal past doing what?,Robbing Trains,"['Murder for Hire', 'Tax Evasion', 'Identity Fraud']",multiple
General Knowledge,hard,"Which musician has collaborated with American producer Porter Robinson and released the 2016 song ""Shelter""?",Madeon,"['Mat Zo', 'deadmau5', 'Zedd']",multiple
Entertainment: Japanese Anime & Manga,medium,The main antagonist of the second part of JoJo's Bizarre Adventure is which of the following?,Kars,"['Erina Joestar', 'Santana', 'Wired Beck']",multiple
History,easy,In which country was the Statue of Liberty built and exported to the United States of America?,France,"['Germany', 'Spain', 'England']",multiple
Politics,medium,Which president erased the national debt of the United States?,Andrew Jackson,"['Ronald Reagan', 'John F. Kennedy', 'Franklin Roosevelt']",multiple
Entertainment: Music,medium,How many members are in the Japanese rock band SCANDAL?,4,"['5', '2', '18']",multiple
History,hard,When was the SS or Schutzstaffel established?,"April 4th, 1925","['September 1st, 1941', 'March 8th, 1935', 'February 21st, 1926']",multiple
Entertainment: Video Games,medium,In what year were screenshots added to Steam?,2011,"['2010', '2008', '2009']",multiple
Entertainment: Video Games,hard,"In the Pokémon series, what is Palkia's hidden ability?",Telepathy,"['Pressure', 'Water Bubble', 'Hydration']",multiple
Science: Computers,hard,What type of sound chip does the Super Nintendo Entertainment System (SNES) have?,ADPCM Sampler,"['FM Synthesizer', 'Programmable Sound Generator (PSG)', 'PCM Sampler']",multiple
Geography,easy,Greenland is covered with grass and Iceland covered with ice.,False,['True'],boolean
General Knowledge,easy,"What is the French word for ""fish""?",poisson,"['fiche', 'escargot', 'mer']",multiple
Politics,hard,Which Native American tribe/nation requires at least one half blood quantum (equivalent to one parent) to be eligible for membership?,Yomba Shoshone Tribe,"['Standing Rock Sioux Tribe', 'Kiowa Tribe of Oklahoma', 'Pawnee Nation of Oklahoma']",multiple
General Knowledge,easy,In DC comics where does the Green Arrow (Oliver Queen) live?,Star City,"['Central City', 'Gotham City', 'Metropolis']",multiple
Entertainment: Japanese Anime & Manga,medium,In the anime Assassination Classroom what is the class that Korosensei teaches?,Class 3-E,"['Class 3-A', 'Class 3-B', 'Class 3-D']",multiple
Sports,easy,Who won the 2015 Formula 1 World Championship?,Lewis Hamilton,"['Nico Rosberg', 'Sebastian Vettel', 'Jenson Button']",multiple
Vehicles,medium,What do the 4 Rings in Audi's Logo represent?,Previously independent automobile manufacturers,"['States in which Audi makes the most sales', 'Main cities vital to Audi', 'Countries in which Audi makes the most sales']",multiple
Art,hard,"What year did Albrecht Dürer create the painting ""The Young Hare""?",1502,"['1702', '1402', '1602']",multiple
History,easy,When did the Battle of the Somme begin?,"July 1st, 1916","['August 1st, 1916', 'July 2nd, 1916', 'June 30th, 1916']",multiple
Entertainment: Japanese Anime & Manga,easy,The name of Junko Enoshima's imposter at the beginning of Danganronpa: Trigger Happy Havoc is?,Mukuro Ikusaba,"['Ryota Mitarai', 'Ultimate Imposter', 'Komaru Naegi']",multiple
Entertainment: Books,hard,"In the book series ""Odd Thomas"", Danny Jessup has what genetic disease? ", Osteogenesis Imperfecta,"['Spinocerebellar ataxia', 'Adrenoleukodystrophy', 'Cystic Fibrosis']",multiple
History,easy,The United States of America was the first country to launch a man into space.,False,['True'],boolean
General Knowledge,easy,"Which best selling toy of 1983 caused hysteria, resulting in riots breaking out in stores?",Cabbage Patch Kids,"['Transformers', 'Care Bears', 'Rubik’s Cube']",multiple
General Knowledge,medium,The British organisation CAMRA stands for The Campaign for Real Ale.,True,['False'],boolean
Entertainment: Musicals & Theatres,hard,"After England, more Shakespeare plays are set in this present day country than in any other.",Italy,"['United States', 'Greece', 'France']",multiple
History,easy,In what year did the nuclear power plant in Chernobyl melt down?,1986,"['1991', '1975', '1998']",multiple
Entertainment: Video Games,hard,"During development of ""Super Mario World"", Yoshi's hard saddle was originally which of these?",A shell,"['A slide of Gelatin', 'A poffin', 'A spike']",multiple
Entertainment: Film,easy,"Samuel L. Jackson had the words, 'Bad Motherf*cker' in-scripted on his lightsaber during the filming of Star Wars.",True,['False'],boolean
Entertainment: Film,medium,"In ""The Hobbit,"" who was head of the White Council? ",Saruman,"['Lady Galadriel ', 'Gandalf', 'Elrond']",multiple
Entertainment: Music,hard,"Long John Baldry, the voice of Dr. Robotnik in Adventures Of Sonic The Hedgehog, was in a band with which music artist in the 1960s?",Elton John,"['Freddie Mercury', 'Paul McCartney', 'Johnny Cash']",multiple
Entertainment: Japanese Anime & Manga,easy,"In the 9th Pokemon movie, who is the Prince of the Sea?",Manaphy,"['Ash', 'May', 'Phantom']",multiple
Science: Computers,easy,The Windows 7 operating system has six main editions.,True,['False'],boolean
Entertainment: Video Games,medium,The ADAM collecters in the Bioshock series are known as Little Sisters.,True,['False'],boolean
Geography,medium,The third largest country (by square kilometres) in South America is Colombia.,False,['True'],boolean
Geography,medium,"What is the region conjoining Pakistan, India, and China with unknown leadership called?",Kashmir,"['Andorra', 'Gibraltar', 'Quin']",multiple
Science & Nature,hard,Which moon is the only satellite in our solar system to possess a dense atmosphere?,Titan,"['Europa', 'Miranda', 'Callisto']",multiple
Entertainment: Video Games,easy,"What are Sans and Papyrus named after in ""Undertale""?",Fonts,"['Plants', 'Companies', 'Ancient writing paper']",multiple
Geography,medium,"Which country inside the United Kingdom does NOT appear on its flag, the Union Jack?",Wales,"['Scotland', 'Ireland', 'Isle of Wight']",multiple
Entertainment: Video Games,hard,How many voice channels does the Super Nintendo Entertainment System support?,8,"['6', '10', '12']",multiple
Entertainment: Comics,easy,"What is the alter-ego of the DC comics character ""Superman""?",Clark Kent,"['Bruce Wayne', 'Arthur Curry', 'John Jones']",multiple
Sports,easy,There are a total of 20 races in Formula One 2016 season.,False,['True'],boolean
General Knowledge,easy,"What was the name of Sqiudward's bad painting in the Spongebob episode ""Artist Unknown?""",Bold and Brash,"['Squidward en Repose', 'Rippy Bits', 'Tilted Perspectives']",multiple
General Knowledge,easy,"What was the nickname given to the Hughes H-4 Hercules, a heavy transport flying boat which achieved flight in 1947?",Spruce Goose,"[""Noah's Ark"", 'Fat Man', 'Trojan Horse']",multiple
Entertainment: Music,easy,"The music video to The Buggle's ""Video Killed the Radio Star"" was the first music video to broadcast on MTV.",True,['False'],boolean
Entertainment: Film,easy,"This movie contains the quote, ""Houston, we have a problem.""",Apollo 13,"['The Right Stuff', 'Capricorn One', 'Marooned']",multiple
Entertainment: Japanese Anime & Manga,medium,Who is the main character in One Piece?,Luffy,"['Shanks', 'Zoro', 'Smoker']",multiple
Entertainment: Film,easy,"Han Solo's co-pilot and best friend, ""Chewbacca"", is an Ewok.",False,['True'],boolean
Mythology,easy,"What mythology did the god ""Apollo"" come from?",Greek and Roman,"['Roman and Spanish', 'Greek and Chinese', 'Greek, Roman and Norse']",multiple
Sports,medium,Which of the following Grand Slam tennis tournaments occurs LAST?,US Open,"['French Open', 'Wimbledon', 'Australian Open']",multiple
Science & Nature,hard,"Which one of these is scientific term for ""Brain Freeze""?",Sphenopalatine Ganglioneuralgia,"['Hyacinthoides Italica', 'Amaranthus Retroflexus', 'Amblyomma Americanum']",multiple
Entertainment: Music,medium,Which of these songs from American Idiot: The Musical was a previously unreleased Green Day song?,When It's Time,"['Are We The Waiting', 'Before The Lobotomy', 'Favorite Son']",multiple
Geography,easy,What is the capital of Romania?,Bucharest,"['Bratislava', 'Belgrade', 'Budapest']",multiple
Entertainment: Television,hard,"Prior to working at Wizards of the Coast, ""Mark Rosewater"" was a writer for which show?",Roseanne,"['Boy Meets World', 'The X-Files', 'NYPD Blue']",multiple
Geography,medium,Liechtenstein does not have an airport.,True,['False'],boolean
History,medium,"Which country attacked the USS Liberty on June 8, 1967?",Israel,"['Syria', 'Saudi Arabia', 'Iran']",multiple
Geography,hard,Which of the following is a castle?,Elizabeth Castle,"['Frank Castle', 'Richard Castle', 'Olivia Castle']",multiple
Entertainment: Comics,easy,"In Black Hammer, what city did the heroes save from the Anti-God?",Spiral City,"['Mega-City One', 'Rockwood', 'Star City']",multiple
History,easy,Who discovered Penicillin?,Alexander Flemming,"['Marie Curie', 'Alfred Nobel', 'Louis Pasteur']",multiple
Entertainment: Film,easy,"Who starred in the film 1973 movie ""Enter The Dragon""?",Bruce Lee,"['Jackie Chan', 'Jet Li', ' Yun-Fat Chow']",multiple
Sports,easy,"In baseball, how many fouls are an out?",0,"['5', '3', '2']",multiple
Sports,hard,Who scored the injury time winning goal in the 1999 UEFA Champions League final between Manchester United and Bayern Munich?,Ole Gunnar Solskjær,"['Dwight Yorke', 'Andy Cole', 'David Beckham']",multiple
Entertainment: Video Games,easy,Who is the main villain in Bendy and the ink machine?,Bendy,"['Joey Drew', 'Alice', 'Boris']",multiple
Entertainment: Television,easy,"In ""Rick And Morty"", who shot ""Mr. Poopybutthole"" in the episode ""Total Rickall""?",Beth,"['Rick', 'Jerry', 'Morty']",multiple
Entertainment: Television,hard,"In the TV Show ""Donkey Kong Country"", which episode did the song ""Eddie, Let Me Go Back To My Home"" play in?",It's a Wonderful Life,"['Message In A Bottle Show', 'To The Moon Baboon', 'Ape-Nesia']",multiple
Entertainment: Television,medium,"What was the name of Ross' pet monkey on ""Friends""?",Marcel,"['Jojo', 'George', 'Champ']",multiple
Entertainment: Video Games,easy,"In Portal 2, how did CEO of Aperture Science, Cave Johnson, presumably die?",Moon Rock Poisoning,"['Accidentally sending a portal to the Moon', 'Slipped in the shower', 'Asbestos Poisoning']",multiple
Mythology,easy,Which of these mythological creatures is said to be half-man and half-horse?,Centaur,"['Minotaur', 'Pegasus', 'Gorgon']",multiple
Entertainment: Cartoon & Animations,medium,Which of these is not a real character in the cartoon series My Little Pony: Friendship is Magic?,Rose Marene,"['Pinkie Pie', 'Maud Pie', 'Rainbow Dash']",multiple
Geography,easy,Which of the following former Yugoslavian states is landlocked?,Serbia,"['Bosnia and Herzegovina', 'Montenegro', 'Croatia']",multiple
Entertainment: Video Games,easy,Nintendo's Luigi was originally just called Green Mario?,False,['True'],boolean
Science & Nature,easy,What is the largest animal currently on Earth?,Blue Whale,"['Orca', 'Colossal Squid', 'Giraffe']",multiple
Vehicles,easy,What is the fastest road legal car in the world?,Koenigsegg Agera RS,"['Hennessy Venom GT', 'Bugatti Veyron Super Sport', 'Pagani Huayra BC']",multiple
General Knowledge,medium,Which mountain has the highest peak in North America?,"Denali, USA","['Mount Saint Elias, US/Canada border', 'Mount Logan, Canada', 'Pico de Orizaba, Mexico']",multiple
General Knowledge,hard,"In linguistics, which of the following is not one of the Gricean Maxims under the Cooperative Principal?",Length,"['Quality', 'Relation', 'Manner']",multiple
Entertainment: Television,hard,"In Star Trek, what is the name of Spock's father?",Sarek,"['Tuvok', ""T'Pal"", 'Surak']",multiple
Geography,medium,Which of these countries is not a United Nations member state?,Niue,"['Tuvalu', 'South Sudan', 'Montenegro']",multiple
Geography,medium,What is the northernmost human settlement with year round inhabitants?,"Alert, Canada","['Nagurskoye, Russia', 'McMurdo Station, Antarctica ', 'Honningsvåg, Norway']",multiple
Entertainment: Video Games,medium,"Who created the pump ""F.L.U.D.D."" Mario uses in Super Mario Sunshine?",Elvin Gadd,"['Robert Fludd', 'Nirona', 'Crygor']",multiple
Science & Nature,medium,What are human nails made of?,Keratin,"['Bone', 'Chitin', 'Calcium']",multiple
Entertainment: Music,easy,Which of these songs by Skrillex features Fatman Scoop as a side artist?,Recess,"['All is Fair in Love and Brostep', 'Rock N Roll (Will Take You to the Mountain)', 'Scary Monsters and Nice Sprites']",multiple
Entertainment: Books,easy,Who was the original author of Frankenstein?,Mary Shelley,"['Edgar Allan Poe', 'Bram Stoker', 'H. P. Lovecraft']",multiple
Entertainment: Japanese Anime & Manga,medium,"What year did the anime ""Himouto! Umaru-chan"" air?",2015,"['2014', '2012', '2013']",multiple
General Knowledge,hard,"In Scandinavian languages, the letter Å means river.",True,['False'],boolean
Politics,medium,"What was the personal nickname of the 40th Governor of the US State Louisiana, Huey Long?",The Kingfish,"['The Champ', 'The Hoot Owl', 'The Oracle']",multiple
Animals,hard,What scientific suborder does the family Hyaenidae belong to?,Feliformia,"['Haplorhini', 'Caniformia', 'Ciconiiformes']",multiple
Entertainment: Film,medium,"Brendan Fraser starred in the following movies, except which one?",Titanic,"['Monkeybone', 'Encino Man', 'Mrs. Winterbourne']",multiple
Entertainment: Music,hard,Chino Moreno is the lead singer of which alternative metal band?,Deftones,"['Tool', 'Korn', 'Type O Negative']",multiple
Science & Nature,hard,What is the molecular formula of Glucose?,C6H12O6,"['C2H4O2', 'K+', 'CH4']",multiple
Entertainment: Video Games,medium,"In ""League of Legends"", there exists four different types of Dragon.",False,['True'],boolean
Entertainment: Video Games,easy,Who is the leader of Team Valor in Pokémon Go?,Candela,"['Willow', 'Blanche', 'Spark']",multiple
Vehicles,easy,How many wheels does a unicycle have?,1,"['4', '3', '6']",multiple
Entertainment: Video Games,medium,"In Overwatch, what is Lúcio's full name?",Lúcio Correia Dos Santos,"['Lúcio Luiz Lós Guilherme', 'Lúcio João Lucas', 'Lúcio Chupar Prima']",multiple
History,medium,Brazil used to be an empire.,True,['False'],boolean
Entertainment: Film,easy,"Which of the following was not one of ""The Magnificent Seven""?",Clint Eastwood,"['Steve McQueen', 'Charles Bronson', 'Robert Vaughn']",multiple
Entertainment: Video Games,medium,"Which of these is the only fighter in the game ""Super Smash Bros. Melee"" capable of dealing damage with their taunt animation?",Luigi,"['Mr. Game & Watch', 'Jigglypuff', 'Pichu']",multiple
Entertainment: Video Games,easy,"In The Elder Scrolls: Oblivion, the horse that goes by the name Shadowmere is given by what guild?",Dark Brotherhood,"['Thieves', 'Fighters', 'Mages']",multiple
Entertainment: Television,medium,"In the comedy series ""Trailer Park Boys"", which of the following characters takes care of stray cats?",Bubbles,"['Ricky', 'Julian', 'Randy']",multiple
Entertainment: Music,medium,"Which of these bands was a featuring artist in Compton rapper Kendrick Lamar's 2017 album, ""DAMN.""?",U2,"['Radiohead', 'Coldplay', 'Bon Jovi']",multiple
Science: Mathematics,easy,The sum of any two odd integers is odd.,False,['True'],boolean
Science: Computers,medium,How fast is USB 3.1 Gen 2 theoretically?,10 Gb/s,"['5 Gb/s', '8 Gb/s', '1 Gb/s']",multiple
Entertainment: Japanese Anime & Manga,hard,"Which of these anime have over 7,500 episodes?",Sazae-san,"['Naruto', 'One Piece', 'Chibi Maruko-chan']",multiple
Entertainment: Film,hard,In what year was the first Indian movie submitted for an Oscar?,1957,"['1962', '1938', '1954']",multiple
Entertainment: Music,medium,"In 2015, David Hasselhof released a single called...",True Survivor,"['True Fighter', 'Real Kung-Fury', 'Real Warrior']",multiple
Geography,easy,Which of the following Japanese islands is the biggest?,Honshu,"['Hokkaido', 'Shikoku', 'Kyushu']",multiple
Entertainment: Video Games,medium,"In Need For Speed Most Wanted (2005), what do you drive at the beginning of the career mode?",BMW M3 GTR,"['Porsche 911 Turbo', 'Nissan 240SX', 'Ford Mustang']",multiple
Geography,medium,Which country claims ownership of the disputed state Kosovo?,Serbia,"['Croatia', 'Albania', 'Macedonia']",multiple
Animals,easy,A slug’s blood is green.,True,['False'],boolean
Science: Computers,easy,Pointers were not used in the original C programming language; they were added later on in C++.,False,['True'],boolean
Geography,easy,What is the capital of the American state of Arizona?,Phoenix,"['Montgomery', 'Tallahassee', 'Raleigh']",multiple
Geography,easy,What is the name of New Zealand's indigenous people?,Maori,"['Vikings', 'Polynesians', 'Samoans']",multiple
Entertainment: Video Games,medium,What block in Minecraft has the highest blast resistance?,Barrier,"['Obsidian', 'Bedrock', 'Block of Diamond']",multiple
Entertainment: Musicals & Theatres,medium,What was George Bizet's last opera?,Carmen,"['Don Rodrigue', 'Grisélidis', 'Les pêcheurs de perles']",multiple
Entertainment: Comics,medium,The X-Men's Storm and Nightcrawler were originally planned to be characters in DC Comics' Legion of Super-Heroes.,True,['False'],boolean
History,easy,When did the Byzantine Empire collapse?,1453,"['1299', '1353', '1498']",multiple
Entertainment: Video Games,hard,"In ""Need for Speed III: Hot Pursuit"", what is the name of the fictional car?",El Niño,"['Rápido', 'Ágil', 'La Niña']",multiple
Geography,medium,Which of the following cities is the capital of Latvia?,Riga,"['Minsk', 'Tallinn', 'Vilnius']",multiple
General Knowledge,medium,"""Gum arabic"" is a natural gum consisting of the hardened sap of which tree species?",Acacia,"['Palm', 'Ficus', 'Eucalyptus']",multiple
Entertainment: Video Games,medium,"In Night in the Woods, which instrument did Casey play?",Drums,"['Bass', 'Piano', 'Sax']",multiple
Entertainment: Video Games,medium,"In the 2000 video game ""Crimson Skies,"" what was the name of the protagonists' zeppelin?",Pandora,"['Helios', 'Icarus', 'Orion']",multiple
Science & Nature,hard,What was the first organic compound to be synthesized from inorganic compounds?,Urea,"['Propane', 'Ethanol', 'Formaldehyde']",multiple
Entertainment: Video Games,easy,"In the Halo series, which era of SPARTAN is Master Chief? ",SPARTAN-II,"['SPARTAN-I', 'SPARTAN-III', 'SPARTAN-IV']",multiple
Entertainment: Film,hard,How old was Laurence Fishburne when Francis Ford Coppola cast him in Apocalypse Now (1979)? ,14,"['16', '18', '20']",multiple
Entertainment: Board Games,hard,"On a standard Monopoly board, how much do you have to pay for Tennessee Ave?",$180,"['$200', '$160', '$220']",multiple
Entertainment: Japanese Anime & Manga,medium,"In the ""Toaru Majutsu no Index"" anime, Touma Kamijou is a level 0 esper that has the ability to do what?",Dispell any esper or magical powers,"['Teleport', 'Make telepathic communications', 'Create electricity from his own body']",multiple
Geography,hard,Where is Fort Marlborough located?,Bengkulu,"['Singapore', 'London', 'Dover']",multiple
Entertainment: Video Games,medium,"Who was the mascot of SEGA before ""Sonic the Hedgehog""?",Alex Kidd,"['Opa Opa', 'NiGHTS', 'Ristar']",multiple
Entertainment: Music,medium,"Which song in Drake's ""Views"" features Future?",Grammys,"['Too Good', 'Faithful', 'Pop Style']",multiple
Science: Computers,medium,What was the name of the image that features as the default background wallpaper for Windows XP?,Bliss,"['Azul', 'Red moon desert', 'Tulips']",multiple
Sports,easy,Shaquille O’Neal has only made one three pointer in his career.,True,['False'],boolean
Science: Mathematics,medium,Which of these probability distributions is NOT discrete?,Normal,"['Binomial', 'Poisson', 'Hyper-geometric']",multiple
History,hard,"During the Spanish Civil War (1936), Francisco Franco fought for which political faction?",Nationalist Spain,"['Republican Spain', 'Popular Front', 'Papal State']",multiple
Animals,medium,The Platypus is a mammal.,True,['False'],boolean
Science: Computers,medium,.rs is the top-level domain for what country?,Serbia,"['Romania', 'Russia', 'Rwanda']",multiple
Entertainment: Film,easy,"At the end of the 2001 film ""Rat Race"", whose concert do the contestants crash?",Smash Mouth,"['Bowling for Soup', 'Sum 41', 'Linkin Park']",multiple
Entertainment: Comics,hard,"In the Marvel Universe, the planet of Svartalfheim is home to what race?",Dark Elves,"['Frost Giants', 'Kronans', 'Skrulls']",multiple
Geography,medium,How tall is One World Trade Center in New York City?,"1,776 ft","['1,888 ft', '1,225 ft', '1,960 ft']",multiple
Entertainment: Music,medium,"Which band had hits in 1972 with the songs ""Baby I'm A Want You"", ""Everything I Own"" and ""The Guitar Man""",Bread,"['America', 'Chicago', 'Smokie']",multiple
Entertainment: Television,medium,Cesar Romero played which iconic Batman villain from the 1960's TV show?,The Joker,"['The Penguin', 'The Riddler', 'Mr. Freeze']",multiple
General Knowledge,medium,Which month is Black History Month in the US?,February,"['May', 'November', 'August']",multiple
General Knowledge,hard,"Where in La Coruña (Spain) is the headquarters of ""Inditex"", the biggest fashion group in the world?",Arteijo,"['Sanjenjo', 'Mugía', 'Órdenes']",multiple
Geography,medium,"Colchester Overpass, otherwise known as ""Bunny Man Bridge"", is located where?","Fairfax County, Virginia","['Medford, Oregon', 'Braxton County, Virgina', 'Lemon Grove, California']",multiple
Entertainment: Music,medium,"Who is the vocalist and frontman of rock band ""Guns N' Roses""?",Axl Rose,"['Kurt Cobain', 'Slash', 'Bono']",multiple
Science: Gadgets,medium,"Apple's Voice Assistant, Siri, debuted on which iPhone?",iPhone 4S,"['iPhone 6S', 'iPhone 3GS', 'iPhone 5S']",multiple
Science: Gadgets,hard,Which of the following cellular device companies is NOT headquartered in Asia?,Nokia,"['LG Electronics', 'Samsung', 'HTC']",multiple
Mythology,medium,What animal did Queen Pasipahe sleep with before she gave birth to the Minotaur in Greek Mythology?,Bull,"['Pig', 'Ox', 'Horse']",multiple
Entertainment: Video Games,medium,Which of the following Call of Duty games was a PS3 launch title?,Call of Duty 3,"['Call of Duty 4: Modern Warfare', 'Call of Duty: World at War', 'Call of Duty: Roads to Victory']",multiple
Science & Nature,easy,Who discovered the Law of Gravity?,Sir Isaac Newton,"['Galileo Galilei', 'Charles Darwin', 'Albert Einstein']",multiple
Entertainment: Video Games,medium,"In the ""Ace Attorney"" series, what is the relationship between Apollo Justice and Trucy Wright?",They're half-siblings,"[""They're co-workers"", ""They're friends"", ""They're both attorneys""]",multiple
Entertainment: Film,easy,"Who is frozen at the end of the movie ""Goldeneye""?",Boris Grishenko,"['James Bond', 'Natalya Simonova', 'Alec Travelyan']",multiple
Entertainment: Japanese Anime & Manga,easy,"Who was given the title ""Full Metal"" in the anime series ""Full Metal Alchemist""?",Edward Elric,"['Alphonse Elric', 'Van Hohenheim', 'Izumi Curtis']",multiple
Entertainment: Video Games,medium,"In Terraria, what does the Wall of Flesh not drop upon defeat?",Picksaw,"['Pwnhammer', 'Breaker Blade', 'Laser Rifle']",multiple
Entertainment: Video Games,medium,What was the name of the Secret Organization in the Hotline Miami series? ,50 Blessings,"['American Blessings', '50 Saints', ""USSR's Blessings""]",multiple
Entertainment: Television,hard,"Which PBS station was the first station to air ""Monty Python's Flying Circus"" (1969-1974) in the United States?",KERA (Dallas-Fort Worth),"['KLCS (Los Angeles)', 'WETA (Washington D.C.)', 'WNET (New York City)']",multiple
Entertainment: Video Games,easy,What company develops the Rock Band series of rhythm games?,Harmonix,"['Activision', 'Konami', 'Electronic Arts']",multiple
Entertainment: Film,medium,"Which of the following actors does not play a role in the movie ""The Usual Suspects?""",Steve Buscemi,"['Kevin Spacey', 'Benicio Del Toro', 'Gabriel Byrne']",multiple
Geography,easy,"Which of these African countries list ""Spanish"" as an official language?",Equatorial Guinea,"['Guinea', 'Cameroon', 'Angola']",multiple
Entertainment: Video Games,easy,"What is the name of the world that the MMO ""RuneScape"" takes place in?",Gielinor,"['Glindor', 'Azeroth', 'Zaros']",multiple
Vehicles,medium,Bugatti was an Italian car manufacturer.,False,['True'],boolean
History,medium,The Thirty Years War ended with which treaty?,Peace of Westphalia,"['Treaty of Versailles', 'Treaty of Paris', 'Peace of Prague']",multiple
Geography,medium,Bridgetown is the capital of which island country in the Carribean?,Barbados,"['Cuba', 'Jamaica\u200e', 'Dominica']",multiple
Entertainment: Comics,medium,"In Calvin and Hobbes, what is the name of the principal at Calvin's school?",Mr. Spittle,"['Mr. Boreman', 'Mr. Spitling', 'Mr. Moe']",multiple
Entertainment: Video Games,medium,"What is the full name of the protagonist from the indie adventure game ""Night in the Woods""?",Margaret Borowski,"['Marlena Woborski', 'Milena Catharina', 'Katia Managan']",multiple
Geography,medium,A lion brandishing a sword is depicted on the national flag of which country?,Sri Lanka,"['Albania', 'Zambia', 'Moldova']",multiple
Politics,easy,Former president Theodore Roosevelt (1900-1908)  ran for another term under the Progressive Party in 1912.,True,['False'],boolean
Entertainment: Video Games,easy,"Valve's ""Portal"" and ""Half-Life"" franchises exist within the same in-game universe.",True,['False'],boolean
Entertainment: Video Games,easy,"In the game ""Hearthstone"", what is the best rank possible?",Rank 1 Legend,"['Rank 1 Elite', 'Rank 1 Master', 'Rank 1 Supreme']",multiple
Entertainment: Music,hard,"What year did Dire Straits's Song ""Money for Nothing"" release?",1985,"['1973', '1980', '1991']",multiple
History,medium,"On which day did construction start on ""The Pentagon"", the headquarters for the United States Department of Defense?","September 11, 1941","['June 15, 1947', 'January 15, 1943', 'September 2, 1962']",multiple
General Knowledge,easy,Video streaming website YouTube was purchased in it's entirety by Facebook for US$1.65 billion in stock.,False,['True'],boolean
Entertainment: Japanese Anime & Manga,hard,"In the ""Dragon Ball"" franchise, what is the name of Goku's brother?",Raditz,"['Gohan', 'Vegeta', 'Bardock']",multiple
History,hard,Pianist Frédéric Chopin was a composer of which musical era?,Romantic,"['Classic', 'Baroque', 'Renaissance']",multiple
History,easy,What was the official German currency until 2002?,Mark,"['Frank', 'Pound sterling', 'Reichtoken']",multiple
Science & Nature,hard,How much radiation does a banana emit?,0.1 Microsievert,"['0.3 Microsievert', '0.5 Microsievert', '0.7 Microsievert']",multiple
Entertainment: Music,medium,Which of these is NOT the name of an album released by American rapper Viper?,The Life of Pablo,"['Kill Urself My Man', ""You'll Cowards Don't Even Smoke Crack"", ""Yo Wife Handcuffin' Me""]",multiple
Entertainment: Music,medium,What was the title of ABBA`s first UK hit single?,Waterloo,"['Mamma Mia', 'Fernando', 'Dancing Queen']",multiple
Entertainment: Japanese Anime & Manga,easy,"In ""Future Diary"", what is the name of Yuno Gasai's Phone Diary?",Yukiteru Diary,"['Murder Diary', 'Escape Diary ', 'Justice Diary ']",multiple
Entertainment: Video Games,medium,The game Garry's Mod originally took assets and codes from the popular Half Life 2 mod JBmod.,True,['False'],boolean
Science: Computers,medium,"In HTML, which non-standard tag used to be be used to make elements scroll across the viewport?",<marquee></marquee>,"['<scroll></scroll>', '<move></move>', '<slide></slide>']",multiple
General Knowledge,easy,"Who is considered the ""Father of Modern Philosophy""?",René Descartes,"['Plato', 'Albert Einstein', 'Antoine Lavoiser']",multiple
Entertainment: Musicals & Theatres,hard,"Which actor has NOT portrayed Billy Flynn in the musical ""Chicago""?",Christopher Walken,"['David Hasselhoff', 'Jerry Springer', 'Patrick Swayze']",multiple
Entertainment: Board Games,hard,"Which card is on the cover of the Beta rulebook of ""Magic: The Gathering""?",Bog Wraith,"['Island', 'Rock Hydra', 'Elvish Archers']",multiple
Entertainment: Television,medium,Who sang the theme song for the TV show 'Rawhide'?,Frankie Laine,"['Guy Mitchell', ' Tennessee Ernie Ford', 'Slim Whitman']",multiple
Entertainment: Video Games,easy,Which of the following games has the largest map size?,Just Cause 2,"['Grand Theft Auto 5', 'The Elder Scrolls 4:  Oblivion', 'The Witcher 3:  Wild Hunt']",multiple
General Knowledge,hard,Which of the following chemicals are found in eggplant seeds?,Nicotine,"['Mescaline', 'Cyanide', 'Psilocybin']",multiple
Sports,medium,Which of these NHL teams have never moved since their inception?,St. Louis Blues,"['New Jersey Devils', 'Carolina Hurricanes', 'Dallas Stars']",multiple
Politics,medium,"Due to the Nagoya Resolution, China agreed to allow Taiwan to compete separately in international sporting events under what name?",Chinese Taipei,"['Chinese Taiwan', 'Republic of Taiwan', 'Republic of Taipei ']",multiple
General Knowledge,medium,"The French word to travel is ""Travail""",False,['True'],boolean
Entertainment: Music,medium,Who sang backup vocals on Rockwell's hit 1984 single 'Somebody's Watching Me'?,Michael Jackson,"['Paul McCartney', 'Elton John', 'Prince']",multiple
Entertainment: Video Games,medium,"In ""Kingdom Hearts"", what is the name of Sora's home world?",Destiny Islands,"['Agrabah', 'Land of Departure', 'Disney Town']",multiple
Geography,easy,"If soccer is called football in England, what is American football called in England?",American football,"['Combball', 'Handball', 'Touchdown']",multiple
Entertainment: Comics,hard,"In the Batman comics, by what other name is the villain Dr. Jonathan Crane known?",Scarecrow,"['Bane', 'Calendar Man', 'Clayface']",multiple
Vehicles,hard,Which car is the first mass-produced hybrid vehicle?,Toyota Prius,"['Chevrolet Volt', 'Honda Fit', 'Peugeot 308 R HYbrid']",multiple
Entertainment: Music,medium,What song on ScHoolboy Q's album Black Face LP featured Kanye West?,THat Part,"['Neva CHange', 'Big Body', 'Blank Face']",multiple
Entertainment: Music,medium,Which of these bands are NOT from Australia?,The Naked and Famous,"['Cut Copy', 'Empire of the Sun', 'Tame Impala']",multiple
Entertainment: Video Games,easy,How many differently shaped Tetris pieces are there?,7,"['5', '6', '8']",multiple
Geography,medium,How many time zones are in Russia?,11,"['8', '5', '2']",multiple
Entertainment: Video Games,hard,"In the Half-Life mod ""Afraid of Monsters"" what was the name of the main protagonist?",David Leatherhoff,"['Daniel Featherhoff', 'Damon Weatherhoff', 'Damien Teatherhoff']",multiple
Geography,medium,What continent is the country Lesotho in?,Africa,"['Asia', 'South America', 'Europe']",multiple
General Knowledge,easy,What company developed the vocaloid Hatsune Miku?,Crypton Future Media,"['Sega', 'Sony', 'Yamaha Corporation']",multiple
History,easy,"In 1939, Britain and France declared war on Germany after it invaded which country?",Poland,"['Czechoslovakia', 'Austria', 'Hungary']",multiple
Politics,easy,Former United States President Bill Clinton famously played which instrument?,Saxophone,"['Baritone horn', 'Piano', 'Violin']",multiple
Entertainment: Japanese Anime & Manga,medium,"What year did ""Attack on Titan"" Season 2 begin airing?",2017,"['2018', '2019', '2020']",multiple
Entertainment: Video Games,easy,"In what year was the game ""Fallout"" released?",1997,"['1998', '1999', '1996']",multiple
History,medium,In what year did Texas secede from Mexico?,1836,"['1838', '1845', '1844']",multiple
Entertainment: Japanese Anime & Manga,medium,"Who is the creator of the manga series ""One Piece""?",Eiichiro Oda,"['Yoshihiro Togashi', 'Hayao Miyazaki', 'Masashi Kishimoto']",multiple
Entertainment: Japanese Anime & Manga,easy,"In the anime Black Butler, who is betrothed to be married to Ciel Phantomhive?",Elizabeth Midford,"['Rachel Phantomhive', 'Alexis Leon Midford', 'Angelina Dalles']",multiple
Entertainment: Television,easy,Which of these Bojack Horseman characters is a human?,Todd Chavez,"['Lennie Turtletaub', 'Princess Carolyn', 'Tom Jumbo-Grumbo']",multiple
Entertainment: Television,medium,What does Bart sell his soul for in The Simpsons episode 'Bart Sells His Soul'?,$5,"['A Copy of Bonestorm 2', '$100', 'A Giant Gobstopper']",multiple
Entertainment: Music,medium,"Which of these is NOT a song on The Beatles' 1968 self titled album, also known as the White album?",Being For The Benefit Of Mr. Kite!,"[""Why Don't We Do It in the Road?"", ""Everybody's Got Something to Hide Except Me and My Monkey"", 'The Continuing Story of Bungalow Bill']",multiple
General Knowledge,medium,Who invented Pastafarianism?,Bobby Henderson,"['Eric Tignor', 'Bill Nye', 'Zach Soldi']",multiple
Entertainment: Video Games,medium,Which ones of these Mario Kart games was made for the Gameboy Advance?,Mario Kart: Super Circuit,"['Mario Kart: Double Dash', 'Mario Kart 64', 'Super Mario Kart']",multiple
History,hard,The ancient city of Chichén Itzá was built by which civilization?,Mayans,"['Aztecs', 'Incas', 'Toltecs']",multiple
History,medium,What is the name of the famous Apache leader who died in 1909 at the age of 70?,Geronimo,"['Sitting Bull', 'Red Cloud', 'Crazy Horse']",multiple
General Knowledge,easy,"What type of animal was Harambe, who was shot after a child fell into it's enclosure at the Cincinnati Zoo?",Gorilla,"['Tiger', 'Panda', 'Crocodile']",multiple
Entertainment: Video Games,medium,"The first PlayStation console was released in the USA on December 3rd, 1994.",False,['True'],boolean
General Knowledge,easy,Which one of these is not a typical European sword design?,Scimitar,"['Falchion', 'Ulfberht', 'Flamberge']",multiple
Entertainment: Board Games,easy,"Which of these games includes the phrase ""Do not pass Go, do not collect $200""?",Monopoly,"['Pay Day', 'Cluedo', 'Coppit']",multiple
Science & Nature,hard,How many protons are in an oxygen atom?,Eight,"['Four', 'Two', 'Six']",multiple
Entertainment: Japanese Anime & Manga,hard,"Which animation studio animated ""Psycho Pass""?",Production I.G,"['Kyoto Animation', 'Shaft', 'Trigger']",multiple
General Knowledge,medium,"Which iconic Disneyland attraction was closed in 2017 to be remodeled as a ""Guardians of the Galaxy"" themed ride?",Twilight Zone Tower of Terror,"['The Haunted Mansion', 'Pirates of the Caribbean', ""Peter Pan's Flight""]",multiple
Entertainment: Music,medium,What is the name of the second studio album released by American rapper Post Malone in 2018?,Beerbongs & Bentleys,"[""Takin' Shots"", 'Rockstar', 'Better Now']",multiple
Vehicles,easy,What is the name of Nissan's most popular electric car?,Leaf,"['Tree', 'Deer', 'Roots']",multiple
Entertainment: Television,easy,"In ""Star Trek: Voyager"", which episode did Voyager establish real-time communication with Starfleet Headquarters?",Pathfinder,"['Message In A Bottle', 'Someone To Watch Over Me', 'Counterpoint']",multiple
Science & Nature,hard,Which major extinction event was caused by an asteroid collision and eliminated the majority of non-avian dinosaurs?,Cretaceous-Paleogene,"['Triassic–Jurassic', 'Permian–Triassic', 'Ordovician–Silurian']",multiple
Sports,easy,"In Baseball, how many times does the ball have to be pitched outside of the strike zone before the batter is walked?",4,"['1', '2', '3']",multiple
Mythology,hard,"Who is a minor god that is protector and creator of various arts, such as cheese making and bee keeping.",Aristaeus,"['Autonoe', 'Carme', 'Cephisso']",multiple
Science & Nature,hard,Which constellation contains the center of the Milky Way?,Sagittarius,"['Scorpius', 'Ophiuchus', 'Capricornus']",multiple
Entertainment: Film,medium,"What is the name of the Artificial Intelligence system in the 1983 film, ""WarGames""?",War Operation Plan Response,"['Self Evolving Thought Helix', 'Master Control Program', 'West Campus Analog Computer']",multiple
Science & Nature,medium,Au on the Periodic Table refers to which element?,Gold,"['Silver', 'Oxygen', 'Nickel']",multiple
Entertainment: Video Games,easy,"The game ""Pocket Morty"" has a Morty called ""Pocket Mortys Morty""?",True,['False'],boolean
Science & Nature,medium,At what temperature does water boil?,212°F,"['200°F', '181°F', '178°F']",multiple
Entertainment: Television,medium,What was Nickelodeon's original name?,Pinwheel,"['MTVKids', 'KidsTV', 'Splat!']",multiple
Entertainment: Video Games,easy,Who is the protagonist in Dead Rising (2006)?,Frank West,"['Chuck Greene', 'John North', 'Jason Grey']",multiple
Entertainment: Comics,medium,Who created Ultron of Earth-616?,Henry Pym,"['Amadeus Cho', 'Tony Stark', 'Reed Richards']",multiple
Entertainment: Video Games,easy,"In the Super Smash Bros. series, which character was the first one to return to the series after being absent from a previous game?",Dr. Mario,"['Mewtwo', 'Lucas', 'Roy']",multiple
Entertainment: Books,easy,"Who wrote ""A Tale of Two Cities""?",Charles Dickens,"['Charles Darwin', 'Mark Twain', 'Roald Dahl']",multiple
Entertainment: Video Games,medium,What was the first PlayStation game to require the use of the DualShock controller?,Ape Escape,"['Metal Gear', 'Tekken ', 'Tomba 2!']",multiple
Geography,easy,There are no deserts in Europe.,True,['False'],boolean
Science: Mathematics,easy,"A universal set, or a set that contains all sets, exists.",False,['True'],boolean
History,medium,When did Norway get its constitution?,1814,"['1932', '1905', '1854']",multiple
Science: Computers,medium,"While Apple was formed in California, in which western state was Microsoft founded?",New Mexico,"['Washington', 'Colorado', 'Arizona']",multiple
Art,easy,What is a fundamental element of the Gothic style of architecture?,pointed arch,"['coffered ceilings', 'façades surmounted by a pediment ', 'internal frescoes']",multiple
General Knowledge,medium,Sitting for more than three hours a day can cut two years off a person's life expectancy.,True,['False'],boolean
Entertainment: Video Games,easy,When was Left 4 Dead 2 released?,"November 17, 2009","['May 3, 2008', 'November 30, 2009', 'June 30, 2010']",multiple
Vehicles,easy,Automobiles produced by Tesla Motors operate on which form of energy?,Electricity,"['Gasoline', 'Diesel', 'Nuclear']",multiple
General Knowledge,easy,The likeness of which president is featured on the rare $2 bill of USA currency?,Thomas Jefferson,"['Martin Van Buren', 'Ulysses Grant', 'John Quincy Adams']",multiple
Entertainment: Film,medium,"In The Lord of the Rings: The Fellowship of the Ring, which one of the following characters from the book was left out of the film?",Tom Bombadil,"['Strider', 'Barliman Butterbur', 'Celeborn']",multiple
Entertainment: Music,medium,"Which singer was featured in Swedish producer Avicii's song ""Wake Me Up""?",Aloe Blacc,"['John Legend', 'CeeLo Green', 'Pharrell Williams']",multiple
Entertainment: Cartoon & Animations,easy,"In the ""Shrek"" film franchise, Donkey is played by Eddie Murphy.",True,['False'],boolean
Vehicles,hard,What car manufacturer gave away their patent for the seat-belt in the interest of saving lives?,Volvo,"['Ferrari', 'Ford', 'Renault']",multiple
Geography,easy,There is a city called Rome in every continent on Earth.,False,['True'],boolean
Entertainment: Books,medium,Which novel by John Grisham was conceived on a road trip to Florida while thinking about stolen books with his wife?,Camino Island,"['Rogue Lawyer', 'Gray Mountain', 'The Litigators']",multiple
Entertainment: Japanese Anime & Manga,easy,In the anime Noragami who is one of the main protagonists?,Yukine,"['Karuha', 'Mineha', 'Mayu']",multiple
Sports,medium,"In a game of snooker, what colour ball is worth 3 points?",Green,"['Yellow', 'Brown', 'Blue']",multiple
Entertainment: Video Games,medium,"Which of these is not a character in the game, ""Lethal League""?",Rex,"['Switch', 'Candyman', 'Sonata']",multiple
Entertainment: Film,easy,"In the original Star Wars trilogy, David Prowse was the actor who physically portrayed Darth Vader.",True,['False'],boolean
Science & Nature,medium,Sound can travel through a vacuum.,False,['True'],boolean
Science: Mathematics,easy,"What comes after a Million, a Billion, and a Trillion?",Quadrillion,"['Sextillion', 'Quintillion', 'Septillion']",multiple
Sports,medium,The F1 season of 1994 is remembered for what tragic event?,Death of Ayrton Senna (San Marino),"['The Showdown (Australia)', 'Verstappen on Fire (Germany)', ""Schumacher's Ban (Britain)""]",multiple
Science & Nature,hard,The 'Islets of Langerhans' is found in which human organ?,Pancreas,"['Kidney', 'Liver', 'Brain']",multiple
Entertainment: Japanese Anime & Manga,hard,"In ""One Piece"", what does ""the Pirate King"" mean to the captain of the Straw Hat Pirates?",Freedom,"['Promise', 'Adventure', 'Friendship']",multiple
Sports,easy,"In association football, or soccer, a corner kick is when the game restarts after someone scores a goal.",False,['True'],boolean
Entertainment: Film,hard,Which singer is portrayed by Bruce Campbell in the 2002 film 'Bubba Ho-Tep'?,Elvis Presley,"['Johnny Cash', 'Hank Williams, Sr.', 'Buddy Holly']",multiple
General Knowledge,medium,Which mountain has the highest peak in Australia?,"Mount Kosciuszko, New South Wales","['Mount Ossa, Tasmania', 'Mount Bartle Frere, Queensland', 'Mount Zeil, Northern Territory']",multiple
Entertainment: Video Games,medium,"In ""A Hat In Time"" who is the final boss?",Mustache Girl,"['Snatcher', 'Conductor', 'Mafia Boss']",multiple
Entertainment: Music,medium,According to the RIAA: Which artist has sold the most albums by the million?,The Beatles,"['Elvis Presley', 'Michael Jackson', 'Pink Floyd']",multiple
History,medium,What year is considered to be the year that the British Empire ended?,1997,"['1986', '1981', '1971']",multiple
General Knowledge,hard,How long did it take the motorized window washers of the original World Trade Center to clean the entire exterior of the building?,1 Month,"['3 Weeks', '1 Week', '2 Months']",multiple
Entertainment: Books,hard,Abel Magwitch is a character from which Charles Dickens novel?,Great Expectations,"['The Pickwick Papers', 'Nicholas Nickleby', 'Oliver Twist']",multiple
Entertainment: Video Games,hard,Which of these weapon classes DO NOT appear in the first Monster Hunter game?,Bow ,"['Hammer', 'Heavy Bowgun', 'Light Bowgun']",multiple
Entertainment: Cartoon & Animations,easy,What type of animal is Disney's Bambi?,Deer,"['Elephant', 'Wolf', 'Mouse']",multiple
Entertainment: Video Games,easy,Which of the following was NOT a playable character in the game Kingdom Hearts: Birth by Sleep?,Ignis,"['Ventus', 'Terra', 'Aqua']",multiple
Entertainment: Music,medium,What was Britney Spears' debut single?,...Baby One More Time,"['Oops!... I Did It Again', '(You Drive Me) Crazy', 'Toxic']",multiple
History,easy,"The United States of America declared their independence from the British Empire on July 4th, 1776.",True,['False'],boolean
Entertainment: Television,medium,"In the original Doctor Who series (1963), fourth doctor Tom Baker's scarf was how long?",7 Meters,"['10 Meters', '2 Meters', '5 Meters']",multiple
Entertainment: Japanese Anime & Manga,easy,"In Kill La Kill, the weapon of the main protagonist is a katana. ",False,['True'],boolean
Science: Computers,medium,"Originally used in PCM adapters, what frequency is the standard for sampling audio in the Compact Disc Digital Audio format?",44.1 kHz,"['32.0 kHz', '1.5 MHz', '20.5 kHz']",multiple
History,medium,Which of these facilities was not present on the Titanic?,Fainting room,"['Turkish bath', 'Kennel', 'Squash court']",multiple
Entertainment: Video Games,hard,Which car did not appear in the 2002 Lego Game: Drome Racers?,Wasp,"['Raptor', 'Hornet', 'Behemoth']",multiple
Entertainment: Video Games,easy,"Which Pokémon can learn the move ""Secret Power"" by leveling up?",Audino,"['Type:Null', 'Arceus', 'Silvally']",multiple
Entertainment: Film,medium,"Who played Baron Victor Frankestein in the 1957 Hammer horror film ""The Curse of Frankenstein""?",Peter Cushing,"['Boris Karloff', 'Vincent Price', 'Lon Chaney Jr.']",multiple
Entertainment: Comics,medium,"In ""Sonic the Hedgehog"" comic, who was the creator of Roboticizer? ",Professor Charles the Hedgehog,"['Julian Robotnik', 'Ivo Robotnik', 'Snively Robotnik']",multiple
Science & Nature,easy,"Water always boils at 100°C, 212°F, 373.15K, no matter where you are.",False,['True'],boolean
Entertainment: Comics,easy,The main six year old protagonist in Calvin and Hobbes is named after what theologian?,John Calvin,"['Calvin Klein', 'Calvin Coolidge', 'Phillip Calvin McGraw']",multiple
Entertainment: Video Games,easy,Watch_Dogs 2 is a prequel.,False,['True'],boolean
Science & Nature,easy,What animal takes part in Schrödinger's most famous thought experiment?,Cat,"['Dog', 'Bat', 'Butterfly']",multiple
Geography,hard,What year is on the flag of the US state Wisconsin?,1848,"['1634', '1783', '1901']",multiple
Sports,hard,Which female player won the gold medal of table tennis singles in 2016 Olympics Games?,DING Ning (China),"['LI Xiaoxia (China)', 'Ai FUKUHARA (Japan)', 'Song KIM (North Korea)']",multiple
Geography,medium,The formerly East-Prussian city of Königsberg is known as which Russian City today?,Kaliningrad,"['Kazan', 'Kursk', 'Krasnodar']",multiple
Sports,easy,Who won the 2017 Formula One World Drivers' Championship?,Lewis Hamilton,"['Sebastian Vettel', 'Nico Rosberg', 'Max Verstappen']",multiple
General Knowledge,easy,Red Vines is a brand of what type of candy?,Licorice,"['Lollipop', 'Chocolate', 'Bubblegum']",multiple
Entertainment: Video Games,hard,"In Disney's ""Toontown Online"", which of these species wasn't available as a Toon?",Cow,"['Monkey', 'Bear', 'Pig']",multiple
General Knowledge,medium,"What is the Italian word for ""tomato""?",Pomodoro,"['Aglio', 'Cipolla', 'Peperoncino']",multiple
Entertainment: Music,medium,Who was the oldest member of The Beatles?,Ringo Starr,"['John Lennon', 'Paul McCartney', 'George Harrison']",multiple
Entertainment: Japanese Anime & Manga,hard,"In the ""Kagerou Daze"" series, Shintaro Kisaragi is prominently shown with the color red.",True,['False'],boolean
Geography,medium,What event led to Liechenstein adding a crown to its flag?,The 1936 Olympics,"['Coronation of Prince Johann I Joseph in 1805', ""Charles VI's decree in 1719"", 'Signing of the 1862 Constitution of Liechtenstein']",multiple
Geography,medium,Which one of these countries borders with Poland?,Lithuania,"['France', 'Norway', 'Netherlands']",multiple
Vehicles,medium,Which of the following is NOT a Russian car manufacturer?,BYD,"['Silant', 'Dragon', 'GAZ']",multiple
Entertainment: Music,medium,What is the name of the 2016 studio album by the French electronic music duo Justice?,Woman,"['Randy', 'Safe and Sound', 'Pleasure']",multiple
Entertainment: Film,easy,"The word ""Inception"" came from the 2010 blockbuster hit ""Inception"".",False,['True'],boolean
History,medium,"In relation to the British Occupation in Ireland, what does the IRA stand for.",Irish Republican Army,"['Irish Rebel Alliance', 'Irish Reformation Army', 'Irish-Royal Alliance']",multiple
General Knowledge,medium,Which logical fallacy means to attack the character of your opponent rather than their arguments?,Ad hominem,"['Post hoc ergo propter hoc', 'Tu quoque', 'Argumentum ad populum']",multiple
Science: Computers,easy,RAM stands for Random Access Memory.,True,['False'],boolean
Celebrities,hard,Gabe Newell was born in which year?,1962 ,"['1970', '1960', '1972']",multiple
Entertainment: Film,medium,"Who was the director of ""Scott Pilgrim vs. the World (2010)""?",Edgar Wright,"['Phil Lord', 'Chris Miller', 'Seth Rogan']",multiple
Entertainment: Japanese Anime & Manga,medium,"Which of the stands from ""JoJo's Bizarre Adventure"" mimics the likeness of a tomato?",Pearl Jam,"['Red Hot Chili Pepper', 'Cream Starter', 'Nut King Call']",multiple
Entertainment: Board Games,easy,Snakes and Ladders was originally created in India?,True,['False'],boolean
Entertainment: Comics,easy,Who is Batman?,Bruce Wayne,"['Clark Kent', 'Barry Allen', 'Tony Stark']",multiple
Sports,hard,Which English football team is nicknamed 'The Tigers'?,Hull City,"['Cardiff City', 'Bristol City', 'Manchester City']",multiple
Entertainment: Video Games,easy,"In the Street Fighter franchise, what's Ken's surname?",Masters,"['Mitchell', 'Michaels', 'Morrison']",multiple
Entertainment: Music,hard,What was the name of the hip hop group Kanye West was a member of in the late 90s?,The Go-Getters,"['The Jumpers', 'The Kickstarters', 'The Beat-Busters']",multiple
Science: Computers,easy,"Which company was established on April 1st, 1976 by Steve Jobs, Steve Wozniak and Ronald Wayne?",Apple,"['Microsoft', 'Atari', 'Commodore']",multiple
Vehicles,medium,Which Japanese company is the world's largest manufacturer of motorcycles?,Honda,"['Yamaha', 'Suzuki', 'Kawasaki']",multiple
Entertainment: Music,easy,Scatman John's real name was John Paul Larkin.,True,['False'],boolean
Entertainment: Music,medium,"What musician made the song ""F**kin` Perfect"" in 2010?",P!nk,"['Mitis', 'Adam lambert', 'Koven']",multiple
Entertainment: Japanese Anime & Manga,medium,"In the ""To Love-Ru"" series, how many Trans-weapons were created?",3,"['1', '2', '4']",multiple
Entertainment: Cartoon & Animations,medium,"What was the number on Gerald's shirt in ""Hey Arnold!""?",33,"['88', '38', '83']",multiple
Geography,medium,What city is the Terracotta Army located in?,Xi'an,"['Beijing', 'Shanghai', 'Hong Kong']",multiple
General Knowledge,easy,The buried remains of which English explorer of Australia were found in London  in January 2019? ,Matthew Flinders,"['William Bourke', 'Abel Tasman', 'Dirk Hartog']",multiple
Entertainment: Music,hard,The band STRFKR was also briefly known as Pyramiddd.,True,['False'],boolean
Entertainment: Cartoon & Animations,easy,"Who created the Cartoon Network series ""Regular Show""?",J. G. Quintel,"['Ben Bocquelet', 'Pendleton Ward', 'Rebecca Sugar']",multiple
Entertainment: Video Games,medium,What is the browser game Kantai Collection heavily inspired by?,Second World War,"['Manga', 'World of Warcraft', 'An Anime']",multiple
Entertainment: Video Games,medium,"In Fallout: New Vegas, upon starting each one of the four campaign DLCs, which one of them does not have a warning screen/recommended level? ",Honest Hearts ,"['Old World Blues', 'Lonesome Road', 'Dead Money']",multiple
Entertainment: Television,easy,"In the TV show ""Mad Men"", what was Donald Draper's birthname?","Richard ""Dick"" Whitman","['Donald Draper', 'John Ashbury', 'Michael ""Mikey"" Wilhelm']",multiple
Entertainment: Comics,easy,Which planet did Superman come from?,Krypton,"['Avalon', 'Xolnar', 'Starhaven']",multiple
Entertainment: Television,medium,"In the Sci-Fi television show Doctor Who, who plays the Tenth Doctor?",David Tennant,"['William Hartnell', 'Peter Capaldi', 'Peter Davison']",multiple
Entertainment: Japanese Anime & Manga,medium,"Aoi Miyamori is the production manager of what anime in ""Shirobako""?",The Third Aerial Girls Squad,"['Exodus!', 'Andes Chucky', 'Angel Beats!']",multiple
Entertainment: Film,medium,Johnny Depp made his big-screen acting debut in which film?,A Nightmare on Elm Street,"['My Bloody Valentine', 'Halloween', 'Friday the 13th']",multiple
General Knowledge,easy,What planet is not named after a Greek or Roman god?,Earth,"['Jupiter', 'Mars', 'Mercury']",multiple
General Knowledge,easy,What is the nickname of the US state of California?,Golden State,"['Sunshine State', 'Bay State', 'Treasure State']",multiple
History,medium,The Fourth Crusade lasted from 1095-1099 AD.,False,['True'],boolean
Science: Mathematics,easy,What is the name of a nine sided polygon?,Nonagon,"['Hexagon', 'Octagon', 'Heptagon']",multiple
Geography,medium,What is the capital of Peru?,Lima,"['Santiago', 'Montevideo', 'Buenos Aires']",multiple
Geography,medium,Which Canadian province has Charlottetown as its capital?,Prince Edward Island,"['Saskachewan', 'Northwest Terrirories', 'Ontario']",multiple
History,easy,What is the historical name of Sri Lanka?,Ceylon,"['Myanmar', 'Colombo', 'Badulla']",multiple
General Knowledge,hard,"The word ""aprosexia"" means which of the following?",The inability to concentrate on anything,"['The inability to make decisions', ""A feverish desire to rip one's clothes off"", 'The inability to stand up']",multiple
Entertainment: Board Games,easy,Which one of these is not a real game in the Dungeons & Dragons series?,Extreme Dungeons & Dragons,"['Advanced Dungeons & Dragons', 'Dungeons & Dragons 3.5th edition', 'Advanced Dungeons & Dragons 2nd edition']",multiple
Science & Nature,medium,How many hearts does an octopus have?,Three,"['One', 'Two', 'Four']",multiple
Entertainment: Video Games,hard,Which variant of the MP5 is depicted in Counter-Strike 1.6?,MP5N,"['MP5SD', 'MP5K', 'MP5RAS']",multiple
General Knowledge,easy,In which fast food chain can you order a Jamocha Shake?,Arby's,"[""McDonald's"", 'Burger King', ""Wendy's""]",multiple
History,medium,Theodore Roosevelt Jr. was the only General involved in the initial assault on D-Day.,True,['False'],boolean
Entertainment: Video Games,medium,What numbers did Sayaka Maizono write on the wall in Dangan Ronpa Trigger Happy Havoc?,11037,"['4, 8, 15, 16, 23, 42', '55730', '3, 9, 11, 12, 15, 17,']",multiple
Entertainment: Film,easy,"In the 1995 film ""Balto"", who are Steele's accomplices?","Kaltag, Nikki, and Star","['Dusty, Kirby, and Ralph', 'Nuk, Yak, and Sumac', 'Jenna, Sylvie, and Dixie']",multiple
Entertainment: Television,easy,What was the name of the teenage witch played by Melisa Joan Hart who lives with her witch aunts Hilda and Zelda?,Sabrina,"['Hermione', 'Dorothy', 'Dahlia']",multiple
General Knowledge,easy,What is on display in the Madame Tussaud's museum in London?,Wax sculptures,"['Designer clothing', 'Unreleased film reels', 'Vintage cars']",multiple
Entertainment: Music,easy,"""The Singing Cowboy"" Gene Autry is credited with the first recording for all but which classic Christmas jingle?",White Christmas,"['Frosty the Snowman', 'Rudolph the Red-Nosed Reindeer', 'Here Comes Santa Claus']",multiple
Entertainment: Japanese Anime & Manga,easy,"In the anime ""My Hero Academia"", which character is shown with the ability to manipulate gravity?",Uraraka,"['Bakugo', 'Deku', 'Asui ']",multiple
History,medium,Which of the following ancient Near Eastern peoples still exists as a modern ethnic group?,Assyrians,"['Babylonians', 'Hittites', 'Elamites']",multiple
Entertainment: Video Games,easy,"In the Monster Hunter Series, it is possible to capture Elder Dragons.",False,['True'],boolean
History,easy,How many Sister Ships were related to the TItanic?,2,"['4', '3', '1']",multiple
Entertainment: Television,easy,"How many seasons did the Sci-Fi television show ""Stargate Universe"" have?",2,"['10', '5', '3']",multiple
General Knowledge,hard,Virtual reality company Oculus VR lost which of it's co-founders in a freak car accident in 2013?,Andrew Scott Reisse,"['Nate Mitchell', 'Jack McCauley', 'Palmer Luckey']",multiple
General Knowledge,easy,What is the largest organ of the human body?,Skin,"['Heart', 'large Intestine', 'Liver']",multiple
General Knowledge,hard,What is the name of the currency used in Ethiopia?,Birr,"['Dirham', 'U.S. Dollar', 'Rand']",multiple
History,medium,The Spitfire L.F. Mk IX had what engine?,Merlin 66,"['Griffon 65', 'Merlin 50', 'Merlin X']",multiple
Entertainment: Music,medium,"In Prokofiev's 'Peter and the Wolf', the wolf itself is represented by a trio of which musical instrument?",French horn,"['Oboe', 'Clarinet', 'Cello']",multiple
Entertainment: Video Games,easy,The shotgun appears in every numbered Resident Evil game.,True,['False'],boolean
Entertainment: Music,medium,Which artist released his third and final studio album 'Electric Ladyland' before his death in 1970?,Jimi Hendrix,"['Prince', 'Eric Clapton', 'Captain Sensible']",multiple
Science: Computers,easy,"""HTML"" stands for Hypertext Markup Language.",True,['False'],boolean
Entertainment: Video Games,hard,How many copies of the notorious E.T. game for the Atari 2600 did Atari end up selling?,1.5 Million,"['1 Million', '250 Thousand', 'Less than 250 Thousand']",multiple
Entertainment: Video Games,easy,"Several characters in ""Super Mario 64"" blink their eyes, including Mario himself.",True,['False'],boolean
Entertainment: Video Games,medium,Which of these was NOT a launch title for the Nintendo 64?,Mario Kart 64,"['Super Mario 64', 'Pilotwings 64', 'Saikyō Habu Shōgi']",multiple
Entertainment: Television,medium,What year was Netflix founded?,1997,"['1999', '2004', '2001']",multiple
Entertainment: Cartoon & Animations,easy,Who is Winnie the Pooh's gloomy donkey friend?,Eeyore,"['Piglet', 'Tigger', 'Kanga']",multiple
Science: Computers,hard,What is the name of the process that sends one qubit of information using two bits of classical information?,Quantum Teleportation,"['Super Dense Coding', 'Quantum Entanglement', 'Quantum Programming']",multiple
History,medium,Who is believed to have been the first European to 'discover' the land of New Zealand?,Abel Tasman,"['Christopher Columbus', 'Jeanne Baré', 'John Cabot ']",multiple
Entertainment: Music,medium,The 'In the Flesh' tour was used in support of what Pink Floyd album?,Animals,"['The Wall', 'Wish You Were Here', 'The Final Cut']",multiple
Entertainment: Japanese Anime & Manga,easy,No Game No Life first aired in 2014.,True,['False'],boolean
Entertainment: Cartoon & Animations,hard,"What was Maggie Simpson's first canonical word, not including the Tracey Ullman shorts?",Daddy.,"['Sequel?', 'Ja!', 'Rusty!']",multiple
Entertainment: Japanese Anime & Manga,medium,"The animated film ""Spirited Away"" won the Academy Award for Best Animated Feature at the 75th Academy Awards in 2003.",True,['False'],boolean
Entertainment: Music,easy,"In the words of his 1973 song, Bob Dylan is ""knock, knock, knockin"" on which door?",Heaven's,"[""Opportunity's"", ""Angie's"", ""Eileen's""]",multiple
General Knowledge,medium,"The term ""scientist"" was coined in which year?",1833,"['1933', '1942', '1796']",multiple
Entertainment: Music,hard,"Which of the music artists did NOT perform in the Live Aid concert in Wembley Stadium, London in 1985?",The Rolling Stones,"['Queen', 'Elton John', 'David Bowie']",multiple
Entertainment: Video Games,hard,McCree from Overwatch originally started as a character that was going to appear in a scrapped Starcraft game.,True,['False'],boolean
General Knowledge,easy,"Which country, not including Japan, has the most people of Japanese descent?",Brazil,"['China', 'South Korea', 'United States of America']",multiple
Entertainment: Film,hard,What was the last Marx Brothers film to feature Zeppo?,Duck Soup,"['A Night at the Opera', 'A Day at the Races', 'Monkey Business']",multiple
Entertainment: Musicals & Theatres,medium,"When was the play ""Macbeth"" written?",1606,"['1605', '1723', '1628']",multiple
Sports,hard,"Prior to 2018, which car company is the only Japanese company which won the 24 Hours of Le Mans?",Mazda,"['Toyota', 'Subaru', 'Nissan']",multiple
Entertainment: Video Games,easy,"In ""Phoenix Wright: Ace Attorney"" which character is the District Chief of Police?",Damon Gant,"['Miles Edgeworth', 'Lana Skye', 'Mike Meekins']",multiple
General Knowledge,medium,"In ancient Greece, if your job were a ""hippeus"" which of these would you own?",Horse,"['Weave', 'Guitar', 'Boat']",multiple
Entertainment: Board Games,medium,Who was world chess champion between 1894 and 1921,Emanuel Lasker,"['José Raúl Capablanca', 'Wilhelm Steinitz', 'Bobby Fischer']",multiple
Entertainment: Video Games,easy,Who is the main protagonist of Dead Space?,Isaac Clarke,"['Commander Shepard', 'Gordon Freeman', 'Master Chief']",multiple
Geography,medium,What is the official national language of Pakistan?,Urdu,"['Indian', 'Punjabi', 'Pashto']",multiple
Science & Nature,easy,An atom contains a nucleus.,True,['False'],boolean
Geography,easy,What country has a horizontal bicolor red and white flag?,Monaco,"['Bahrain', 'Malta', 'Liechenstein']",multiple
Entertainment: Music,medium,"What was the release date of the They Might Be Giants album, 'Mink Car?'","September 11th, 2001","['April 17th, 2003', 'November 4th, 1999', 'December 20th, 2002']",multiple
Geography,medium,What is the fifth largest country by area?,Brazil,"['United States', 'Australia', 'India']",multiple
Entertainment: Television,medium,"Which of the following was not an actor/actress on the American television show ""Saturday Night Live"" in Season 42?",Tina Fey,"['Mikey Day', 'Kate McKinnon', 'Sasheer Zamata']",multiple
Geography,easy,"Which US state is nicknamed ""The Golden State""?",California,"['Florida', 'New Mexico', 'Alaska']",multiple
Geography,easy,What name was historically used for the Turkish city currently known as Istanbul?,Constantinople,"['Hüdavendigar', 'Söğüt', 'Adrianople']",multiple
Entertainment: Video Games,easy,Super Mario Bros. was the first video game ever created.,False,['True'],boolean
Entertainment: Japanese Anime & Manga,easy,"In the ""Melancholy of Haruhi Suzumiya"" series, the narrator goes by the nickname Kyon.",True,['False'],boolean
Geography,easy,Harvard University is located in which city?,Cambridge,"['Providence', 'New York', 'Washington D.C.']",multiple
Entertainment: Television,hard,"The theme for the popular science fiction series ""Doctor Who"" was composed by who?",Ron Grainer,"['Murray Gold', 'Delia Derbyshire', 'Peter Howell']",multiple
Science & Nature,hard,What is the scientific name of the knee cap?,Patella,"['Femur', 'Foramen Magnum', 'Scapula']",multiple
Entertainment: Film,easy,What is the name of the fictional retro-mod band starring Austin Powers as the lead vocalist?,Ming Tea,"['Cough Fi', 'Spear Mint', 'Mister E']",multiple
Entertainment: Cartoon & Animations,medium,What animated internet character is known to answer emails with his boxing gloves?,Strong Bad,"['Strong Sad', 'Strong Mad', 'Strong Glad']",multiple
Entertainment: Books,medium,Which Russian author wrote the epic novel War and Peace?,Leo Tolstoy,"['Fyodor Dostoyevsky', 'Alexander Pushkin', 'Vladimir Nabokov']",multiple
Entertainment: Music,easy,Who is the lead singer of the British pop rock band Coldplay?,Chris Martin,"['Jonny Buckland', 'Guy Berryman', 'Will Champion']",multiple
Science: Computers,medium,Early RAM was directly seated onto the motherboard and could not be easily removed.,True,['False'],boolean
Sports,medium,Which NBA player has the most games played over the course of their career?,Robert Parish,"['Kareem Abdul-Jabbar', 'Kevin Garnett', 'Kobe Bryant']",multiple
Sports,easy,When was the FC Schalke 04 founded?,1904,"['1909', '2008', '1999']",multiple
Geography,easy,Which US state has the highest population?,California,"['New York', 'Texas', 'Florida']",multiple
Entertainment: Video Games,medium,In which game did the Konami Code make its first appearance?,Gradius,"['Contra', 'Castlevania', 'Dance Dance Revolution']",multiple
Science: Mathematics,easy,The 'Squaring the Circle' problem is solvable.,False,['True'],boolean
Entertainment: Film,medium,Which of the following is NOT a quote from the 1942 film Casablanca? ,"""Frankly, my dear, I don't give a damn.""","['""Here\'s lookin\' at you, kid.""', '“Of all the gin joints, in all the towns, in all the world, she walks into mine…”', '""Round up the usual suspects.""']",multiple
Sports,medium,Which Formula One driver was nicknamed 'The Professor'?,Alain Prost,"['Ayrton Senna', 'Niki Lauda', 'Emerson Fittipaldi']",multiple
Entertainment: Music,medium,"What year was Weezer's album ""Pinkerton"" released? ",1996,"['1990', '2001', '1994']",multiple
Entertainment: Video Games,hard,"In ""Super Mario Sunshine"", how do you unlock the ""Corona Mountain"" level?",By clearing every 7th episode,"['By obtaining 70 Shines', 'By clearing every episode involving a ""Secret""', 'By unlocking every nozzle F.L.U.D.D can use']",multiple
Entertainment: Music,easy,"From which country did the song ""Gangnam Style"" originate from?",South Korea,"['Japan', 'North Korea', 'China']",multiple
Entertainment: Video Games,medium,What was the first game ever released that ran on the Source engine?,Counter-Strike: Source,"['Half-Life 2', ""Garry's Mod"", 'Team Fortress 2']",multiple
Entertainment: Video Games,medium,"In Riot Games ""League of Legends"" the name of Halloween event is called ""The Reckoning"".",False,['True'],boolean
General Knowledge,medium,What was the name given to Japanese military dictators who ruled the country through the 12th and 19th Century?,Shogun,"['Ninja', 'Samurai', 'Shinobi']",multiple
Entertainment: Video Games,easy,"In Splatoon 2, who are the members of Off The Hook?",Pearl & Marina,"['Callie & Marie', 'Diamond & Aquamarina', 'DJ Octavio & Crusty Sean']",multiple
Art,easy,Who painted the Mona Lisa?,Leonardo da Vinci ,"['Pablo Picasso', ' Vincent van Gogh', 'Michelangelo']",multiple
Entertainment: Books,medium,"The title of Adolf Hitler's autobiography ""Mein Kampf"" is what when translated to English?",My Struggle,"['My Hatred', 'My Sadness', 'My Desire']",multiple
Entertainment: Television,easy,"The HBO series ""Game of Thrones"" is based on which series of books?",A Song of Ice and Fire,"['The Wheel of Time', 'Harry Potter', 'The Notebook']",multiple
Entertainment: Film,easy,"""The first rule is: you don't talk about it"" is a reference to which movie?",Fight Club,"['The Island', 'Unthinkable', 'American Pie']",multiple
Entertainment: Books,easy,"""Elementary, my dear Watson"" is a phrase that is never truly said within the Conan Doyle books of Sherlock Holmes.",True,['False'],boolean
Entertainment: Cartoon & Animations,medium,Nutcracker Suite was one of the musical pieces featured in Disney's 1940's film Fantasia.,True,['False'],boolean
Entertainment: Television,easy,"What TV show featured older women named Blanche, Rose, Dorothy and Sophia?",The Golden Girls,"['Cheers', 'The Wonder Years', 'Family Ties']",multiple
Art,hard,Paul Gauguin moved to which country in 1895?,Tahiti,"['France', 'Atuona', 'Lithuania']",multiple
Entertainment: Music,medium,"According to their 1974 hit, what were Brownsville Station doing ""In The Boys' Room""?",Smokin',"[""Hangin'"", ""Lovin'"", ""Peein'""]",multiple
Science: Mathematics,easy,"In Roman Numerals, what does XL equate to?",40,"['60', '15', '90']",multiple
Entertainment: Musicals & Theatres,hard,"Which Shakespeare play features the stage direction ""Enter a messenger, with two heads and a hand""?",Titus Andronicus,"['Othello', 'Macbeth', 'King Lear']",multiple
Entertainment: Video Games,easy,"In the video game Team Fortress 2, which of these is NOT a primary?",Medigun,"['Scattergun', 'Grenade Launcher', 'Rocket Launcher']",multiple
Mythology,easy,"In the Greek Mythology, the Gorgon can turn those who behold her to stone.",True,['False'],boolean
General Knowledge,medium,"The commercial UK channel ITV stands for ""International Television"".",False,['True'],boolean
Entertainment: Film,easy,What name did Tom Hanks give to his volleyball companion in the film `Cast Away`?,Wilson,"['Friday', 'Jones', 'Billy']",multiple
Mythology,medium,Which of the following is not one of the Greek Fates?,Narcissus,"['Clotho', 'Atropos', 'Lachesis']",multiple
Animals,medium,Otters have pockets under their arms for carrying their favourite snacks and rocks.,True,['False'],boolean
Vehicles,medium,What nickname was given to Air Canada Flight 143 after it ran out of fuel and glided to safety in 1983?,Gimli Glider,"['Gimli Microlight', 'Gimli Chaser', 'Gimli Superb']",multiple
Science: Mathematics,medium,What is the area of a circle with a diameter of 20 inches if π= 3.1415?,314.15 Inches,"['380.1215 Inches', '3141.5 Inches', '1256.6 Inches']",multiple
History,hard,Who was the British Prime Minister at the outbreak of the Second World War in 1939?,Neville Chamberlain,"['Stanley Baldwin', 'Winston Churchill', 'Ramsay MacDonald']",multiple
Geography,easy,On which continent does the Andes mountain range lie?,South America,"['Europe', 'Asia', 'Africa']",multiple
Entertainment: Japanese Anime & Manga,medium,"The character Plum from ""No Game No Life"" is of what race?",Dhampir,"['Flügel', 'Imanity', 'Seiren']",multiple
Entertainment: Film,hard,"In the 1964 film ""Zulu"", what song does the British Army company sing before the final battle?",Men of Harlech,"['Scotland the Brave', 'Colonel Bogey March', 'The British Grenadiers']",multiple
Entertainment: Comics,medium,What is Hellboy's true name?,Anung Un Rama,"['Right Hand of Doom', 'Ogdru Jahad', 'Azzael']",multiple
Entertainment: Television,medium,"What breed of dog is ""Scooby Doo""?",Great Dane,"['Pit bull', 'Boxer', 'Doberman Pinscher']",multiple
Entertainment: Music,hard,Where was Nicki Minaj born?,Trinidad and Tobago,"['Haiti', 'Saint Lucia', 'Grenada']",multiple
Celebrities,hard,The eccentric natural philosopher Tycho Brahe kept what as a pet?,Moose,"['Dog', 'Bear', 'Goat']",multiple
Entertainment: Music,hard,Artis Leon Ivey Jr. is better known as which rap artist?,Coolio,"['Dr Dre', 'Snoop Dogg', 'Ice T']",multiple
Science: Computers,hard,What was the name of the first Bulgarian personal computer?,IMKO-1,"['Pravetz 82', 'Pravetz 8D', 'IZOT 1030']",multiple
Vehicles,easy,"In 1991, Mazda became the first Japanese car manufacturer to win Le Mans.",True,['False'],boolean
Entertainment: Video Games,easy,"What company created and developed the game ""Overwatch""?",Blizzard Entertainment,"['Valve', 'Hi-Rez Studios', 'Gearbox Software']",multiple
Entertainment: Books,medium,"Who wrote the ""A Song of Ice And Fire"" fantasy novel series?",George R. R. Martin,"['George Lucas', 'George Orwell', 'George Eliot']",multiple
Entertainment: Video Games,hard,"In 2004, which person(s) created ""Roblox""?",David Baszucki and Erik Cassel,"['Erik Cassel', 'Jonas Alto and Sarah Smith', 'James Kolein']",multiple
Entertainment: Video Games,easy,In the original Spyro game who is the first villain?,Gnasty Gnorc,"['Ripto', 'Sorceress', 'Cynder']",multiple
Politics,medium,"In United States history, how many vice presidents did Franklin D. Roosevelt have during his time in office as president?",3,"['1', '2', '0']",multiple
History,hard,The first Legoland park was opened in 1968 in which of these cities?,"Billund, Denmark","['Carlsbad, California', 'Winter Haven, Florida', 'Nagoya, Japan']",multiple
Entertainment: Video Games,easy,"In World of Warcraft, What was the name of the spell that caused a plague that famously killed millions of players in 2005?",Corrupted Blood,"['Necrotic Plague', 'Unbound Infestation', 'Mutated Infection']",multiple
Entertainment: Video Games,medium,In what year did Microsoft release the original Xbox console in North America?,2001,"['1998', '2003', '1996']",multiple
Mythology,medium,"The Maori hold that which island nation was founded by Kupe, who discovered it under a long white cloud?",New Zealand,"['Vanuatu', 'Fiji', 'Hawaii']",multiple
General Knowledge,easy,Terry Gilliam was an animator that worked with which British comedy group?,Monty Python,"['The Goodies\u200e', 'The League of Gentlemen\u200e', 'The Penny Dreadfuls']",multiple
Entertainment: Comics,medium,"Found in the Marvel Comics fictional universe, what is the name of the nearly indestructible metal that coats Wolverine's bones and claws?",Adamantium,"['Titanium', 'Vibranium', 'Carbonadium']",multiple
Science: Mathematics,medium,What is the alphanumeric representation of the imaginary number?,i,"['e', 'n', 'x']",multiple
Entertainment: Books,medium,"In the ""Harry Potter"" novels, what must a Hogwarts student do to enter the Ravenclaw Common Room?",Answer a riddle,"['Rhythmically tap barrels with a wand', 'Speak a password', 'Knock in sequence']",multiple
Science & Nature,hard,What causes the sound of a heartbeat?,Closure of the heart valves,"['Contraction of the heart chambers', 'Blood exiting the heart', 'Relaxation of the heart chambers']",multiple
Entertainment: Japanese Anime & Manga,hard,"In the anime Initial D, how does Takumi Fujiwara describe a drift?",'. . . the front tires slide so the car won't face the inside',"[""'. . . the wheels lose traction, making the car slide sideways'"", ""'. . . the car oversteers through a curve, causing it to turn faster'"", ""'. . . you turn a lot'""]",multiple
Entertainment: Video Games,hard,"What video game company developed the 2004 racing game ""Burnout 3: Takedown""?",Criterion Games,"['EA Black Box', 'Codemasters', 'Rockstar Games']",multiple
Science & Nature,hard,What is the scientific name of the red fox?,Vulpes Vulpes,"['Vulpes Redus', 'Red Fox', 'Vulpes Vulpie']",multiple
Entertainment: Television,medium,"In the episode of SpongeBob SquarePants, ""Survival of the Idiots"", Spongebob called Patrick which nickname?",Pinhead,"['Starfish', 'Larry', 'Dirty Dan']",multiple
Geography,hard,Which of these is NOT a province in China?,Yangtze,"['Fujian', 'Sichuan', 'Guangdong']",multiple
History,hard,What year was Canada founded in?,1867,"['1798', '1859', '1668']",multiple
Entertainment: Video Games,medium,"In Need For Speed: Most Wanted (2005), how many people are there to defeat on the blacklist?",15,"['5', '10', '20']",multiple
History,medium,What date was the first flight of the P-40 Warhawk?,October 14 1938,"['August 21 1939', 'January 12 1940', 'June 1 1939']",multiple
Entertainment: Music,hard,"What year was Min Yoongi from South Korea boy band ""BTS"" born in?",1993,"['1992', '1995', '1994']",multiple
General Knowledge,easy,What is the shortest month of the year?,February,"['December', 'April', 'September']",multiple
Entertainment: Video Games,medium,"In Telltale Games' ""The Walking Dead: Season One"" what is the name of Clementine's father?",Ed,"['Charles', 'Lee', 'Walter']",multiple
Entertainment: Cartoon & Animations,medium,How many episodes were in season five of Samurai Jack?,10,"['12', '11', '13']",multiple
General Knowledge,hard,Which of the following languages does NOT use gender as a part of its grammar?,Turkish,"['German', 'Danish', 'Polish']",multiple
Vehicles,medium,The General Motors EV1 was the first street-legal production electric vehicle.,False,['True'],boolean
Entertainment: Video Games,hard,When was the first Call of Duty title released?,"October 29, 2003","['December 1, 2003', 'November 14, 2002', 'July 18, 2004']",multiple
Entertainment: Video Games,medium,Who is Sora's Nobody in Kingdom Hearts?,Roxas,"['Riku', 'Kairi', 'Mickey']",multiple
Entertainment: Music,medium,"The 1969 Frank Sinatra Song ""My Way"" was ironically not written by him.",True,['False'],boolean
Science: Computers,medium,.at is the top-level domain for what country?,Austria,"['Argentina', 'Australia', 'Angola']",multiple
History,medium,"According to scholarly estimates, what percentage of the world population at the time died due to Tamerlane's conquests?",5%,"['1%', '3%', '<1%']",multiple
Entertainment: Video Games,easy,What was the name of the protagonist in Portal and Portal 2?,Chell,"['Mel', 'Chloe', 'Christine']",multiple
Entertainment: Japanese Anime & Manga,hard,Who is One Punch Man voiced by in the Japanese version.,Makoto Furukawa,"['Zach Aguilar', 'Kaito Ishikawa', 'Max Mittelman ']",multiple
Entertainment: Video Games,easy,"Faust is a playable character in ""Guilty Gear Xrd Revelator"".",True,['False'],boolean
General Knowledge,easy,"In the English language, what is the name of the ""&"" character?",Ampersand,"['Eightslash', 'And Sign', 'Obelus ']",multiple
Entertainment: Video Games,hard,"Which game in the ""Monster Hunter"" series introduced the ""Insect Glaive"" weapon?",Monster Hunter 4,"['Monster Hunter Freedom', 'Monster Hunter Stories', 'Monster Hunter 2']",multiple
Science & Nature,easy,How many planets make up our Solar System?,8,"['7', '9', '6']",multiple
Sports,easy,What national team won the first UEFA Nations League?,Portugal,"['Netherlands', 'England', 'Switzerland']",multiple
Entertainment: Film,easy,Which year was the first official Youtube Rewind released?,2010,"['2012', '2011', '2013']",multiple
Entertainment: Board Games,medium,"In poker, ""EV"" means what?",Expected Value,"['Equity Value', 'Equivalent Variation', 'Equity Variation']",multiple
Art,hard,"The name ""Impressionsim"" was first given to that art movement by a critic's satirical review of a Monet painting.",True,['False'],boolean
History,hard,"What was the aim of the ""Umbrella Revolution"" in Hong Kong in 2014?",Genuine universal suffrage,"['Gaining Independence', 'Go back under British Rule', 'Lower taxes']",multiple
Entertainment: Japanese Anime & Manga,hard,"Which animation studio produced the anime adaptation of ""xxxHolic""?",Production I.G,"['Sunrise', 'Xebec', 'Kyoto Animation']",multiple
Entertainment: Film,hard,"What is the species of the ""Predator"" in the 1987 movie ""Predator""?",Yautja,"['Xenomorph', 'Praetorian', 'Phocrex']",multiple
History,medium,How did the Vikings call their short-lived colony in today's Canada?,Vínland,"['Føroyar', 'Hålogaland', 'Skåne']",multiple
Entertainment: Film,medium,What was the name of the protagonist in the movie Commando (1985)?,John Matrix,"['Ben Richards', 'Douglas Quaid', 'Harry Tasker']",multiple
Entertainment: Video Games,medium,"In the Portal series of games, who was the founder of Aperture Science?",Cave Johnson,"['GLaDOs', 'Wallace Breen', 'Gordon Freeman']",multiple
General Knowledge,easy,What is the official language of Brazil?,Portuguese,"['Brazilian', 'Spanish', 'English']",multiple
Entertainment: Video Games,medium,Which CS:GO eSports team won the major event ESL One Cologne 2016?,SK Gaming,"['Team Liquid', 'Fnatic', 'Virtus.pro']",multiple
History,hard,"Who is the creator of the soft drink, Dr. Pepper?",Charles Alderton,"['James Wellington', 'Johnson Hinsin', 'Boris Heviltik']",multiple
General Knowledge,hard,"""Nephelococcygia"" is the practice of doing what? ",Finding shapes in clouds,"['Sleeping with your eyes open', 'Breaking glass with your voice', 'Swimming in freezing water']",multiple
Celebrities,medium,"If he was still alive, in what year would Elvis Presley celebrate his 100th birthday?",2035,"['2030', '2040', '2045']",multiple
Entertainment: Comics,medium,What otherworldly land does Thor come from?,Asgard,"['Midgard', 'Jotunheim', 'Sovengarde']",multiple
Geography,medium,"There are no roads in/out of Juneau, Alaska.",True,['False'],boolean
Entertainment: Music,easy,"Which band released songs suchs as ""Rio"", ""Girls on Film"", and ""The Reflex""?",Duran Duran,"['The Cure', 'New Order', 'Depeche Mode']",multiple
Animals,easy,Rabbits can see what's behind themselves without turning their heads.,True,['False'],boolean
Entertainment: Video Games,hard,What major event caused the events of Half-Life 1?,The Resonance Cascade ,"['The Blue Shift', 'The Seven Hour War', 'The Narbacular Drop']",multiple
Entertainment: Film,hard,What was Humphrey Bogart's middle name?,DeForest,"['DeWinter', 'Steven', 'Bryce']",multiple
History,medium,"What is the name of the ship which was only a few miles away from the RMS Titanic when it struck an iceberg on April 14, 1912?",Californian,"['Carpathia', 'Cristol', 'Commerce']",multiple
Science: Computers,medium,The teapot often seen in many 3D modeling applications is called what?,Utah Teapot,"['Pixar Teapot', '3D Teapot', 'Tennessee Teapot']",multiple
Sports,medium,Which football manager won more trophies than any other during his tenure at English football club Manchester United?,Sir Alex Ferguson,"['David Moyes', 'Louis van Gaal', 'José Mourinho']",multiple
Entertainment: Video Games,medium,"In Call of Duty: United Offensive, what two soldiers share a name of a video game character?",Gordon & Freeman,"['Sam & Fisher', 'Nathan & Drake', 'Dig & Dug']",multiple
Entertainment: Cartoon & Animations,medium,"In ""SpongeBob SquarePants"", what is the name of Sandy Cheek's place of residence?",Sandy's Treedome,"['""The Dome""', ""Sandy's Bubble"", 'Auquatic Reseach Centre']",multiple
History,medium,Which of his six wives was Henry VIII married to the longest?,Catherine of Aragon,"['Anne Boleyn', 'Jane Seymour', 'Catherine Parr']",multiple
General Knowledge,medium,The scientific name for the Southern Lights is Aurora Australis?,True,['False'],boolean
Entertainment: Cartoon & Animations,medium,Which Sanrio character was introduced in 1996?,Pompompurin,"['My Melody', 'Badtz-Maru', 'Kerropi']",multiple
Geography,hard,The Andaman and Nicobar Islands in South East Asia are controlled by which country?,India,"['Vietnam', 'Thailand', 'Indonesia']",multiple
Entertainment: Video Games,medium,What is the name of the final boss in Turok: Dinosaur Hunter?,The Campaigner,"['The Primagen', 'Oblivion', 'Lord Tyrannus']",multiple
Geography,medium,What is the highest mountain in the world?,Mt. Everest,"['Mount Godwin Austen', 'Kangchenjunga', 'Annapurna']",multiple
Entertainment: Music,medium,"Where does ""Gasolina"" rapper Daddy Yankee originate from?",Puerto Rico,"['Cuba', 'Mexico', 'Spain']",multiple
Science: Gadgets,easy,When did the CD begin to appear on the consumer market?,1982,"['1992', '1972', '1962']",multiple
Geography,medium,What is the capital of Greenland?,Nuuk,"['Sisimiut', 'Narsaq', 'Maniitsoq']",multiple
Entertainment: Music,medium,"The song ""Twin Size Mattress"" was written by which band?",The Front Bottoms,"['Twenty One Pilots', 'The Wonder Years', 'The Smith Street Band']",multiple
Celebrities,medium,Where was Kanye West born?,"Atlanta, Georgia","['Chicago, Illinois', 'Los Angeles, California', 'Detroit, Michigan']",multiple
General Knowledge,easy,Which type of cutlery is most suited for eating soup?,Spoon,"['Fork', 'Knife', 'Chopsticks']",multiple
History,medium,When did Vesuvius destroy the city of Pompeii? ,79 AD,"['62 AD', '31 BC', '54 BC']",multiple
Geography,medium,"In the 2016 Global Peace Index poll, out of 163 countries, what was the United States of America ranked?",103,"['10', '59', '79']",multiple
Entertainment: Film,easy,"What breed of dog was Marley in the film ""Marley & Me"" (2008)?",Labrador Retriever,"['Golden Retriever', 'Dalmatian', 'Shiba Inu']",multiple
General Knowledge,hard,Which of the following is not another name for the eggplant?,Potimarron,"['Brinjal', 'Guinea Squash', 'Melongene']",multiple
Entertainment: Board Games,hard,"In standard Monopoly, what's the rent if you land on Park Place with no houses?",$35,"['$30', '$50', '$45']",multiple
General Knowledge,medium,Which of the General Mills Corporation's monster cereals was the last to be released in the 1970's?,Fruit Brute,"['Count Chocula', 'Franken Berry', 'Boo-Berry']",multiple
Entertainment: Books,easy,What is the name of Sherlock Holmes's brother?,Mycroft Holmes,"['Mederi Holmes', 'Martin Holmes', 'Herbie Hancock Holmes']",multiple
Sports,medium,Why was The Green Monster at Fenway Park was originally built?,To prevent viewing games from outside the park.,"['To make getting home runs harder.', 'To display advertisements.', 'To provide extra seating.']",multiple
Entertainment: Television,easy,Which of these Disney shows is classified as an anime?,Stitch!,"['Cory in the House', ""The Emperor's New School"", 'Hannah Montana']",multiple
Entertainment: Books,medium,"In the ""The Hobbit"", who kills Smaug?",Bard,"['Bilbo Baggins', 'Gandalf the Grey', 'Frodo']",multiple
Sports,medium,In what sport does Fanny Chmelar compete for Germany?,Skiing,"['Swimming', 'Showjumping', 'Gymnastics']",multiple
Science & Nature,easy,"Celiac Disease is a disease that effects the heart, causing those effected to be unable to eat meat.",False,['True'],boolean
General Knowledge,hard,"In flight systems, what does the initialism ""TCAS"" stand for?",Traffic Collision Avoidance System,"['Traffic Communication Alert System', 'Traffic Configuration Alignment System', 'Traffic Call-sign Abbreviation System']",multiple
General Knowledge,hard,"According to Fair Works Australia, how long do you have to work to get Long Service Leave?",7 years,"['2 years', '8 years', '6 months']",multiple
Sports,hard,Who won the 1998 Daytona 500?,Dale Earnhardt,"['John Anderson', 'Jeff Gordon', 'Michael Walltrip']",multiple
Entertainment: Video Games,easy,"The Khajiit are a race of cat-like creatures from which epic series of role-playing games, set across the land of Tamriel?",The Elder Scrolls,"['Lord of the Rings', 'The Witcher', 'Neverwinter Nights']",multiple
Geography,medium,Which two modern-day countries used to be known as the region of Rhodesia between the 1890s and 1980?,Zambia & Zimbabwe,"['Togo & Benin', 'Lesotho & Swaziland', 'Rwanda & Burundi']",multiple
General Knowledge,medium,The average woman is 5 inches / 13 centimeters shorter than the average man.,True,['False'],boolean
Geography,medium,What is the capital city of the U.S. state of Texas?,Austin,"['Dallas', 'Houston', 'San Antonio']",multiple
Entertainment: Board Games,medium,"At the start of a standard game of the Monopoly, if you throw a double six, which square would you land on?",Electric Company,"['Water Works', 'Chance', 'Community Chest']",multiple
Entertainment: Japanese Anime & Manga,medium,"In ""Highschool DxD"", Koneko Toujou is from what race?",Nekomata,"['Kitsune', 'Human', 'Kappa']",multiple
Sports,hard,What tool lends it's name to a last-stone advantage in an end in Curling?,Hammer,"['Wrench', 'Drill', 'Screwdriver']",multiple
Mythology,easy,"Which Greek & Roman god was known as the god of music, truth and prophecy, healing, the sun and light, plague, poetry, and more?",Apollo,"['Aphrodite', 'Artemis', 'Athena']",multiple
History,medium,The Korean War started in what year?,1950,"['1945', '1960', '1912']",multiple
Entertainment: Television,medium,Which character does voice actress Tara Strong NOT voice?,Bubbles (2016),"['Twilight Sparkle', 'Timmy Turner', 'Harley Quinn']",multiple
General Knowledge,medium,Astraphobia is the irrational fear of what?,Thunder,"['Rain', 'Wind', 'Snow']",multiple
Entertainment: Video Games,hard,How many playable characters are there in Super Smash Bros. for Nintendo 3DS and Wii U?,58,"['48', '51', '55']",multiple
Entertainment: Video Games,medium,"Which of the following characters is NOT playable in ""Resident Evil 6""?",Jill Valentine,"['Chris Redfield', 'Sherry Birkin', 'Helena Harper']",multiple
Science: Computers,hard,DHCP stands for Dynamic Host Configuration Port.,False,['True'],boolean
Entertainment: Video Games,hard,"Which team won the ""Tom Clancy's Rainbow Six Siege"" Invitational Event February 2017 in the PC Category?",Continuum,"['GIFU', 'Santos Dexterity', 'eRa Eternity']",multiple
Entertainment: Books,hard,"Harry Potter was born on July 31st, 1980.",True,['False'],boolean
Entertainment: Video Games,easy,"In the game ""Fire Emblem: Shadow Dragon"", what is the central protagonist's name?",Marth,"['Roy', 'Eliwood', 'Robin']",multiple
Entertainment: Video Games,medium,In what year was the first eSports competition?,1972,"['1989', '1990', '2000']",multiple
Art,hard,Which art movement was Pablo Picasso known for co-founding?,Cubism,"['Futurism', 'Expressionism', 'Impressionism']",multiple
Art,medium,"Who painted the painting ""Nighthawks""?",Edward Hopper,"['Johannes Vermeer', 'Vincent van Gogh', 'Salvador Dali']",multiple
Mythology,easy,"What weakpoint of Achilles was expoited by the Trojan prince, Paris?",Heel,"['Neck', 'Back', 'Calf']",multiple
History,hard,When was Finland's 100th year of being independent?,2017,"['2016', '2018', '2015']",multiple
Art,easy,What is the name of the Japanese art of folding paper into decorative shapes and figures?,Origami,"['Sumi-e', 'Ukiyo-e', 'Haiku']",multiple
Entertainment: Japanese Anime & Manga,easy,What was Ash Ketchum's second Pokemon?,Caterpie,"['Charmander', 'Pikachu', 'Pidgey']",multiple
Entertainment: Books,medium,"Which poet wrote ""The Ballad of Reading Gaol"" whilst imprisoned for being gay?",Oscar Wilde,"['Lord Byron', 'William Blake', 'Wilfred Owen']",multiple
Entertainment: Video Games,medium,"Who is the villain company in ""Stardew Valley""?",Joja Co ,"['Ronin', 'Empire', ""Robotnik Industry's ""]",multiple
Entertainment: Video Games,hard,"In ""Earthbound"", how does one enter ""Master Belch's"" factory?",Wait 3 Minutes,"['Enter the password ""Fly Honey""', 'Enter the password ""Master Belch Rules""', 'Enter the password ""Mr Saturn Drools""']",multiple
Entertainment: Film,easy,The Queen song `A Kind Of Magic` is featured in which 1986 film?,Highlander,"['Flash Gordon', 'Labyrinth', 'Howard the Duck']",multiple
Entertainment: Board Games,hard,Which character class in Dungeons and Dragons 5th edition gains it's powers from making a pact with a being of higher power?,Warlock,"['Wizard', 'Sorceror', 'Cleric']",multiple
Geography,medium,What is the capital of the US state Nevada?,Carson City,"['Las Vegas', 'Henderson', 'Reno']",multiple
General Knowledge,hard,What is the weight of a Gold Bar in Fallout: New Vegas?,35 Pounds,"['30 Pounds', '40 Pounds', '32.50 Pounds']",multiple
Entertainment: Video Games,easy,"""Undertale"" is an RPG created by Toby Fox and released in 2015.",True,['False'],boolean
Entertainment: Video Games,easy,"In the first game of the Sly Cooper franchise, what family heirloom did Sly Cooper want to steal back?",Thievius Raccoonus,"['Raccoon Training 101', 'The Art of Sneak', 'Raccoonus Teachus']",multiple
Entertainment: Film,medium,"In Back to the Future Part II, Marty and Dr. Emmett Brown go to which future date?","October 21, 2015","['August 28, 2015', 'July 20, 2015', 'January 25, 2015']",multiple
History,easy,How long did World War II last?,6 years,"['4 years', '5 years', '7 years']",multiple
Entertainment: Video Games,medium,"In the video game series ""Disgaea"", what word does the character Prinny have to include in all sentences they speak?","""Dood""","['""Master""', '""Plip""', '""Boom""']",multiple
Mythology,easy,An Ankh is the Egyptian Hieroglyph for what?,Life,"['Love', 'Hatred', 'Poison']",multiple
Politics,medium,Which U.S. president is said to have had the longest beard?,Rutherford B. Hayes,"['Zachary Taylor', 'John Quincy Adams', 'James A. Garfield']",multiple
Entertainment: Video Games,medium,In what year was the original Sonic the Hedgehog game released?,1991,"['1989', '1993', '1995']",multiple
Entertainment: Video Games,medium,"Which of these weapons is NOT available to the Terrorist team in the game, ""Counter-Strike: Global Offensive""?",SCAR-20,"['SG 550', 'CZ-75', 'XM1014']",multiple
Entertainment: Music,medium,"Which member of the British pop group ""The Spice Girls"" was known as Ginger Spice?",Geri Halliwell,"['Melanie Brown', 'Emma Bunton', 'Victoria Beckham']",multiple
Geography,medium,"What is the capital of the State of Washington, United States?",Olympia,"['Washington D.C.', 'Seattle', 'Yukon']",multiple
Entertainment: Books,medium,Which of the following is not a work authored by Fyodor Dostoevsky?,Anna Karenina,"['Notes from the Underground', 'Crime and Punishment', 'The Brothers Karamazov']",multiple
Entertainment: Japanese Anime & Manga,medium,Which of the following anime of the mecha genre began airing in 1982?,The Super Dimension Fortress Macross,"['Mobile Suit Gundam', 'Armored Trooper VOTOMS', 'Neon Genesis Evangelion']",multiple
Entertainment: Music,medium,'Don't You Want Me?' was a number one hit in 1981 for which electropop band?,Human League,"['Depeche Mode', 'Pet Shop Boys', 'Eurythmics']",multiple
General Knowledge,medium,When was WhatsApp founded?,2009,"['2007', '2012', '2010']",multiple
Science: Computers,easy,"The Python programming language gets its name from the British comedy group ""Monty Python.""",True,['False'],boolean
Entertainment: Television,easy,"British actor David Morrissey stars as which role in ""The Walking Dead""?",The Governor,"['Negan', 'Rick Grimes', 'Daryl Dixon']",multiple
Entertainment: Video Games,easy,How many playable characters are there in Yakuza 5?,5,"['2', '3', '1']",multiple
General Knowledge,hard,The Panama Canal was officially opened by which US president?,Woodrow Wilson,"['Calvin Coolidge', 'Herbert Hoover', 'Theodore Roosevelt']",multiple
Geography,medium,What is the smallest country in South America by area?,Suriname,"['Brazil', 'Uruguay', 'Chile']",multiple
General Knowledge,easy,Which company did Valve cooperate with in the creation of the Vive?,HTC,"['Oculus', 'Google', 'Razer']",multiple
Politics,hard,What is the name of Niccolò Machiavelli's work that argued effective leaders needed to crush their opponents at all costs?,The Prince,"['The Rape of Lucrece', 'Will to Power', ""Love's Labours Lost""]",multiple
Geography,easy,"Which US state is also known as the ""Lone Star State""?",Texas,"['Alabama', 'Tennessee', 'Kentucky']",multiple
Science: Computers,medium,"The common software-programming acronym ""I18N"" comes from the term ""Interlocalization"".",False,['True'],boolean
Sports,easy,How many players are there in an association football/soccer team?,11,"['10', '9', '8']",multiple
Entertainment: Music,medium,Soulja Boy's 'Crank That' won a Grammy for Best Rap Song in 2007.,False,['True'],boolean
Sports,easy,Which year did Jenson Button won his first ever Formula One World Drivers' Championship?,2009,"['2010', '2007', '2006']",multiple
Geography,easy,In which ocean is the Réunion island?,Indian Ocean,"['Atlantic Ocean', 'South Pacific Ocean', 'North Pacific Ocean']",multiple
Celebrities,medium,"Which radio personality calls himself ""The King of All Media""?",Howard Stern,"['Rush Limbaugh', 'Pete Tong', 'Ryan Seacrest']",multiple
Entertainment: Books,medium,"In the Lord of the Rings, who is the father of the dwarf Gimli?",Gloin,"['Thorin Oakenshield', 'Bombur', 'Dwalin']",multiple
Entertainment: Books,medium,"What was the pen name of novelist, Mary Ann Evans?",George Eliot,"['George Orwell', 'George Bernard Shaw', 'George Saunders']",multiple
Entertainment: Books,hard,"In the Magic: The Gathering universe, the Fallen Empires expansion takes place on which continent?",Sarpadia,"['Otaria', 'Terisiare', 'Shiv']",multiple
Science & Nature,medium,Who made the discovery of X-rays?,Wilhelm Conrad Röntgen,"['Thomas Alva Edison', 'James Watt', 'Albert Einstein']",multiple
Entertainment: Television,easy,"Which actor portrays ""Walter White"" in the series ""Breaking Bad""?", Bryan Cranston,"['Andrew Lincoln', 'Aaron Paul', 'RJ Mitte']",multiple
Entertainment: Film,medium,Who did the score to the original Blade Runner?,Vangelis,"['Kitaro', 'Yanni', 'Enya']",multiple
Entertainment: Video Games,hard,"In the Lego Island trilogy, who taught Pepper Roni how to read?",Officer Laura Brick,"['Papa Brickolini', 'Officer Nick Brick', 'Mama Brickolini']",multiple
Science & Nature,hard,"What common name is given to the medial condition, tibial stress syndrome (MTSS)?",Shin Splints,"['Tennis Elbow', 'Carpal Tunnel', ""Housemaid's Knee""]",multiple
Entertainment: Japanese Anime & Manga,hard,"What is the name of the school in the anime and manga ""Gosick""?",St. Marguerite,"['St. Augustine', 'St. Mary', 'St. Bernadette']",multiple
Science: Computers,easy,What is the domain name for the country Tuvalu?,.tv,"['.tu', '.tt', '.tl']",multiple
Entertainment: Comics,medium,What's the name of Batman's parents?,Thomas & Martha,"['Joey & Jackie', 'Jason & Sarah', 'Todd & Mira']",multiple
Geography,hard,The mountainous Khyber Pass connects which of the two following countries?,Afghanistan and Pakistan,"['India and Nepal', 'Pakistan and India', 'Tajikistan and Kyrgyzstan']",multiple
Politics,hard,Joko Widodo has appeared in the cover of a TIME magazine.,True,['False'],boolean
Science: Computers,medium,"In the programming language ""Python"", which of these statements would display the string ""Hello World"" correctly?","print(""Hello World"")","['console.log(""Hello World"")', 'echo ""Hello World""', 'printf(""Hello World"")']",multiple
Entertainment: Video Games,medium,"During the game's development, what was the first ever created Pokémon?",Rhyhorn,"['Bulbasaur', 'Mew', 'Arceus']",multiple
History,hard,Toussaint Louverture led a successful slave revolt in which country?,Haiti,"['France', 'Cuba', 'United States']",multiple
Entertainment: Video Games,hard,Danganronpa 2: Goodbye Despair featured all of the surviving students from the first game.,False,['True'],boolean
Science: Computers,hard,The Harvard architecture for micro-controllers added which additional bus?,Instruction,"['Address', 'Data', 'Control']",multiple
Entertainment: Cartoon & Animations,easy,"What was the name of the sea witch in the 1989 Disney film ""The Little Mermaid""?",Ursula,"['Madam Mim', 'Maleficent', 'Lady Tremaine']",multiple
Entertainment: Video Games,hard,"In the alternate timeline in Mortal Kombat, which character was the one to slaughter the Shirai Ryu clan?",Quan Chi,"['Sub-Zero', 'Sektor', 'Shang Tsung']",multiple
General Knowledge,medium,"What name represents the letter ""M"" in the NATO phonetic alphabet?",Mike,"['Matthew', 'Mark', 'Max']",multiple
Entertainment: Film,hard,What did the first moving picture depict?,A galloping horse,"['A woman in a dress', 'A man walking', 'A crackling fire']",multiple
Entertainment: Video Games,easy,"""Sonic the Hedgehog 2"" originally was going to have a time travel system.",True,['False'],boolean
Entertainment: Video Games,medium,"Which of these ""Worms"" games featured 3D gameplay?",Worms 4: Mayhem,"['Worms W.M.D', 'Worms Reloaded', 'Worms: Open Warfare 2']",multiple
Entertainment: Video Games,easy,Who is the creator of Touhou project?,Zun,"['Jun', 'Twilight Frontier', 'Tasofro']",multiple
Geography,hard,When does Finland celebrate their independence day?,December 6th,"['January 2nd', 'November 12th', 'February 8th']",multiple
Politics,medium,Which United Nations principal organ has been suspended since 1994?,Trusteeship Council,"['Secretariat', 'General Assembly', 'Economic and Social Council']",multiple
General Knowledge,easy,What is the first book of the Old Testament?,Genesis,"['Exodus', 'Leviticus', 'Numbers']",multiple
Entertainment: Cartoon & Animations,easy,"In the show ""Steven Universe"", who are the main two employees of The Big Donut?",Sadie and Lars,"['Steven and James', 'Erik and Julie', 'Bob and May']",multiple
General Knowledge,medium,"What did the Spanish autonomous community of Catalonia ban in 2010, that took effect in 2012?",Bullfighting,"['Fiestas', 'Flamenco', 'Mariachi']",multiple
Art,medium,Who painted the epic mural Guernica?,Pablo Picasso,"['Francisco Goya', 'Leonardo da Vinci', 'Henri Matisse']",multiple
Entertainment: Video Games,medium,Which of these is NOT a game under the Worms series?,Major Malfunction,"['Crazy Golf', 'Clan Wars', 'Ultimate Mayhem']",multiple
Entertainment: Video Games,easy,Which Final Fantasy game consisted of a female-only cast of party members?,Final Fantasy X-2,"['Final Fantasy IX', 'Final Fantasy V', 'Final Fantasy XIII-2']",multiple
Entertainment: Video Games,hard,"What is the plane of existence in MicroProse's 1997 ""Magic the Gathering""?",Shandalar,"['Theros', 'Ravnica', 'Amonkhet']",multiple
General Knowledge,medium,"The new One World Trade Center in Manhattan, New York City was designed by which architect? ",David Childs,"['Bjarke Ingels', 'Michael Arad', 'Fumihiko Maki']",multiple
Geography,easy,What is the capital of Jamaica?,Kingston,"['San Juan', 'Port-au-Prince', 'Bridgetown']",multiple
Celebrities,medium,"Who is ""James Rolfe"" better known as?",The Angry Video Game Nerd,"['TotalBiscuit', 'PeanutButterGamer', 'PewDiePie']",multiple
Entertainment: Cartoon & Animations,medium,"The character White Diamond from Steven Universe, is voiced by who?",Christine Ebersole,"['Ellen McLain', 'Aly Michalka', 'Rihanna']",multiple
Entertainment: Video Games,medium,Who's the creator of Geometry Dash?,Robert Topala,"['Scott Cawthon', 'Adam Engels', 'Andrew Spinks']",multiple
Entertainment: Television,medium,"In Battlestar Galactica (2004), what is the name of the President of the Twelve Colonies?",Laura Roslin,"['William Adama', 'Tricia Helfer', 'Harry Stills']",multiple
Entertainment: Board Games,hard,Which Pokemon is #39 in the National Pokedex?,Jigglypuff,"['Pikachu', 'Psyduck', 'Fearow']",multiple
Science & Nature,hard,"In physics, conservation of energy and conservation of momentum are both consequences of which of the following?",Noether's Theorem,"[""Bell's Theorem"", ""Wick's Theorem"", ""Carnot's Theorem""]",multiple
Geography,medium,You could walk from Norway to North Korea while only passing through Russia.,True,['False'],boolean
Entertainment: Musicals & Theatres,hard,"Who played ""Charlie Price"" in the musical ""Kinky Boots"" on Broadway in New York from May 26th - Aug 6th 2017?",Brendon Urie,"['Ed Sheeren', 'Tom Cruise', 'Dallon Weekes']",multiple
History,easy,"Where did first known lesbian rights organization in the United States, Daughters of Bilitis, start?",San Francisco,"['New York', 'Chicago', 'Los Angeles']",multiple
Entertainment: Books,medium,"Originally, the character Charlie from Charlie and the Chocolate Factory was going to be black.",True,['False'],boolean
Art,medium,Which time signature is commonly known as “Cut Time?”,2/2,"['4/4', '6/8', '3/4']",multiple
Entertainment: Video Games,medium,What snowy mob was added in Minecraft 1.10?,Polar bears,"['Eskimos', 'Penguins', 'Walking TNT']",multiple
Entertainment: Video Games,medium,What is the world's first video game console?,Magnavox Odyssey,"['Coleco Telstar', 'Nintendo Color TV Game', 'Atari 2600']",multiple
General Knowledge,medium,Computer manufacturer Compaq was acquired for $25 billion dollars in 2002 by which company?,Hewlett-Packard,"['Toshiba', 'Asus', 'Dell']",multiple
Entertainment: Film,hard,Who Voices the Devil on Devil's Flight in Final Destination 3?,Tony Todd,"['Wendy Christensen', 'Ian McKinley', 'Kevin Fischer']",multiple
Entertainment: Books,hard,"In the Harry Potter universe, what is Cornelius Fudge's middle name?",Oswald,"['James', 'Harold', 'Christopher']",multiple
Sports,easy,"""Stadium of Light"" is the home stadium for which soccer team?",Sunderland FC,"['Barcelona FC', 'Paris Saints-Germain', 'Manchester United']",multiple
Entertainment: Film,medium,Which actor and martial artist starred as Colonel Guile in the 1994 action film adaptation of Street Fighter?,Jean-Claude Van Damme,"['Chuck Norris', 'Steven Seagal', 'Scott Adkins']",multiple
Vehicles,easy,Which Italian city is home of the car manufacturer 'Fiat'?,Turin,"['Maranello', 'Modena', 'Rome']",multiple
Entertainment: Video Games,medium,What was the first interactive movie video game?,Astron Belt,"[""Dragon's Lair"", 'Cube Quest', 'M.A.C.H. 3']",multiple
Entertainment: Video Games,easy,How many obsidian blocks are required to build a nether portal in Minecraft?,10,"['14', '13', '16']",multiple
Science: Mathematics,hard,"If you could fold a piece of paper in half 50 times, its' thickness will be 3/4th the distance from the Earth to the Sun.",True,['False'],boolean
Entertainment: Books,hard,"The novel ""Jane Eyre"" was written by what author? ",Charlotte Brontë,"['Emily Brontë', 'Jane Austen', 'Louisa May Alcott']",multiple
History,easy,The Ottoman Empire was dissolved after their loss in which war?,World War I,"['Crimean War', 'Serbian Revolution', 'Second Balkan War']",multiple
Entertainment: Comics,medium,Which of the following superheros did Wonder Woman NOT have a love interest in?,Green Arrow,"['Superman', 'Batman', 'Steve Trevor']",multiple
Entertainment: Video Games,easy,"In Pokémon Sun and Moon, a male Salandit can evolve to a Salazzle.",False,['True'],boolean
Entertainment: Japanese Anime & Manga,medium,"In the series JoJo's Bizarre Adventure, which main character makes the greatest number of recurring appearances?",Jotaro Kujo,"['Giorno Giovanna', 'Joseph Joestar', 'Josuke Higashikata']",multiple
Entertainment: Film,easy," In the 1951 movie ""The Day The Earth Stood Still"" which US city did the alien spaceship land in?",Washington D.C.,"[' Los Angeles', 'New York', 'Philadelphia']",multiple
Celebrities,medium,What is generally considered to be William Shakespeare's birth date?,"April 23rd, 1564","['July 4th, 1409', 'September 29th, 1699', 'December 1st, 1750']",multiple
Entertainment: Television,medium,"In the show ""The Office"" who does Michael Scott eventually end up with?",Holly Flax,"['Angela Martin', 'Jan Levinson', 'Pam Beesly']",multiple
Entertainment: Video Games,medium,"In Rocket League, you can play Basketball.",True,['False'],boolean
Entertainment: Video Games,hard,"The 'D' in the term ""D-Mail"" from the game ""Steins; Gate"" is short for what?",DeLorean,"['Deep', 'Demo', 'Dev']",multiple
Entertainment: Video Games,medium,Which of these is NOT a name of a playable character in Apex Legends?,Viper,"['Revenant', 'Crypto', 'Wattson']",multiple
Science: Computers,medium,What is the number of keys on a standard Windows Keyboard?,104,"['64', '94', '76']",multiple
Entertainment: Video Games,medium,"Who voices the character ""Vernon Cherry"" in ""Red Dead Redemption""?",Casey Mongillo,"['Tara Strong', 'Troy Baker', 'Rob Wiethoff']",multiple
Entertainment: Music,hard,Who recorded the 1975 album 'Captain Fantastic and the Brown Dirt Cowboy'?,Elton John,"['John Denver', 'Billy Joel', 'Joe Cocker']",multiple
Entertainment: Video Games,hard,"In Stardew Valley, what is the reward for completing all of the Bulletin Board bundles?",Additional Friendship points,"['Glittering Boulder removed', 'Bus is repaired', 'Greenhouse']",multiple
Entertainment: Video Games,medium,"In the video game ""Transistor"", ""Red"" is the name of the main character.",True,['False'],boolean
Science: Computers,easy,What language does Node.js use?,JavaScript,"['Java', 'Java Source', 'Joomla Source Code']",multiple
Entertainment: Video Games,medium,"In ""Team Fortress 2"", the ""Bill's Hat"" is a reference to the game ""Dota 2"".",False,['True'],boolean
Entertainment: Video Games,medium,"What is the perk that was introduced in the ""Call Of Duty: Zombies"" map, ""Mob Of The Dead""?",Electric Cherry,"['Quick Revive', 'Vulture Aid', 'Tombstone']",multiple
General Knowledge,easy,Which American-owned brewery led the country in sales by volume in 2015?,"D. G. Yuengling and Son, Inc","['Anheuser Busch', 'Boston Beer Company', 'Miller Coors']",multiple
Science: Computers,medium,"To bypass US Munitions Export Laws, the creator of the PGP published all the source code in book form. ",True,['False'],boolean
Entertainment: Music,medium,Who is the lead singer of Bastille?,Dan Smith,"['Will Farquarson', 'Kyle Simmons', 'Chris Wood']",multiple
Geography,medium,What's the first National Park designated in the United States?,Yellowstone,"['Sequoia ', 'Yosemite', 'Rocky Mountain']",multiple
Science & Nature,easy,Which of the following bones is not in the leg?,Radius,"['Patella', 'Tibia', 'Fibula ']",multiple
Entertainment: Japanese Anime & Manga,easy,"Who is the armored titan in ""Attack On Titan""?",Reiner Braun,"['Armin Arlelt', 'Mikasa Ackermann', 'Eren Jaeger']",multiple
History,hard,Which of these positions did the astronomer and physicist Isaac Newton not hold?,Surveyor to the City of London,"['Professor of Mathematics', 'Warden of the Royal Mint', 'Member of Parliament']",multiple
Mythology,easy,"In Greek mythology, who is the god of wine?",Dionysus,"['Hephaestus', 'Demeter', 'Apollo']",multiple
Geography,easy,Which ocean borders the west coast of the United States?,Pacific,"['Atlantic', 'Indian', 'Arctic']",multiple
History,medium,Which country gifted the Statue of Liberty to the United States of America?,France,"['Spain', 'England', 'Germany']",multiple
Entertainment: Film,medium,"In what year was the movie ""Police Academy"" released?",1984,"['1986', '1985', '1983']",multiple
Sports,medium,Which nation hosted the FIFA World Cup in 2006?,Germany,"['United Kingdom', 'Brazil', 'South Africa']",multiple
Animals,hard,What bird is born with claws on its wing digits?,Hoatzin,"['Cormorant', 'Cassowary', 'Secretary bird']",multiple
History,easy,To what political party did Abraham Lincoln belong when elected POTUS?,Republican,"['Democrat', 'Independent', 'Whig']",multiple
Animals,hard,Which of these is a colony of polyps and not a jellyfish?,Portuguese Man-of-War,"['Sea Wasp', 'Irukandji', 'Sea Nettle']",multiple
Science: Mathematics,easy,Who proved Fermat's Last Theorem?,Andrew Wiles,"['Leonhard Euler', 'Carl Friedrich Gauss', 'Srinivasa Ramanujan']",multiple
Entertainment: Film,medium,What is Lilo's last name from Lilo and Stitch?,Pelekai,"['Anoaʻi', 'Kealoha', 'Kuʻulei']",multiple
Entertainment: Books,easy,What is the name of the fourth book in Stephen King's The Dark Tower series?,Wizard and Glass,"['Wolves of the Calla', 'Hearts in Atlantis', 'The Dark Half']",multiple
Entertainment: Film,medium,The killer in the 1981 film 'My Bloody Valentine' wears what sort of outfit?,Mining gear,"['Clown costume', 'Santa suit', 'Police uniform']",multiple
Geography,medium,What European country is not a part of the EU?,Norway,"['Lithuania', 'Ireland', 'Czechia']",multiple
Entertainment: Video Games,easy,"In Minecraft, which two items must be combined to craft a torch?",Stick and Coal,"['Stick and Fire', 'Wood and Coal', 'Wood and Fire']",multiple
Entertainment: Video Games,hard,"Which game in the ""Halo"" series has the strongest iteration of the shotgun?",Halo: Combat Evolved,"['Halo 2', 'Halo 3', 'Halo: Reach']",multiple
Entertainment: Video Games,medium,When was Club Penguin launched?,"October 24, 2005","['October 21, 2005', 'March 29, 2006', 'November 22, 2004']",multiple
Entertainment: Music,medium,"Who released the 1991 album ""Out of Time""?",R.E.M.,"['U2', 'Coldplay', 'The Rolling Stones']",multiple
Entertainment: Film,easy,"Who plays Jack Burton in the movie ""Big Trouble in Little China?""",Kurt Russell,"['Patrick Swayze', 'John Cusack', 'Harrison Ford']",multiple
Sports,medium,Who was the top scorer of the 2014 FIFA World Cup?,James Rodríguez,"['Thomas Müller', 'Lionel Messi', 'Neymar']",multiple
Entertainment: Video Games,medium,Which of these is not a Fallout protagonist?,Tunnel Snake,"['Courier', 'Lone Wanderer', 'Vault Dweller']",multiple
Entertainment: Board Games,easy,The top human players can easily beat the top computers at chess,False,['True'],boolean
Politics,hard,Who is the only US president to serve two non-consecutive terms in office?,Grover Cleveland,"['James K. Polk', 'Franklin D. Roosevelt', 'Thomas Jefferson']",multiple
Sports,medium,Which of these track-and-field events is NOT included in the Olympic men's decathlon?,Hammer throw,"['Pole vault', 'Long jump', 'Shot put']",multiple
Science: Computers,medium,"When did the online streaming service ""Mixer"" launch?",2016,"['2013', '2009', '2011']",multiple
Science: Computers,medium,What does the 'S' in the RSA encryption algorithm stand for?,Shamir,"['Secure', 'Schottky', 'Stable']",multiple
Entertainment: Video Games,easy,In which year did the orignal Sims game release?,2000,"['2001', '1999', '1998']",multiple
Animals,hard,Which species of Brown Bear is not extinct?,Syrian Brown Bear,"['California Grizzly Bear', 'Atlas Bear', 'Mexican Grizzly Bear']",multiple
Mythology,medium,What is the name of the Greek god of peaceful deaths?,Thanatos,"['Tartarus', 'Hades', 'Moros']",multiple
Entertainment: Video Games,medium,"The first Maxis game to feature the fictional language ""Simlish"" was The Sims (2000).",False,['True'],boolean
History,medium,"Who led France during the ""Reign of Terror"" ?",Maximilien Robespierre,"['Napoleon Bonaparte', 'Jean-Paul Marat', 'Louis XVI']",multiple
General Knowledge,medium,Coca-Cola's original colour was green.,False,['True'],boolean
Entertainment: Video Games,medium,"In the game Paper Mario for the Nintendo 64 the first partner you meet is a Goomba, what is its name?",Goombario,"['Goombella', 'Goombarry', 'Goomby']",multiple
History,medium,The Hundred Years' War was fought for more than a hundred years.,True,['False'],boolean
Entertainment: Music,easy,Which of the following songs was not originally released by Sir Elton John? ,You'll Be In My Heart,"['Crocodile Rock', 'Candle in the Wind', ""I Don't Wanna Go On With You Like That""]",multiple
History,easy,"Who was among those killed in the 2010 Smolensk, Russia plane crash tragedy?",The Polish President,"['Pope John Paul II', 'Bang-Ding Ow', 'Albert Putin']",multiple
Geography,medium,What is the largest lake in the African continent?,Lake Victoria,"['Lake Tanganyika', 'Lake Malawi', 'Lake Turkana']",multiple
Entertainment: Television,medium,"In ""Spongebob Squarepants,"" what is Mr. Krabs' full name?",Eugene H. Krabs,"['Eugene G. Krabs', 'Eugene J. Krabs', 'Eugene D. Krabs']",multiple
Entertainment: Video Games,medium,"In Monster Hunter Generations, guild style is a type of hunting style.",True,['False'],boolean
Entertainment: Video Games,hard,"In the SHMUP series, ""Darius"", what is the name of the antagonist faction you fight against?",Belsar,"['Bacterion', 'Bydo', 'Orn Empire']",multiple
Entertainment: Video Games,medium,"Which character is from ""Splatoon""?",Marie,"['Cyrus', 'Palutena', 'Shulk']",multiple
Entertainment: Video Games,hard,Where are Terror Fiends more commonly found in the Nintendo game Miitopia?,New Lumos,"['Peculia', 'The Sky Scraper', 'Otherworld']",multiple
Entertainment: Video Games,easy,"In Slay the Spire, which of the following is NOT a playable character?",Stoneheart,"['Silent', 'Defect', 'Ironclad']",multiple
Entertainment: Film,hard,"Which one of these films did David Lynch direct, but not write?",The Straight Story,"['Inland Empire', 'Lost Highway', 'Twin Peaks Fire Walk With Me']",multiple
Entertainment: Music,medium,Which of the following is NOT a song in BROCKHAMPTON's SATURATION album series?,LAMB,"['HOTTIE', 'SWAMP', 'BUMP']",multiple
General Knowledge,easy,"On average, at least 1 person is killed by a drunk driver in the United States every hour.",True,['False'],boolean
Geography,easy,The Alps are a mountain range on which continent?,Europe,"['North America', 'Asia', 'Africa']",multiple
General Knowledge,easy,What kind of aircraft was developed by Igor Sikorsky in the United States in 1942?,Helicopter,"['Stealth Blimp', 'Jet', 'Space Capsule']",multiple
Entertainment: Video Games,hard,"In the ""Call Of Duty: Zombies"" map ""Origins"", where is ""Stamin-Up"" located?",Generator 5,"['Generator 3', 'Generator 4', 'Excavation Site']",multiple
Entertainment: Music,medium,"Which of these artists was NOT a member of the electronic music supergroup Swedish House Mafia, which split up in 2013?",Alesso,"['Steve Angello', 'Sebastian Ingrosso', 'Axwell']",multiple
Entertainment: Film,hard,"""Cube"", ""Cube 2: Hypercube"" and ""Cube Zero"" were directed by the same person.",False,['True'],boolean
Entertainment: Books,medium,"What was the last message of the Dolphins in ""The Hitchhiker's Guide to the Galaxy""?","""So long, and thanks for all the fish.""","['""The answer is 42.""', '""Land of the brave.""', '""Goodbye cruel world!""']",multiple
Science: Mathematics,medium,"You can square root a negative number with an imaginary number ""i"".",True,['False'],boolean
Entertainment: Video Games,hard,What is the name of the virus that infected New York in Tom Clancy's The Division?,Dollar Flu,"['Ebola', 'Red Poison', 'Smallpox']",multiple
Celebrities,medium,Which television show has Dan Gheesling been on?,Big Brother,"['Jeopardy', 'Survivor', 'The Bachelor']",multiple
Science & Nature,hard,Which is the chemical name of H2O?,Dihydrogen Monoxide,"['Ammonium chloride', 'Anhydrous Sodium Carbonate', 'Manganese dioxide']",multiple
Science: Computers,easy,What does GHz stand for?,Gigahertz,"['Gigahotz', 'Gigahetz', 'Gigahatz']",multiple
Entertainment: Books,medium,"In The Lies of Locke Lamora, what title is Locke known by in the criminal world?",The Thorn of Camorr,"['The Rose of the Marrows', 'The Thorn of Emberlain', 'The Thorn of the Marrows']",multiple
Entertainment: Film,medium,Who voiced the character Draco in the 1996 movie 'DragonHeart'?,Sean Connery,"['Dennis Quaid', 'Pete Postlethwaite', 'Brian Thompson']",multiple
Entertainment: Music,hard,"Panic! At the Disco's sixth album ""Pray For The Wicked"" was released on which date?","June 22, 2018","['May 9, 2018', 'March 13, 2018', 'February 21, 2018']",multiple
General Knowledge,medium,Which mountain has the highest peak in Africa?,"Mount Kilimanjaro, Tanzania","['Mount Kenya, Kenya', 'Mount Stanley, DR Congo/Uganda', 'Mount Speke, Uganda']",multiple
Entertainment: Video Games,hard,"In World of Warcraft lore, which of the following is known as the God of Spiders in the troll's loa beliefs?",Elortha no Shadra,"['Bwonsamdi', 'Hakkar', 'Shirvallah']",multiple
Entertainment: Music,medium,Which of these is NOT an album released by The Beatles?,The Wall,"['Abbey Road', 'Magical Mystery Tour', 'Revolver']",multiple
Entertainment: Video Games,easy,Which of the following Elite Four members from the 6th Generation of Pokémon was a member of Team Flare?,Malva,"['Siebold', 'Wikstrom', 'Drasna']",multiple
General Knowledge,medium,Furby was released in 1998.,True,['False'],boolean
Science & Nature,hard,An organic compound is considered an alcohol if it has what functional group?,Hydroxyl,"['Carbonyl', 'Alkyl', 'Aldehyde']",multiple
Celebrities,hard,"What was the religion of famous singer ""Freddie Mercury""?",Zoroastrianism,"['Paganism', 'Ashurism', 'Judaism']",multiple
General Knowledge,easy,What is the name of the alcoholic beverage made from potatoes or grains that originates from Poland and Russia?,Vodka,"['Absinthe', 'Rum', 'Sake']",multiple
Entertainment: Television,hard,The Klingon home planet is Qo'noS.,True,['False'],boolean
Entertainment: Musicals & Theatres,hard,"The protagonist's names in 'Who's Afraid of Virginia Woolf', George and Martha, were derived from George Washington and his wife.",True,['False'],boolean
Entertainment: Video Games,hard,"In the video game Undertale, what Fun Value is required to obtain the Fake Hallway?",66,"['91', '45', '39']",multiple
Entertainment: Video Games,medium,"In Portal, the Companion Cube's ARE sentient.",True,['False'],boolean
General Knowledge,medium,What is the world's most expensive spice by weight?,Saffron,"['Cinnamon', 'Cardamom', 'Vanilla']",multiple
Science & Nature,medium,What term is best associated with Sigmund Freud?,Psychoanalysis,"['Cognitive-Behavioral Therapy', 'Theory of Gravity', 'Dialectical Behavior Therapy']",multiple
Entertainment: Music,easy,Which song is NOT by singer Tom Jones?,Never Gonna Give You Up,"[""It's Not Unusual"", ""What's New Pussycat"", 'Delilah']",multiple
General Knowledge,hard,In the fictional SCP universe what “Object Class” is given to SCP’s that cannot be contained.,Apollyon,"['Thaumiel', 'Keter-Thaumiel', 'Esoteric/Narrative Classes']",multiple
Entertainment: Japanese Anime & Manga,easy,Clefairy was intended to be Ash's starting Pokémon in the pilot episode of the cartoon.,True,['False'],boolean
Geography,medium,Which one of these archipelagos are NOT a part of the United Kingdom?,The Channel Islands ,"['Orkney Islands', 'Isles of Scilly', 'Shetland Islands ']",multiple
Entertainment: Japanese Anime & Manga,medium,The main protagonist of the fifth part of JoJo's Bizarre Adventure is which of the following?,Giorno Giovanna,"['Guido Mista', 'Jonathan Joestar', 'Joey JoJo']",multiple
Entertainment: Japanese Anime & Manga,medium,"What is the name of the main character of the anime ""One-Punch Man""?",Saitama,"['Genos', 'Sonic', 'King']",multiple
Science & Nature,medium,Which of the following is NOT a passive electrical component?,Transistor,"['Resistor', 'Capacitor', 'Inductor']",multiple
Entertainment: Video Games,easy,When was Minecraft first released to the public?,"May 17th, 2009","['September 17th, 2009', 'November 18th, 2011', 'October 7th, 2011']",multiple
Science & Nature,easy,The human heart has how many chambers?,4,"['2', '6', '3']",multiple
Science & Nature,hard,What is the same in Celsius and Fahrenheit?,-40,"['32', '-39', '-42']",multiple
Entertainment: Video Games,easy,Who is the creator of the Super Smash Bros. Series?,Masahiro Sakurai,"['Reggie Fils-Aimé', 'Bill Trinen', 'Hideo Kojima']",multiple
History,easy,Vikings were the first Europeans to discover North America.,True,['False'],boolean
Science & Nature,medium,The human right lung has how many lobes?,3,"['4', '2', '1']",multiple
Celebrities,medium,What is Doug Walker's YouTube name?,The Nostalgia Critic,"['The Angry Video Game Nerd', 'AngryJoeShow', 'The Cinema Snob']",multiple
Entertainment: Video Games,hard,"In the game Warframe, what Mastery Rank do you need to have to build the Tigris Prime?",13,"['6', '18', '10']",multiple
General Knowledge,medium,What is the defining characteristic of someone who is described as hirsute?,Hairy,"['Rude', 'Funny', 'Tall']",multiple
Entertainment: Video Games,hard,"Given that all party members are maxed, who is the fastest party member in Super Mario RPG: Legend of The Seven Stars?",Geno,"['Mario', 'Bowser', 'Peach']",multiple
Entertainment: Video Games,medium,"Which of these songs does NOT play during the Ruins segments of the 2015 game ""Undertale""?",Another Medium,"['Anticipation', 'Unnecessary Tension', 'Ruins']",multiple
Geography,medium,All of the following are towns/villages in the Pacific Island nation of Kiribati EXCEPT:,Urutora,"['Rungata', 'London', 'Washington']",multiple
Entertainment: Video Games,easy,"In Pokémon, Arbok evolves into Seviper.",False,['True'],boolean
Entertainment: Board Games,hard,"When Magic: The Gathering was first solicited, which of the following was it originally titled?",Mana Clash,"['Magic', 'Magic Clash', 'Mana Duels']",multiple
Entertainment: Board Games,medium,Which of the following characters is not in the board game Clue?,Mister Indigo,"['Colonel Mustard', 'Reverend Green', 'Miss Scarlet']",multiple
History,hard,Which English king was married to Eleanor of Aquitaine?,Henry II,"['Richard I', 'Henry I', 'Henry V']",multiple
Science & Nature,easy,How many bones are in the human body?,206,"['203', '209', '200']",multiple
Entertainment: Books,medium,Which of these books was NOT written by the Czech author Karel Čapek?,Journey to the Center of the Earth,"['The War with the Newts', ""R.U.R. (Rossum's Universal Robots)"", 'Dashenka, or the Life of a Puppy']",multiple
Geography,easy,"What is the largest country, by area, that has only one time zone?",China,"['Canada', 'India', 'Russia']",multiple
Animals,easy,Hippocampus is the Latin name for which marine creature?,Seahorse,"['Dolphin', 'Whale', 'Octopus']",multiple
Entertainment: Music,medium,Which of the following bands is Tom DeLonge not a part of?,+44,"['Box Car Racer', 'Blink-182', 'Angels & Airwaves']",multiple
Entertainment: Television,easy,"In the show, Doctor Who, what does T.A.R.D.I.S stand for?",Time And Relative Dimensions In Space,"['Time And Resting Dimensions In Space', 'Time And Relative Dimensions In Style', 'Toilet Aid Rope Dog Is Soup']",multiple
Entertainment: Music,medium,Which one of these rappers is NOT a member of the rap group Wu-Tang Clan?,Dr.Dre,"[""Ol' Dirty Bastard"", 'GZA', 'Method Man']",multiple
Entertainment: Music,medium,"Which chain restaurant increased sales after it was mentioned in the 2016 Beyoncé song: ""Formation""?",Red Lobster,"['Outback Steakhouse', 'TGI Fridays', ""Applebee's""]",multiple
Entertainment: Japanese Anime & Manga,hard,"""Silhouette"", a song performed by the group 'KANA-BOON' is featured as the sixteenth opening of which anime?",Naruto: Shippūden,"['One Piece', 'Naruto', 'Gurren Lagann']",multiple
General Knowledge,hard,"NCIS stands for ""Navy Corps Investigative Service""",False,['True'],boolean
Entertainment: Video Games,medium,"In ""Super Mario World 2: Yoshi's Island"", which of these colors is NOT represented by a Yoshi?",White,"['Purple', 'Brown', 'Red']",multiple
Entertainment: Music,medium,What album did Gorillaz release in 2017?,Humanz,"['Plastic Beach', 'The Fall', 'Demon Days']",multiple
Science: Gadgets,medium,Which company manufactured the iconic TR-808 drum machine?,Roland,"['Technics', 'Korg', 'Casio']",multiple
Science & Nature,easy,What organelle aids in synthesis of DNA in cells?,Ribosomes,"['Nuclei', 'Lysosomes', 'Mitochondria']",multiple
Science & Nature,medium,The medical condition osteoporosis affects which part of the body?,Bones,"['Skin', 'Brain', 'Heart']",multiple
Entertainment: Comics,medium,Which of these game-based comics were published in 2011 by DC Comics?,Infamous,"['Left 4 Dead: The Sacrifice', 'Prototype', 'Kane & Lynch']",multiple
Entertainment: Video Games,hard,"The Paradox Interactive game ""Stellaris"" was released in 2016.",True,['False'],boolean
Entertainment: Comics,hard,"Which of the following rings from the DC Comics' ""Lantern Corps"" are classified as Parasitic?",Indigo (Compassion),"['Green (Willpower)', 'White (Life)', 'Yellow (Fear)']",multiple
Entertainment: Board Games,medium,Which of the following is not a color of mana in Magic: The Gathering?,Yellow,"['White', 'Green', 'Blue']",multiple
Politics,medium,Helen Clark was the 37th Prime Minister of Australia.,False,['True'],boolean
Science & Nature,medium,What was the first living creature in space?,Fruit Flies ,"['Monkey', 'Dog', 'Mouse']",multiple
Entertainment: Video Games,medium,"Which pop singer was brought in by SEGA to produce the music for ""Sonic the Hedgehog 3""?",Michael Jackson ,"['Prince', 'George Michael', 'Vanilla Ice ']",multiple
General Knowledge,medium,Which language is NOT Indo-European?,Hungarian,"['Russian', 'Greek', 'Latvian']",multiple
Geography,medium,In which English county is the city of Portsmouth?,Hampshire,"['Oxfordshire', 'Buckinghamshire', 'Surrey']",multiple
Entertainment: Film,medium,"The movie ""The Rocky Horror Picture Show"" (1975) opens with giant floating lips singing the opening song",True,['False'],boolean
Geography,hard,What is the area of Vatican City?,0.44km^2,"['0.10km^2', '0.86km^2', '12.00km^2']",multiple
General Knowledge,easy,"Who is the origin of the quote ""What doesn't kill you makes you stronger""?",Friedrich Nietzsche,"[' G. Gordon Liddy', 'Kelly Clarkson', 'Christopher Hitchens']",multiple
Science: Computers,medium,Approximately how many Apple I personal computers were created?,200,"['100', '500', '1000']",multiple
Entertainment: Television,easy,"In Supernatural, what's is Sam's brothers name?",Dean,"['Dave', 'Steve', 'Mike']",multiple
Science & Nature,medium,Which portion of the Marijuana plant produces the psychoactive substance known as THC?,Female Flower,"['Leaves', 'Male Flower', 'Root Ball']",multiple
Entertainment: Books,easy,"This play is generally considered to be the most adaptable of Shakespeare’s works, and follows two “star-crossed lovers”.",Romeo and Juliet,"['Hamlet', 'The Tempest', 'King Lear']",multiple
General Knowledge,easy,When someone is inexperienced they are said to be what color?,Green,"['Red', 'Blue', 'Yellow']",multiple
Science: Computers,easy,How many bits are commonly in a single byte?,Eight bits,"['Six bits', 'Twelve bits', ' Fifteen bits']",multiple
Mythology,easy,"According to Greek Mythology, Zeus can control lightning.",True,['False'],boolean
Entertainment: Film,medium,"In the Mad Max franchise, what type of car is the Pursuit Special driven by Max?",Ford Falcon,"['Holden Monaro', 'Chrysler Valiant Charger', 'Pontiac Firebird']",multiple
Entertainment: Music,medium,"How many studio albums have the heavy metal band, 'Metallica' released in the period between 1983 and 2016?",10,"['7', '9', '12']",multiple
Entertainment: Books,hard,In which classic novel is there a character named Homer Simpson?,The Day of the Locust,"['Catch-22', 'Of Mice and Men', 'A Separate Peace']",multiple
Entertainment: Music,hard,"What is the stage name of New Zealand singer Phillipa ""Pip"" Brown?",Ladyhawke,"['Lorde', 'Kesha', 'Anika Moa']",multiple
Geography,medium,What tiny principality lies between Spain and France?,Andorra,"['Liechtenstein', 'Monaco', 'San Marino']",multiple
Entertainment: Video Games,easy,"Gordon Freeman, the protagonist of ""Half-Life"", is said to have once had a ponytail.",True,['False'],boolean
General Knowledge,medium,Which mountain has the highest peak in Europe?,"Mount Elbrus, Russia","['Shkhara, Georgia', 'Mount Ararat, Turkey', 'Mont Blanc, France']",multiple
History,medium,The seed drill was invented by which British inventor?,Jethro Tull,"['Charles Babbage', 'Isaac Newton', 'J.J Thomson']",multiple
Entertainment: Music,hard,"Which of these artists did NOT remix the song ""Faded"" by Alan Walker?",Skrillex,"['Tiësto', 'Slushii', 'Dash Berlin']",multiple
History,medium,"Which U.S. president took part in the Potsdam Conference, where the Allies reached a peace settlement with Germany?",Harry S. Truman,"['Dwight D. Eisenhower', 'Franklin D. Roosevelt', 'Herbert Hoover']",multiple
Entertainment: Film,medium,"In the film ""John Wick"" why does John Wick get out of retirement?",His puppy is killed and his car was stolen,"['He was punched in the face', 'He got mugged', 'He needed money']",multiple
Entertainment: Music,medium,"Which of these songs is not on the ""untitled"" album by Led Zeppelin?",Celebration Day,"['Stairway to Heaven', 'Black Dog', 'Rock and Roll']",multiple
Mythology,medium,"The Hippogriff, not to be confused with the Griffon, is a magical creature with the front half of an eagle, and the back half of what?",A Horse,"['A Dragon', 'A Tiger', 'A Lion']",multiple
Entertainment: Music,medium,Which one of these people has been in the band ''Metallica'' in the past?,Dave Mustaine,"['Kurt Cobain', 'Joey Belladonna', 'Dave Lombardo']",multiple
History,hard,The Arab Spring was a series of protests and rebellions that began in which of these Arab nations?,Tunisia,"['Morocco', 'Syria', 'Egypt']",multiple
Entertainment: Video Games,medium,What video game genre were the original Warcraft games?,RTS (Real Time Strategy),"['RPG (Role Playing Game)', 'TBS (Turn Based Strategy)', 'MMO (Massively Multiplayer Online)']",multiple
Entertainment: Video Games,easy,Which of 2 Valve Games are set in the same universe?,Half-life and Portal,"['Portal and Left 4 Dead', 'Half-life and Left 4 Dead', 'Half-life and Counter Strike']",multiple
Entertainment: Video Games,medium,"In ""Halo 2"", what is the name of the monitor of Installation 05?",2401 Penitent Tangent,"['343 Guilty Spark', '031 Exuberant Witness', '252 Biodis Expolsion']",multiple
Entertainment: Television,easy,"Which of these characters in ""Stranger Things"" has the power of Telekinesis?",Eleven,"['Mike', 'Lucas', 'Karen']",multiple
Science & Nature,easy,Which of the following blood vessels carries deoxygenated blood?,Pulmonary Artery,"['Pulmonary Vein', 'Aorta', 'Coronary Artery']",multiple
Entertainment: Video Games,hard,"In the SHMUP series, ""Gradius"", what is the name of the antagonist faction you fight against?",Bacterion,"['Bydo', 'Belsar', 'ORN Empire']",multiple
Entertainment: Music,easy,Which member of the Foo Fighters was previously the drummer for Nirvana?,Dave Grohl,"['Taylor Hawkins', 'Nate Mendel', 'Chris Shiflett']",multiple
Entertainment: Japanese Anime & Manga,hard,"In ""Hunter x Hunter"", which of the following is NOT a type of Nen aura?",Restoration,"['Emission', 'Transmutation', 'Specialization']",multiple
Mythology,easy,Who was the only god from Greece who did not get a name change in Rome?,Apollo,"['Demeter', 'Zeus', 'Athena']",multiple
Entertainment: Video Games,medium,Nintendo started out as a playing card manufacturer.,True,['False'],boolean
Entertainment: Video Games,medium,"What animal is featured in ""Bloons TD Battles""?",Monkeys,"['Alligators', 'Pigeons', 'Lizards']",multiple
Entertainment: Video Games,medium,"In Left 4 Dead, what is the name of the virus, as designated by CEDA, that causes most humans to turn into the Infected?",Green Flu,"['Yellow Fever', 'T-Virus', 'Raspberry Sniffles']",multiple
Entertainment: Music,medium,"How many copies have Metallica album ""Metallica"" (A.K.A The Black Album) sold worldwide (in Millions of Copies)?",20.5,"['19.5', '22.5', '25.5']",multiple
History,medium,"In 1967, a magazine published a story about extracting hallucinogenic chemicals from bananas to raise moral questions about banning drugs.",True,['False'],boolean
Science: Gadgets,medium,What are the base station trackers used for the HTC Vive called?,Lighthouse,"['Motion', 'Constellation ', 'Trackers']",multiple
Animals,easy,What color is a Steller's Jay?,blue and black,"['blue and grey', 'blue and white', 'grey and black']",multiple
General Knowledge,medium,This field is sometimes known as “The Dismal Science.”,Economics,"['Philosophy', 'Politics', 'Physics']",multiple
Entertainment: Music,easy,Which of the following is an album by punk rock band Anti-Flag?,For Blood And Empire,"['Infinity On High', '21st Century Breakdown', 'No Pads, No Helmets...Just Balls']",multiple
Mythology,easy,What mytological creatures have women's faces and vultures' bodies?,Harpies,"['Mermaids', 'Nymph', 'Lilith']",multiple
Science: Computers,medium,What five letter word is the motto of the IBM Computer company?,Think,"['Click', 'Logic', 'Pixel']",multiple
Sports,easy,What team won the 2016 MLS Cup?,Seattle Sounders,"['Colorado Rapids', 'Toronto FC', 'Montreal Impact']",multiple
Science: Mathematics,easy,Which of the following is not one of the seven Millennium Prize Problems?,Naviér conjecture,"['Birch and Swinnerton-Dyer Conjecture', 'Riemann hypothesis', 'Poincaré conjecture']",multiple
Entertainment: Music,medium,"Which alternative rock band released the critically-acclaimed album ""OK Computer""?",Radiohead,"['R.E.M.', 'Nirvana', 'Coldplay']",multiple
Entertainment: Video Games,easy,"In the Super Mario series, the character Pauline is a Princess like Princess Peach.",False,['True'],boolean
Science & Nature,hard,"The word ""science"" stems from the word ""scire"" meaning what?",To know,"['To measure', 'To live', 'To count']",multiple
History,hard,When did the French Revolution begin?,May 05 1789,"['April 12 1789', 'April 05 1789', 'May 06 1799']",multiple
Entertainment: Video Games,hard,What was the world's first video game?,Draughts,"['Spacewar!', 'Pong', 'Space Travel']",multiple
Entertainment: Music,hard,What album is the song 'New Slang' by The Shins found on?,"Oh, Inverted World","['Wincing The Night Away', 'Chutes Too Narrow', 'Port Of Morrow']",multiple
Entertainment: Video Games,hard,"In Halo 2, how many rounds does the M6C hold in a single magazine?",12,"['6', '36', '18']",multiple
Entertainment: Television,easy,"Which company has exclusive rights to air episodes of the ""The Grand Tour""?",Amazon,"['Netflix', 'BBC', 'CCTV']",multiple
General Knowledge,medium,Albert Einstein had trouble with mathematics when he was in school.,False,['True'],boolean
History,hard,The Second Boer War in 1899 was fought where?,South Africa,"['Argentina', 'Nepal', 'Bulgaria']",multiple
Entertainment: Video Games,hard,"In the indie farming game ""Stardew Valley"", which NPC hates the ""prismatic shard"" item when received as a gift?",Haley,"['Abigail ', 'Elliott', 'Lewis']",multiple
Entertainment: Video Games,easy,"Which of the following is a class in the game ""Hearthstone""?",Priest,"['Sage', 'Cleric', 'Monk']",multiple
Geography,medium,"In Washington, D.C. what does the ""C"" stand for?",Columbia,"['Caledonia', 'Corinthia', 'City']",multiple
Geography,medium,What mountain range lines the border between Spain and France?,Pyrenees,"['Alps', 'Carpathians', 'Urals']",multiple
Entertainment: Video Games,hard,The creeper in Minecraft was the result of a bug while implementing which creature?,Pig,"['Zombie', 'Chicken', 'Cow']",multiple
Entertainment: Film,medium,"Who plays ""Bruce Wayne"" in the 2008 movie ""The Dark Knight""?",Christian Bale,"['Michael Caine', 'Ron Dean', 'Heath Ledger']",multiple
Science & Nature,hard,"What does the term ""isolation"" refer to in microbiology?","The separation of a strain from a natural, mixed population of living microbes","['A lack of nutrition in microenviroments', 'The nitrogen level in soil', 'Testing effects of certain microorganisms in an isolated enviroments, such as caves']",multiple
General Knowledge,easy,What do the letters of the fast food chain KFC stand for?,Kentucky Fried Chicken,"['Kentucky Fresh Cheese', 'Kibbled Freaky Cow', 'Kiwi Food Cut']",multiple
Entertainment: Video Games,medium,Resident Evil 4 was originally meant to be a Nintendo GameCube exclusive.,True,['False'],boolean
Entertainment: Video Games,hard,"In Animal Crossing: New Leaf, which of these paintings from Redd's Art Gallery is always genuine?",Warm Painting,"['Jolly Painting', 'Neutral Painting', 'Wistful Painting']",multiple
Entertainment: Video Games,medium,Which company developed the MMO Spiral Knights (2011)?,Three Rings Design,"['Sega', 'Electronic Arts', 'Double Fine']",multiple
Science: Mathematics,medium,What is the Roman numeral for 500?,D,"['L', 'C', 'X']",multiple
Geography,medium,All of the following countries have official claims to territory in Antartica EXCEPT:,United States,"['Australia', 'Chile', 'Norway']",multiple
Entertainment: Video Games,medium,Which of these Fortnite emotes does NOT involve a sport in some way?,Freestylin',"['Red Card', 'Kick Ups', 'Baller']",multiple
Sports,easy,"Which country produced football players such as Cafu, Roberto Carlos and Pelé?",Brazil,"['Argentina', 'Portugal', 'Spain']",multiple
Entertainment: Video Games,easy,"Which of the following characters from the game ""Overwatch"" was revealed to be homosexual in December of 2016?",Tracer,"['Widowmaker', 'Sombra', 'Symmetra']",multiple
Entertainment: Video Games,medium,"In ""Call Of Duty: Zombies"", which map introduced the perk ""PhD Flopper""?",Ascension,"['Moon', 'Call Of The Dead', 'Die Rise']",multiple
Entertainment: Film,medium,Which retired American football quarterback played himself in 'Ace Ventura: Pet Detective' and 'Little Nicky'?,Dan Marino,"['John Elway', 'Tom Brady', 'Joe Montana']",multiple
Entertainment: Music,medium,Which rapper had an album that went double platinum with no features?,J. Cole,"['Kendrick Lamar', 'Drake', 'Big Sean']",multiple
Entertainment: Video Games,easy,Luigi is taller than Mario?,True,['False'],boolean
Entertainment: Film,medium,"In the 2010 Nightmare on Elm Street reboot, who played Freddy Kruger?",Jackie Earle Haley,"['Tyler Mane', 'Derek Mears', 'Gunnar Hansen']",multiple
Entertainment: Video Games,medium,What was the name of the protagonist of Metal Gear Solid V: The Phantom Pain?,"Punished ""Venom"" Snake","['Miller', 'Solid Snake', 'Ocelot']",multiple
Entertainment: Video Games,medium,Who was Tetris created by?,Alexey Pajitnov,"['Toru Iwatani', 'Allan Alcorn', 'William Higinbotham']",multiple
Geography,easy,The country of Belize borders which country?,Guatemala,"['Laos', 'Perú', 'Kenya']",multiple
Entertainment: Cartoon & Animations,easy,Which Teenage Mutant Ninja Turtle traditionally wears an orange bandana?,Michelangelo,"['Leonardo', 'Donatello', 'Raphael']",multiple
Entertainment: Music,easy,Who is the lead singer of Arctic Monkeys?,Alex Turner,"['Jamie Cook', 'Matt Helders', ""Nick O'Malley""]",multiple
Entertainment: Video Games,easy,In the Yakuza series who is the Dragon of Dojima?,Kazuma Kiryu,"['Sohei Dojima', 'Ryuji Goda', 'Haruka Sawamura']",multiple
Geography,medium,The land mass of modern day Turkey is called what?,Anatolia,"['Ismuth of Ottoma', 'Ottoma', 'Ismuth of Anatolia']",multiple
Entertainment: Video Games,medium,Which of these games was NOT a Nintendo Switch launch title in the United States? ,Voez,"['Just Dance 2017', 'Snipperclips', 'Fast RMX']",multiple
Geography,easy,"Until 1939, Laos was called Siam.",False,['True'],boolean
Entertainment: Japanese Anime & Manga,medium,"Which band name isn't a Stand in ""JoJo's Bizarre Adventure""?",AC/DC,"['Green Day', 'Survivor', 'Red Hot Chili Peppers']",multiple
General Knowledge,medium,"Which American manufactured submachine gun was informally known by the American soldiers that used it as ""Grease Gun""?",M3,"['Colt 9mm', 'Thompson', 'MAC-10']",multiple
Entertainment: Television,easy,"What is the name of the main character in ""The Flash"" TV series?",Barry Allen,"['Oliver Queen', 'Bart Allen', 'Bruce Wayne']",multiple
Entertainment: Television,easy,"In ""Star Trek"", Klingons are aliens.",True,['False'],boolean
History,hard,Which of the following Physicists aided Nazi Germany in their production of a nuclear weapon?,Werner Heisenberg,"['John von Neumann', 'Albert Einstein', 'Max Planck']",multiple
Entertainment: Japanese Anime & Manga,hard,"What year was ""JoJo's Bizarre Adventure: Phantom Blood"" first released?",1987,"['2013', '1983', '1995']",multiple
Vehicles,medium,Arriva is owned by the Deutsche Bahn.,True,['False'],boolean
Entertainment: Comics,easy,Which superhero is known for his super speed?,Flash,"['Superman', 'Batman', 'Spiderman']",multiple
Entertainment: Music,medium,Grand Theft Autumn/Where Is Your Boy is a song by which band?,Fall Out Boy,"['Panic! At The Disco', 'Paramore', 'Blink-182']",multiple
Entertainment: Video Games,easy,"In the game ""DELTARUNE"", what is Ralsei's special ability?",Pacify,"['Persuade', 'Eliminate', 'Hug']",multiple
Entertainment: Music,medium,What was the name of the Wu-Tang Clan album Martin Shkreli bought for $2 million dollars?,Once Upon a Time in Shaolin,"['A Better Tomorrow', '8 Diagrams', 'The Saga Continues']",multiple
Entertainment: Japanese Anime & Manga,easy,"The anime ""Lucky Star"" follows the story of one girl who is unaware she is God.",False,['True'],boolean
Entertainment: Video Games,medium,"In Yakuza 0, what is the order of the fighting styles acquired as Kazuma Kiryu?","Brawler, Rush, Beast, Legend","['Legend, Rush, Brawler, Beast', 'Brawler, Beast, Rush, Legend', 'Beast, Brawler, Rush, Legend']",multiple
Science & Nature,hard,Frederick Banting and John Macleod won a Nobel Prize for their contributions to the scientific fields of quantum mechanics.,False,['True'],boolean
General Knowledge,easy,Waluigi's first appearance was in what game?,Mario Tennis 64 (N64),"['Wario Land: Super Mario Land 3', 'Mario Party (N64)', 'Super Smash Bros. Ultimate']",multiple
Entertainment: Film,easy,"What is the orange and white bot's name in ""Star Wars: The Force Awakens""?",BB-8,"['BB-3', 'AA-A', 'R2-D2']",multiple
Entertainment: Japanese Anime & Manga,medium,"In ""Little Witch Academia"", what is Shiny Chariot's alias at Luna Nova Academy?",Ursula Callistis,"['Croix Meridies', 'Miranda Holbrook', 'Anne Finnelan']",multiple
Animals,easy,Rabbits are rodents.,False,['True'],boolean
History,medium,"After his loss at the Battle of Waterloo, Napoleon Bonaparte was exiled to which island?",St. Helena,"['Elba', 'Corsica', 'Canary']",multiple
Entertainment: Books,easy,"What was the name of Captain Nemo's submarine in ""20,000 Leagues Under the Sea""?",The Nautilus,"['The Neptune', 'The Poseidon  ', 'The Atlantis']",multiple
History,hard,In which year did the Tokyo Subway Sarin Attack occur?,1995,"['2001', '2011', '1991']",multiple
General Knowledge,easy,The tale of Robin Hood originates from which country?,England,"['France', 'Portugal', 'Scotland']",multiple
Entertainment: Video Games,easy,In what year was Hearthstone released?,2014,"['2011', '2013', '2012']",multiple
Entertainment: Video Games,easy,"In the ""Hitman"" series, what is the name of the main character?",Agent 47,"['Agent 27', 'Agent Smith', 'Agent 67']",multiple
Sports,medium,Wilt Chamberlain scored his infamous 100-point-game against the New York Knicks in 1962.,True,['False'],boolean
Entertainment: Music,medium,What was the first music video to be broadcast on MTV?,Video Killed the Radio Star,"['Take On Me', 'Walk This Way', 'Hungry Like the Wolf']",multiple
Geography,medium,What is the capital of Seychelles?,Victoria,"['Luanda', ""N'Djamena"", 'Tripoli']",multiple
Animals,easy,What is the fastest  land animal?,Cheetah,"['Lion', 'Thomson’s Gazelle', 'Pronghorn Antelope']",multiple
Entertainment: Video Games,medium,What is the lowest amount of max health you can have in Team Fortress 2?,70,"['100', '50', '95']",multiple
History,easy,Which one of these countries was NOT in the Central Powers during WWI?,Spain,"['Austria-Hungary', 'Turkey', 'Germany']",multiple
Animals,medium,What are rhino's horn made of?,Keratin,"['Bone', 'Ivory', 'Skin']",multiple
General Knowledge,medium,"Out of these four buildings, which one is the tallest, with a height of 1,250 ft (381 m)?","Empire State Building, United States","['Bank of China Tower, Hong Kong', 'Federation Tower, Russia', 'Gevora Hotal, United Arab Emirates']",multiple
Science: Computers,medium,Which of these is the name for the failed key escrow device introduced by the National Security Agency in 1993?,Clipper Chip,"['Enigma Machine', 'Skipjack', 'Nautilus']",multiple
Entertainment: Music,easy,How many studio albums have the duo Daft Punk released?,4,"['1', '5', '2']",multiple
Entertainment: Video Games,hard,"In World of Warcraft, which raid instance features a chess event?",Karazhan,"[""Zul'Aman"", 'Blackwing Lair', ""Temple of Ahn'Qiraj""]",multiple
Entertainment: Video Games,easy,"In Terraria, you can craft the Cell Phone pre-hardmode.",True,['False'],boolean
Entertainment: Books,easy,What's Harry Potter's dad's name?,James Potter,"['Joey Potter', 'Frank Potter', 'Hairy Potter Sr.']",multiple
Entertainment: Video Games,easy,Which Animal Crossing game was for the Nintendo Wii?,Animal Crossing: City Folk,"['Animal Crossing: New Leaf', 'Animal Crossing: Wild World', 'Animal Crossing: Population Growing!']",multiple
Entertainment: Video Games,hard,"Which video game was recalled for containing a hidden, playable South Park episode?",Tiger Woods 99 PGA Tour,"[""Tony Hawk's Pro Skater 3"", 'Sonic Adventure', 'Madden 99']",multiple
Entertainment: Board Games,hard,"In Magic: The Gathering, what card's flavor text is ""Catch!""?",Lava Axe,"['Stone-Throwing Devils', 'Ember Shot', 'Throwing Knife']",multiple
Entertainment: Video Games,medium,"What was the first weapon pack for ""PAYDAY 2""?",The Gage Weapon Pack #1,"['The Overkill Pack', 'The Gage Chivalry Pack', 'The Gage Historical Pack']",multiple
Entertainment: Film,medium,"In the 2014 film ""Birdman"", what is the primary instrument in the score?",Drums,"['Saxophone', 'Violin', 'Actual Live Birds Singing']",multiple
Animals,medium,"What is the scientific name for the ""Polar Bear""?",Ursus Maritimus,"['Polar Bear', 'Ursus Spelaeus', 'Ursus Arctos']",multiple
Entertainment: Video Games,medium,"In the Half-Life 2 universe, how long did it take for the Combine to take complete control of the earth?",7 hours,"['3 months', '24 hours', '1 week']",multiple
Entertainment: Japanese Anime & Manga,easy,"In Miss Kobayashi's Dragon Maid, Tohru is a member of the harmony faction.",False,['True'],boolean
Entertainment: Video Games,hard,"What device allows Tracer to manipulate her own time in the game ""Overwatch""?",Chronal Accelerator,"['B.L.I.N.K', 'Spacial Displacement Manipulator', 'TMD (Time Manipulation Device)']",multiple
Entertainment: Video Games,medium,"In Half-Life 2, if you play the zombies' speech in reverse, they actually speak coherent English.",True,['False'],boolean
Science: Mathematics,hard,How many Millibars (mbar) to 1 Inch of Mercury (inHg),33.9,"['30.0', '27.4', '10.6']",multiple
History,easy,"In 1453, which important city fell?",Constantinople,"['Rome', 'Hamburg', 'Athens']",multiple
Entertainment: Music,easy,The music group Daft Punk got their name from a negative review they received.,True,['False'],boolean
Entertainment: Video Games,hard,When was Minecraft 1.0 released?,"November 18, 2011","['May 17, 2009', 'December 10, 2014', 'September 13, 2012']",multiple
Entertainment: Video Games,easy,What is the name of the largest planet in Kerbal Space Program?,Jool,"['Eeloo', 'Kerbol', 'Minmus']",multiple
History,medium,In which years did the Battle of Gallipoli take place?,1915 - 1916,"['1914 - 1918', '1914 - 1915', '1915 - 1918']",multiple
History,medium,What was the capital of South Vietnam before the Vietnam War?,Saigon,"['Ho Chi Minh City', 'Hanoi', 'Hue']",multiple
Entertainment: Video Games,medium,Which one of these games came out first?,Terraria,"['Minecraft', 'Starbound', 'Factorio']",multiple
Entertainment: Video Games,hard,"What is the default name of the Vampire character in ""Shining Soul 2"".",Bloodstar,"['Sachs', 'Dracuul', 'Alucard']",multiple
Entertainment: Video Games,medium,"In what Half-Life expansion can you find Gordon's picture in an ""Employee of the Month"" picture frame?",Half-Life: Opposing Force,"['Half-Life: Blue Shift', 'Half-Life: Decay', 'They Hunger']",multiple
History,medium,Which of the following is not in the Indo-European language family?,Finnish,"['English', 'Hindi', 'Russian']",multiple
Entertainment: Television,easy,Grant Gustin plays which superhero on the CW show of the same name?,The Flash,"['The Arrow', 'Black Canary', 'Daredevil']",multiple
General Knowledge,easy,How many letters are there in the English alphabet?,26,"['28', '23', '24']",multiple
Entertainment: Video Games,medium,Which of the following was not developed by Bethesda?,Fallout: New Vegas,"['Fallout 3', 'The Elder Scrolls V: Skyrim', 'Fallout 4']",multiple
Science & Nature,medium,Deuterium is an isotope of which element?,Hydrogen,"['Nitrogen', 'Helium', 'Neon']",multiple
Science: Computers,medium,Nvidia's headquarters are based in which Silicon Valley city?,Santa Clara,"['Palo Alto', 'Cupertino', 'Mountain View']",multiple
Science: Computers,easy,The Windows OS was delevoped by which company?,Microsoft,"['Apple', 'Nokia', 'IBM']",multiple
Entertainment: Video Games,medium,"Where does ""The Legend of Zelda: Majora's Mask"" take place?",Termina,"['Hyrule', 'Gysahl', 'Besaid']",multiple
Geography,hard,What is the name of the Canadian national anthem?,O Canada,"['O Red Maple', 'Leaf-Spangled Banner', 'March of the Puck Drop']",multiple
Entertainment: Japanese Anime & Manga,medium,"In the ""Re:Zero"" manga series, which of the following Sin Archbishops eats Rem's existence?",Ley Batenkaitos,"['Roy Alphard', 'Petelgeuse Romanee-Conti', 'Louis Arneb']",multiple
Entertainment: Music,easy,Which Canadian reggae musician had a 1993 hit with the song 'Informer'?,Snow,"['Rain', 'Hail', 'Sleet']",multiple
Entertainment: Video Games,medium,What Sims console game featured the Black Eyed Peas in the game?,The Urbz: Sims In The City,"['The Sims 2', 'The Sims', 'The Sims: Bustin Out']",multiple
Science & Nature,easy,Salt is 100% composed of Sodium.,False,['True'],boolean
Entertainment: Music,medium,"Irish musician Hozier released a music track in 2013 titled, ""Take Me to ______""",Church,"['Mosque', 'Synagogue', 'Temple']",multiple
Science & Nature,medium,Hippopotomonstrosesquippedaliophobia is the irrational fear of long words.,True,['False'],boolean
History,easy,"According to legend, the ancient Greeks constructed a huge wooden model of which animal to gain entrance to Troy?",Horse,"['Goat', 'Elephant', 'Wolf']",multiple
Entertainment: Video Games,medium,Which of these characters won the Super Smash Bros. Fighter Ballot in 2015?,Bayonetta,"['Cloud', 'Ryu', 'Megaman']",multiple
Entertainment: Film,easy,"In the 1992 film ""Army of Darkness"", what name does Ash give to his double-barreled shotgun?",Boomstick,"['Bloomstick', 'Blastbranch', '2-Pump Chump']",multiple
Entertainment: Video Games,medium,"In the original DOOM games, which of the following demons is a recolor of the Baron of Hell, but is weaker than the Baron?",Hell Knight,"['Mancubus', 'Pinky', 'Arch-Vile']",multiple
Entertainment: Video Games,hard,"In the video game ""Metal Gear Solid"", what did Revolver Ocelot consider the greatest handgun ever made?",Colt Single Action Army,"['Colt Python', 'Colt M1892', 'Colt 1851 Navy Revolver']",multiple
Entertainment: Music,medium,"Madonna's song ""Hung Up"" includes a piece from which popular 70s song?",Gimmie! Gimmie! Gimme! (A Man After Midnight),"['Staying Alive', 'Night Fever', 'The Chain']",multiple
Entertainment: Cartoon & Animations,easy,"Which cartoon family lives in 742 Evergreen Terrace, Springfield USA?",The Simpsons,"['The Hills', 'The Flintstones', 'The Griffins']",multiple
Entertainment: Video Games,medium,Where was the Sniper character in Team Fortress 2 born?,New Zealand,"['South Africa', 'Antarctica', 'Australia']",multiple
General Knowledge,medium,What is the full title of the Prime Minister of the UK?,First Lord of the Treasury,"['Duke of Cambridge', ""Her Majesty's Loyal Opposition"", 'Manager of the Crown Estate']",multiple
Entertainment: Cartoon & Animations,medium,What is Scooby-Doo's real name?,Scoobert,"['Scooter', 'Scrappy', 'Shooby']",multiple
Entertainment: Video Games,medium,Which of these characters was NOT planned to be playable for Super Smash Bros. 64?,Peach,"['Bowser', 'Mewtwo', 'King Dedede']",multiple
Entertainment: Books,medium,"According to The Hitchhiker's Guide to the Galaxy book, the answer to life, the universe and everything else is...",42,"['Loving everyone around you', 'Chocolate', 'Death']",multiple
History,hard,Japan was part of the Allied Powers during World War I.,True,['False'],boolean
Entertainment: Video Games,medium,"In the Jackbox party game Monster Seeking Monster, which monster can steal two hearts from other monsters under certain conditions?",Serial Killer,"['Parasite', 'Stalker', 'Magic Mirror']",multiple
Entertainment: Music,medium,"According to a Beatles song, who kept her face in a jar by the door?",Eleanor Rigby,"['Loretta Martin', 'Molly Jones', 'Lady Madonna']",multiple
Sports,medium,Who won NFL Super Bowl LI? (51),Patriots,"['Falcons', 'Broncos', 'Eagles']",multiple
History,medium,What year was the Italian firearms manufacturer Beretta founded?,1526,"['1776', '1923', '1998']",multiple
Entertainment: Video Games,hard,"In the ""Devil May Cry"" franchise, which game is chronologically first?",Devil May Cry 3: Dante's Awakening ,"['Devil May Cry 4', 'Devil May Cry', 'Devil May Cry 2']",multiple
Entertainment: Video Games,hard,"What Touhou Project character's first ever appearance was as a midboss in the eighth game, Imperishable Night?",Tewi Inaba,"['Mystia Lorelei', 'Kaguya Houraisan', 'Rumia']",multiple
Entertainment: Video Games,medium,How many times do you fight the Imprisoned in The Legend of Zelda: Skyward Sword?,3,"['2', '4', '5']",multiple
Science & Nature,easy,Who is the chemical element Curium named after?,Marie & Pierre Curie,"['The Curiosity Rover', 'Curious George', 'Stephen Curry']",multiple
Science: Computers,easy,What is the code name for the mobile operating system Android 7.0?,Nougat,"['Ice Cream Sandwich', 'Jelly Bean', 'Marshmallow']",multiple
Science: Computers,easy,"In computing, what does LAN stand for?",Local Area Network,"['Long Antenna Node', 'Light Access Node', 'Land Address Navigation']",multiple
Geography,medium,What is the name of the capital of Turkey?,Ankara,"['Istanbul', 'Izmir', 'Bursa']",multiple
Entertainment: Video Games,medium,"In ""Overwatch,"" what is the hero McCree's full name?",Jesse McCree,"['Jack ""McCree"" Morrison', 'Gabriel Reyes', 'Jamison ""Deadeye"" Fawkes']",multiple
Science: Computers,medium,The HTML5 standard was published in 2014.,True,['False'],boolean
Entertainment: Video Games,easy,"The ghosts in ""Pac-Man"" and ""Ms. Pac-Man"" have completely different behavior.",True,['False'],boolean
Science & Nature,medium,"In Chemistry, how many isomers does Butanol (C4H9OH) have?",4,"['3', '5', '6']",multiple
Entertainment: Film,medium,"According to the Star Wars lore, what is Han Solo's home planet?",Corellia,"['Tatooine', 'Naboo', 'Coruscant']",multiple
Sports,medium,Who won the 2018 Monaco Grand Prix?,Daniel Ricciardo,"['Sebastian Vettel', 'Kimi Raikkonen', 'Lewis Hamilton']",multiple
Entertainment: Music,hard,"What is the first track on the Dave Matthews Band album ""Before These Crowded Streets""?",Pantala Naga Pampa,"['Stay (Wasting Time)', 'Rapunzel', ""Don't Drink The Water""]",multiple
Entertainment: Music,medium,"The band ""Panic! At the Disco"" has released 4 albums total",False,['True'],boolean
Science & Nature,medium,What is Hypernatremia?,Increase in blood sodium,"['Decrease in blood potassium', 'Increase in blood glucose', 'Decrease in blood iron']",multiple
Entertainment: Music,easy,"""Some people call me the space cowboy"" is the first line from what song?",The Joker,"['Fandango', 'Take The Money and Run', 'Fly Like an Eagle']",multiple
General Knowledge,medium,Rolex is a company that specializes in what type of product?,Watches,"['Cars', 'Computers', 'Sports equipment']",multiple
Vehicles,easy,The full English name of the car manufacturer BMW is Bavarian Motor Works,True,['False'],boolean
Entertainment: Video Games,easy,"In Splatoon, the Squid Sisters are named Tako and Yaki.",False,['True'],boolean
Entertainment: Video Games,medium,Who is the main villain of Kirby's Return to Dreamland?,Magolor,"['Landia', 'King Dedede', 'Queen Sectonia ']",multiple
Entertainment: Video Games,easy,"In the video game ""Splatoon"", the playable characters were originally going to be rabbits instead of squids.",True,['False'],boolean
Entertainment: Music,medium,From which country does the piano originate?,Italy,"['Germany', 'Austria', 'France']",multiple
History,medium,In what year was the video game company Electronic Arts founded?,1982,"['1999', '1981', '2005']",multiple
Celebrities,medium,In which situation was musician John Lennon assassinated?,Attempting to enter the Dakota Apartments building,"['During an impromptu walk through Central Park', 'Signing an autograph outside the Record Plant studio', 'Waiting outside a music venue in Manhattan following a gig']",multiple
Entertainment: Television,easy,When did the TV show Rick and Morty first air on Adult Swim?,2013,"['2014', '2016', '2015']",multiple
Entertainment: Video Games,hard,"In the game ""Sonic the Hedgehog (1991)"" how many chaos emeralds could you collect?",6,"['8', '7', '9']",multiple
Entertainment: Video Games,easy,Who was the voice actor for Snake in Metal Gear Solid V: The Phantom Pain?,Kiefer Sutherland,"['David Hayter', 'Norman Reedus', 'Hideo Kojima']",multiple
Entertainment: Music,hard,"Which M83 album is the song ""Midnight City"" featured in?","Hurry Up, We're Dreaming","['Saturdays = Youth', 'Before the Dawn Heals Us', 'Junk']",multiple
Geography,easy,Which Russian oblast forms a border with Poland?,Kaliningrad,"['Samara', 'Nizhny Novgorod', 'Omsk']",multiple
Entertainment: Comics,medium,Who was the first American Vampire (Scott Snyder's American Vampire)?,Skinner Sweet,"['Hattie Hargrove', 'Pearl Jones', 'James ""Jim"" Book']",multiple
Science & Nature,hard,"What is ""Stenoma""?",A genus of moths,"['A combat stimulant from WW2', 'A type of seasoning', 'A port city in the carribean']",multiple
Entertainment: Video Games,easy,"The Mann Co. Store from Team Fortress 2 has the slogan ""We hire mercenaries and get in fights"".",False,['True'],boolean
Science: Computers,medium,Android versions are named in alphabetical order.,True,['False'],boolean
Entertainment: Video Games,medium,"What type of genre is the controversial 2015 game ""Hatred""?",Shoot 'Em Up,"['Point & Click', 'MMORPG', 'Simulation']",multiple
History,easy,"The ""Trail of Tears"" was a result of which United States President's Indian Removal Policy?",Andrew Jackson,"['Harry S. Truman', 'Martin Van Buren', 'John Quincy Adams']",multiple
General Knowledge,easy,"When you cry in space, your tears stick to your face.",True,['False'],boolean
Science: Computers,easy,What is the most preferred image format used for logos in the Wikimedia database?,.svg,"['.png', '.jpeg', '.gif']",multiple
History,easy,"The RMS Titanic sunk during her maiden voyage from Southampton, England to which American city?",New York City,"['Boston ', 'Philadelphia', 'Washington']",multiple
Entertainment: Music,medium,"Which country does the electronic music duo ""The Knife"" originate from?",Sweden,"['Finland', 'Denmark', 'Norway']",multiple
Geography,medium,The flag of South Africa features 7 colours.,False,['True'],boolean
General Knowledge,easy,"What is ""dabbing""?",A dance,"['A medical procedure', 'A sport', 'A language']",multiple
Entertainment: Video Games,easy,"""Minecraft"" was released from beta in 2011 during a convention held in which city?",Las Vegas,"['Paris', 'Bellevue', 'London']",multiple
General Knowledge,easy,The disease cancer in itself is not contagious.,True,['False'],boolean
Entertainment: Music,easy,"Swedish DJ Tim Bergling, who produced songs such as ""Levels"" and ""Wake Me Up"", is better known under what alias?",Avicii,"['deadmau5', 'Alesso', 'Skrillex']",multiple
History,hard,What was the original name of New York City?,New Amsterdam,"['New London', 'New Paris', 'New Rome']",multiple
Entertainment: Video Games,hard,Which of the following games was NOT included in Valve's Orange Box?,Counter-Strike,"['Portal', 'Half-Life 2: Episode Two', 'Team Fortress 2']",multiple
Entertainment: Music,medium,"May 16th of every year is known as __________ Day, named after a punk band prominent in the 1990s.",Lagwagon,"['Goldfinger', 'Less Than Jake', 'Lit']",multiple
Entertainment: Board Games,hard,"Which of these cards from ""Magic: The Gathering"" has a flavor text that begins with ""Oi oi oi""?",Uthden Troll,"['Lotleth Troll', 'Albino Troll', 'Harvester Troll']",multiple
Entertainment: Video Games,easy,The most graphically violent game to precede the creation of the ESRB (Entertainment Software Rating Board) was...,Mortal Kombat,"['Duke Nukem', 'Resident Evil', 'Doom']",multiple
General Knowledge,medium,Which of the following carbonated soft drinks were introduced first?,Dr. Pepper,"['Coca-Cola', 'Sprite', 'Mountain Dew']",multiple
Geography,medium,"Which of these American cities has fewer than 1,000,000 people?","San Francisco, California","['Phoenix, Arizona', 'San Antonio, Texas', 'Philadelphia, Pennsylvania']",multiple
History,easy,Former United States Presidents John Adams and Thomas Jefferson died within hours of each other.,True,['False'],boolean
Entertainment: Film,medium,What is the name of the queen's pet in A Bug's Life?,Aphie,"['Flik', 'Hopper', 'Dot']",multiple
Science: Gadgets,easy,The communication protocol NFC stands for Near-Field Control.,False,['True'],boolean
Entertainment: Film,easy,"In the movie ""V for Vendetta,"" what is the date that masked vigilante ""V"" urges people to remember?",November 5th,"['November 6th', 'November 4th', 'September 5th']",multiple
Entertainment: Video Games,easy,What year was the game Team Fortress 2 released?,2007,"['2009', '2005', '2010']",multiple
Entertainment: Video Games,easy,Tetris is the #1 best-selling video game of all-time.,False,['True'],boolean
Entertainment: Video Games,easy,"Which of these is NOT a main playable character in ""Grand Theft Auto V""?",Lamar,"['Trevor', 'Michael', 'Franklin']",multiple
Entertainment: Board Games,medium,"""Rich Uncle Pennybags"" from the board game ""Monopoly"" wears a monocle.",False,['True'],boolean
Entertainment: Television,hard,"Which of these voices wasn't a choice for the House AI in ""The Simpsons Treehouse of Horror"" short, House of Whacks?",George Clooney,"['Matthew Perry', 'Dennis Miller', 'Pierce Brosnan']",multiple
Entertainment: Video Games,easy,What was the original name of Crash Bandicoot?,Willie Wombat,"['Coco Bandicoot', 'Marvelous Mole', 'Wally Wombat']",multiple
Geography,hard,Which of these African countries displays a gun on their flag?,Mozambique,"['Uganda', 'Ethiopia', 'Nigeria']",multiple
Entertainment: Film,easy,George Lucas directed the entire original Star Wars trilogy.,False,['True'],boolean
General Knowledge,medium,What is the average life span of a garden ant?,15 years,"['24 hours', '1 week', '3 years']",multiple
Entertainment: Video Games,medium,"The video game publishers known as ""tinyBuild"" published which of these games?",Clustertruck,"[""Don't Starve"", 'Stardew Valley', 'Slime Rancher']",multiple
Entertainment: Books,easy,What is the name of the protagonist of J.D. Salinger's novel Catcher in the Rye?,Holden Caulfield,"['Fletcher Christian', 'Jay Gatsby', 'Randall Flagg']",multiple
Entertainment: Video Games,medium,"Which of these features was added in the 1994 game ""Heretic"" that the original ""DOOM"" could not add due to limitations?",Looking up and down,"['Increased room sizes', 'Unlimited weapons', 'Highly-detailed textures']",multiple
History,medium,How many times was Albert Einstein married in his lifetime?,Twice,"['Five', 'Thrice', 'Once']",multiple
Science: Gadgets,medium,This former Air Force and NASA engineer is the inventor of the Super Soaker water gun.,Lonnie Johnson,"[""Bruce D'Andrade"", 'Frances Northcutt', 'Ashitey Trebi-Ollennu']",multiple
History,hard,The fourth funnel of the RMS Titanic was fake designed to make the ship look more powerful and symmetrical.,True,['False'],boolean
General Knowledge,easy,"""A3"", ""B1"", and ""Legal"" are typical names of sizes for what object?",Paper,"['Airplanes', 'Law books', 'Phone screens']",multiple
Animals,medium,Which of these species is not extinct?,Komodo dragon,"['Japanese sea lion', 'Tasmanian tiger', 'Saudi gazelle']",multiple
Animals,medium,Finnish Lapphund dogs were used for herding reindeer.,True,['False'],boolean
Mythology,medium,"The Roman god ""Jupiter"" was first known as ""Zeus"" to the Greeks.",True,['False'],boolean
Entertainment: Video Games,medium,"Which company made the Japanese RPG ""Dragon Quest""?",Square Enix,"['Capcom', 'Konami', 'Blizzard']",multiple
Vehicles,easy,What country was the Trabant 601 manufactured in?,East Germany,"['Soviet Union', 'Hungary', 'France']",multiple
Geography,hard,The emblem on the flag of the Republic of Tajikistan features a sunrise over mountains below what symbol?,Crown,"['Bird', 'Sickle', 'Tree']",multiple
Science: Computers,hard,Which of the following is NOT a computer science algorithm?,Float Sort,"['Bubble Sort', 'Merge Sort', 'Quick Sort']",multiple
Entertainment: Video Games,easy,Who is the last boss in Night In The Woods' Demontower minigame?,The Blood Thief,"['Mega Hairball ', 'King Skellie ', 'Krampus ']",multiple
Entertainment: Film,medium,Which of the following movies was not based on a book?,Citizen Kane,"['The Godfather', 'Forrest Gump', 'Jurassic Park']",multiple
Entertainment: Japanese Anime & Manga,medium,"In JoJo's Bizarre Adventure, who says ""Yare yare daze""?",Jotaro Kujo,"['Joseph Joestar', 'Jolyne Cujoh', 'Koichi Hirose']",multiple
Entertainment: Japanese Anime & Manga,medium,Which studio made Cowboy Bebop?,Sunrise,"['Bones', 'Madhouse', 'Pierriot']",multiple
General Knowledge,easy,What do sailors call the right side of a boat?,Starboard,"['Port', 'Stern', 'Bow']",multiple
Entertainment: Video Games,medium,"What is the name of the virus in ""Metal Gear Solid 1""?",FOXDIE,"['FOXENGINE', 'FOXALIVE', 'FOXKILL']",multiple
Entertainment: Video Games,easy,"Who created the ""Metal Gear"" Series?",Hideo Kojima,"['Hiroshi Yamauchi', 'Shigeru Miyamoto', 'Gunpei Yokoi']",multiple
Entertainment: Video Games,medium,"In ""FTL: Faster Than Light"", how many races are there, including the Lanius?",8,"['9', '7', '10']",multiple
Geography,easy,How many countries does the United States share a land border with?,2,"['1', '3', '4']",multiple
Art,hard,What French sculptor designed the Statue of Liberty? ,Frédéric Auguste Bartholdi,"['Jean-Léon Gérôme', 'Auguste Rodin', 'Henri Matisse']",multiple
Entertainment: Japanese Anime & Manga,medium,"Which Japanese music group was formed to produce theme music for the anime ""Guilty Crown""?",Egoist,"['Goose house', 'Babymetal', 'Garnidelia']",multiple
History,hard,The ontological argument for the proof of God's existence is first attributed to whom?,Anselm of Canterbury,"['René Descartes', 'Immanuel Kant', 'Aristotle']",multiple
Entertainment: Video Games,hard,Grand Theft Auto V is the fifteenth installment of the Grand Theft Auto series.,True,['False'],boolean
Entertainment: Video Games,medium,"What was the game ""Galaga"" was a sequel to?",Galaxian,"['Galactica', 'Space Invaders', 'Galactic Wars']",multiple
Entertainment: Japanese Anime & Manga,easy,Gosho Aoyama Made This Series: (Detective Conan / Case Closed!),True,['False'],boolean
Entertainment: Video Games,medium,What is Solid Snake's real name?,David,"['Solid Snake', 'John', 'Huey']",multiple
Science & Nature,hard,How many types of quarks are there in the standard model of physics?,6,"['2', '3', '4']",multiple
Entertainment: Books,medium,What is the name of the author of book series 'Percy Jackson'?,Rick Riordan,"['J.K. Rowling', 'Sandra Bullock ', 'Roald Dahl']",multiple
Entertainment: Film,medium,What film did James Cameron's Avatar dethrone as the highest-grossing film ever?,Titanic,"['Star Wars', 'Gone with the Wind', 'Jaws']",multiple
Entertainment: Musicals & Theatres,hard,"In Les Misérables, who is Prison Code 24601?",Jean Valjean,"['Marius Pontmercy', 'Javert', 'Jean Claude Van Damme']",multiple
Entertainment: Video Games,medium,Which of the following is NOT an official game in Nintendo's Super Smash Bros. series?,Super Smash Bros. Crusade,"['Super Smash Bros. Melee', 'Super Smash Bros. Brawl', 'Super Smash Bros. for Nintendo 3DS and Wii U']",multiple
Entertainment: Cartoon & Animations,easy,What is the name of the creatures that the protagonists of the webshow RWBY fight against?,Grimm,"['Reavers', 'Heartless', 'Dark Ones']",multiple
Sports,medium,Who is regarded as the best Romanian footballer of all time?,Gheorghe Hagi,"['Cristian Chivu', 'Nicolae Dobrin', 'Gheorghe Popescu']",multiple
Entertainment: Video Games,medium,"""Return to Castle Wolfenstein"" was the only game of the Wolfenstein series where you don't play as William ""B.J."" Blazkowicz.",False,['True'],boolean
Science: Computers,hard,What is the maximum value of a 32-bit signed binary integer?,"2,147,483,647","['255', '2048', '9,223,372,036,854,775,807']",multiple
Entertainment: Music,medium,What was Bon Iver's debut album released in 2007?,"For Emma, Forever Ago","['Bon Iver, Bon Iver', '22, A Million', 'Blood Bank EP']",multiple
Geography,medium,The White Cliffs of Dover is located in which country? ,United Kingdom,"['United States', 'Netherlands', 'Sweden']",multiple
Entertainment: Board Games,easy,"The card game ""Munchkin"" won the 2001 Origins Award for Best Traditional Card Game.",True,['False'],boolean
Geography,easy,Guyana is in which continent?,South America,"['Africa', 'North America', 'Asia']",multiple
Entertainment: Music,easy,Which 80s band is fronted by singer/guitarist Robert Smith?,The Cure,"['The Smiths', 'Echo & the Bunnymen', 'New Order']",multiple
Entertainment: Video Games,hard,"In TF2 Lore, what are the names of the Heavy's younger sisters?",Yana and Bronislava,"['Gaba and Anna', 'Yanna and Gaba', 'Anna and Bronislava']",multiple
Science & Nature,hard,Which country first successfully farm-hatched and raised bluefin tuna in 1979?,Japan,"['France', 'USA', 'Philippines']",multiple
Entertainment: Music,medium,"Norwegian producer Kygo released a remix of the song ""Sexual Healing"" by Marvin Gaye.",True,['False'],boolean
Entertainment: Comics,easy,"Which universe crossover was introduced in the ""Sonic the Hedgehog"" comic issue #247?",Mega Man,"['Super Mario Brothers', 'Alex Kidd', 'Super Monkey Ball']",multiple
Entertainment: Comics,medium,"Who wrote the Batman comic series ""The Killing Joke""?",Alan Moore,"['Bill Finger', 'Frank Miller', 'Jerry Siegel']",multiple
Entertainment: Video Games,hard,"In ""Pokémon Sun and Moon"", Team Skull took over which town?",Po Town,"['Heahea City', 'Tapu Village', 'Iki Town']",multiple
Entertainment: Video Games,medium,"Capcom's survival horror title Dead Rising, canonically starts on what day of September 2006?",September 19th,"['September 21st', 'September 30th', 'September 14th']",multiple
Entertainment: Video Games,medium,"Which of these blocks in ""Minecraft"" has the lowest blast resistance?",Sand,"['End Stone', 'Water', 'Wood Planks']",multiple
Entertainment: Film,easy,"In which film does Humphrey Bogart say the famous line, ""Here's looking at you, kid""?",Casablanca,"['The Maltese Falcon', 'The Treasure of the Sierra Madre', 'Citizen Kane']",multiple
Entertainment: Music,medium,Who was the first white band to play the Apollo Theater?,Buddy Holly and The Crickets,"['Chuck Berry', 'The Beatles', 'Elvis']",multiple
Geography,easy,What is the capital of Bangladesh?,Dhaka,"['Khulna', 'London', 'Lahore']",multiple
Geography,medium,How many countries does Spain have a land border with?,5,"['2', '3', '4']",multiple
History,easy,When was Google founded?,"September 4, 1998","['October 9, 1997', 'December 12, 1989', 'Feburary 7th, 2000']",multiple
Geography,easy,What is the largest country in the world?,Russia,"['Canada', 'China', 'United States']",multiple
Entertainment: Musicals & Theatres,easy,Who wrote the play 'Angels in America'?,Tony Kusher,"['Tom Stoppard', 'Matthew Lopez', 'Anthony Neilson']",multiple
General Knowledge,medium,"The word ""news"" originates from the first letters of the 4 main directions on a compass (North, East, West, South).",False,['True'],boolean
General Knowledge,medium,Fast food restaurant chains Carl's Jr. and Hardee's are owned by the same company.,True,['False'],boolean
Entertainment: Film,easy,Which of these films is NOT set in Los Angeles?,RoboCop,"['Blade Runner', 'The Terminator', 'Predator 2']",multiple
General Knowledge,easy,What is Tasmania?,An Australian State,"[""A flavor of Ben and Jerry's ice-cream"", 'A Psychological Disorder', 'The Name of a Warner Brothers Cartoon Character']",multiple
Entertainment: Video Games,easy,Who is the main character of the game Half-Life: Opposing Force?,Adrian Shephard,"['Gordon Freeman', 'Alyx Vance', 'Barney Calhoun']",multiple
Entertainment: Video Games,easy,What is the name of the playable character in the 2018 video game Deltarune: Chapter 1?,Kris,"['Frisk', 'Chara', 'Gaster']",multiple
Entertainment: Video Games,hard,"According to Toby Fox, what was the method to creating the initial tune for Megalovania?",Singing into a Microphone,"['Playing a Piano', 'Using a Composer Software', 'Listened to birds at the park']",multiple
Science & Nature,medium,"At what depth should you make a decompression stop, or safety stop, on a typical scuba dive?",15 Feet / 5 Meters,"['25 Feet / 7.5 Meters', '50 Feet / 15 Meters', '75 Feet / 23 Meters']",multiple
Science: Computers,easy,What amount of bits commonly equals one byte?,8,"['1', '2', '64']",multiple
Entertainment: Video Games,hard,What was the name of Sonic the Hedgehog's original human girlfriend?,Madonna,"['Celeste', 'Sierra', 'Nina']",multiple
Science: Mathematics,easy,What is the symbol for Displacement?,Δr,"['dr', 'Dp', 'r']",multiple
Entertainment: Video Games,medium,"In World of Warcraft Lore, four Old Gods created a giant and powerful creature. What was it called? ",The Ancient One,"['Anomalous', 'Eater of Souls', 'The Lich King']",multiple
Entertainment: Video Games,medium,"In the ""Call Of Duty: Zombies"" map ""Moon"", there is a secondary called the QED. What does QED stand for?",Quantum Entanglement Device,"['Quad Ectoplasmic Driver', 'Question Every Dog', 'Quality Edward Device']",multiple
Entertainment: Musicals & Theatres,easy,Which Shakespeare play inspired the musical 'West Side Story'?,Romeo & Juliet,"['Hamlet', 'Macbeth', 'Othello']",multiple
Entertainment: Video Games,hard,"In the game Enter the Gungeon, which one of these is not a playable character?",The Wizard,"['The Bullet', 'The Robot', 'The Cultist']",multiple
Vehicles,easy,What UK Train does NOT go over 125MPH?,Sprinter,"['Class 43', 'Javelin', 'Pendolino']",multiple
Entertainment: Video Games,medium,Who's the Captain of the S.T.A.R.S. Bravo Team in Resident Evil 1?,Enrico Marini,"['Albert Wesker', 'Richard Aiken', 'Rebecca Chambers']",multiple
Vehicles,easy,"Where are the cars of the brand ""Ferrari"" manufactured?",Italy,"['Romania', 'Germany', 'Russia']",multiple
Sports,hard,At which race was the 2018 F1 Drivers Championship won?,Mexico,"['United States', 'Belgium', 'Abu Dhabi']",multiple
Science: Computers,easy,Linus Torvalds created Linux and Git.,True,['False'],boolean
Vehicles,hard,What engine is in the Lexus SC400?,1UZ-FE,"['2JZ-GTE', '7M-GTE', '5M-GE']",multiple
Geography,medium,Where are the Nazca Lines located?,Peru,"['Brazil', 'Colombia', 'Ecuador']",multiple
Entertainment: Board Games,hard,The board game Go has more possible legal positions than the number of atoms in the visible universe.,True,['False'],boolean
Geography,easy,New Haven is the capital city of the state of Connecticut in the United States.,False,['True'],boolean
Entertainment: Music,hard,"In the metal band Slipknot, there are 9 members, which member labelled themselves number 6? ",Shawn Crahan (Clown),"['Sid Wilson', 'Cory Taylor', 'Mick Thomson']",multiple
Entertainment: Video Games,medium,"The walls of the Goldenrod City Gym in ""Pokémon Gold and Silver"" are arranged in the shape of which Pokémon?",Clefairy,"['Bulbasaur', 'Pikachu', 'Pidgey']",multiple
Entertainment: Video Games,medium,"During the events of Half-Life: Opposing Force, what is the age of Adrian Shephard, the protagonist?",22,"['23', '21', '24']",multiple
Science & Nature,medium,Type 1 diabetes is a result of the liver working improperly.,False,['True'],boolean
History,easy,How old was Adolf Hitler when he died?,56,"['43', '65', '47']",multiple
Entertainment: Video Games,hard,"In the PAYDAY series, where did Dallas start his criminal career?","Chicago, Illinois","['Dallas, Texas', 'New York City, New York', 'Boston, Massachusetts']",multiple
Entertainment: Cartoon & Animations,medium,What is the name of Ruby Rose's weapon from RWBY?,Crescent Rose,"['Thorned Rosebud', 'Magnhild', 'Crooked Scythe']",multiple
Entertainment: Video Games,medium,What American city was featured in the 1999 PC game Midtown Madness?,Chicago,"['Washington D.C.', 'San Francisco', 'New York City']",multiple
Entertainment: Video Games,easy,"In Spyro the Dragon, what is Spyro's dragonfly friend called?",Sparx,"['Sam', 'Sparky', 'Spinkles']",multiple
Entertainment: Video Games,medium,"In the game ""Terraria"", which of these bosses are pre-hardmode bosses?",Eye of Cthulhu,"['Plantera', 'Skeletron Prime', 'The Destroyer']",multiple
Entertainment: Comics,easy,Which one of these superhero teams appears in the Invincible comics?,Guardians of the Globe,"['Avengers', 'Justice League', 'Teenage Mutant Ninja Turtles']",multiple
Entertainment: Music,easy,"""Grande Valse"" is a phrase from the song ""Gran Vals"". What is that song segment known as?",Nokia Tune,"['Hello Moto [Motorola Ringtone]', 'Droid Ringtone', 'Microsoft Ringtone']",multiple
Entertainment: Music,medium,Who was the lead singer and frontman of rock band R.E.M?,Michael Stipe,"['Chris Martin', 'Thom Yorke', 'George Michael']",multiple
Entertainment: Books,hard,Which classic horror character killed Elizabeth Lavenza?,Frankenstein's Monster,"['Count Dracula', 'Werewolf', 'The Creature from the Black Lagoon']",multiple
Entertainment: Board Games,easy,"""PAYDAY: The Heist"" is a sequel to the board game ""Payday"".",False,['True'],boolean
Animals,hard,What was the name of the Ethiopian Wolf before they knew it was related to wolves?,Simien Jackel,"['Ethiopian Coyote', 'Amharic Fox', 'Canis Simiensis']",multiple
Entertainment: Music,medium,"Which musical group won the Brit Awards in 1985, with George Michael as a member?",Wham!,"['Frankie Goes to Hollywood', 'U2', 'Culture Club']",multiple
Entertainment: Board Games,easy,Which of the following is NOT a class in Dungeons and Dragons 5e?,Engineer ,"['Fighter ', 'Paladin ', 'Bard']",multiple
Entertainment: Video Games,hard,"In ""Halo"", what is the name of the planet which Installation 04 orbits?",Threshold,"['Substance', 'Sanghelios', 'Te']",multiple
Science & Nature,easy,What is the standard SI unit for time?,Second,"['Minute', 'Hour', 'Day']",multiple
Entertainment: Video Games,easy,Who is the main protagonist in the game Life is Strange: Before The Storm?,Chloe Price ,"['Max Caulfield', 'Rachel Amber', 'Frank Bowers']",multiple
Entertainment: Music,medium,Who is the bassist of the British rock band Queen?,John Deacon,"['John Major', 'John Barrowman', 'John Mayer']",multiple
Mythology,easy,Who was the King of Gods in Ancient Greek mythology?,Zeus,"['Apollo', 'Hermes', 'Poseidon']",multiple
History,easy,Who was the first president of Kenya?,Jomo Kenyatta,"['Daniel Moi', 'Tom Mboya', 'Oginga Odinga']",multiple
Entertainment: Video Games,medium,"In Need for Speed: Underground, what car does Eddie drive?",Nissan Skyline GT-R (R34),"['Mazda RX-7 FD3S', 'Acura Integra Type R', 'Subaru Impreza 2.5 RS']",multiple
Entertainment: Video Games,hard,Which game in the Dance Dance Revolution series introduced the Extra Stage?,DDR,"['DDR Solo 2000', 'DDRMAX', 'DDR EXTREME']",multiple
Science & Nature,medium,"What polymer is used to make CDs, safety goggles and riot shields?",Polycarbonate,"['Rubber', 'Nylon', 'Bakelite']",multiple
Science: Mathematics,hard,What is the fourth digit of π?,1,"['2', '3', '4']",multiple
Entertainment: Video Games,medium,What are the names of the Ice Climbers in the video game Ice Climber?,Popo and Nana,"['Popo and Nina', 'Papi and Nana', 'Papi and Nina']",multiple
Entertainment: Video Games,hard,"Which of these is NOT a possible drink to be made in the game ""VA-11 HALL-A: Cyberpunk Bartender Action""?",Sour Appletini,"['Fringe Weaver', 'Piano Man', 'Bad Touch']",multiple
Entertainment: Music,easy,"Which famous artist featured on Rowdy Rebel's 2015 song ""Computers""?",Bobby Shmurda ,"['Lil Wayne', 'Will.I.AM', 'Kendrick Lamar']",multiple
Entertainment: Cartoon & Animations,medium,"Who is the ""dumb blonde"" character in Nickelodeon's ""The Loud House""?",Leni,"['Luan', 'Luna', 'Lincoln']",multiple
General Knowledge,medium,Ecuador uses the Mexican Peso as its currency.,False,['True'],boolean
History,medium,How many years did the Hundred Years' War last?,116,"['100', '90', '101']",multiple
Animals,medium,What type of animal is a natterjack?,Toad,"['Bird', 'Fish', 'Insect']",multiple
Vehicles,easy,"Which car tire manufacturer is famous for its ""P Zero"" line?",Pirelli,"['Goodyear', 'Bridgestone', 'Michelin']",multiple
Entertainment: Video Games,medium,Which of the following games was not a launch title for the Nintendo Gamecube?,Super Mario Sunshine,"['Luigi’s Mansion', 'Star Wars Rogue Squadron II', 'Disney’s Tarzan Untamed']",multiple
Politics,medium,What year did Gerald Ford Become President?,1974,"['1977', '1973', '1969']",multiple
Entertainment: Video Games,medium,Who is the character you play as in Yume Nikki?,Madotsuki,"['Masada', 'Uboa', 'Poniko']",multiple
Entertainment: Cartoon & Animations,hard,"In the 1968 Cartoon Show ""Wacky Races"" what was the name of cavemen duo who rode in The Boulder Mobile?",The Slag Brothers,"['The Slate Brothers', 'The Rock Brothers', 'The Stone Brothers']",multiple
History,hard,Where was Napoleon Bonaparte born?,Corsica,"['Normandy', 'Brittany', 'Paris']",multiple
Entertainment: Video Games,medium,"In ""Overwatch"", how much health does Roadhog's ""Take a Breather"" ability recover?",300,"['100', '200', '400']",multiple
Science: Computers,easy,The Windows ME operating system was released in the year 2000.,True,['False'],boolean
Entertainment: Music,medium,Who is the singer for Fall Out Boy?,Patrick Stump,"['Brendon Urie', 'Pete Wentz', 'Gary Lee Weinrib']",multiple
Entertainment: Cartoon & Animations,medium,"Who created ""RWBY""?",Monty Oum,"['Miles Luna', 'Kerry Shawcross', 'Shane Newville']",multiple
Entertainment: Film,medium,"What type of cheese, loved by Wallace and Gromit, had it's sale prices rise after their successful short films?",Wensleydale,"['Cheddar', 'Moon Cheese', 'Edam']",multiple
Science: Mathematics,medium,What shape does sin(x) or cos(x) make on a graph?,Waves,"['A Parabola', 'A Straight Line', 'Zig-Zags']",multiple
Entertainment: Japanese Anime & Manga,easy,"The name of the attack ""Kamehameha"" in Dragon Ball Z was named after a famous king of Hawaii.",True,['False'],boolean
Entertainment: Video Games,easy,"In the video game, Half-life, what event started the Half-life universe as we know today?",The Resonance Cascade,"['World War 3', 'The Xen Attack', 'The Black Mesa Nuke']",multiple
Science & Nature,medium,Which chemical element was originally known as Alabamine?,Astatine,"['Selenium', 'Antimony', 'Molybdenum']",multiple
Entertainment: Music,medium,"What is the name of the main character from the music video of ""Shelter"" by Porter Robinson and A-1 Studios?",Rin,"['Rem', 'Ren', 'Ram']",multiple
Art,hard,Ancient Greek and Roman sculptors often colored their statues.,True,['False'],boolean
Entertainment: Video Games,medium,Mortal Kombat was almost based on Jean-Claude Van Damme movie.,True,['False'],boolean
Entertainment: Board Games,medium,"In the game ""Racko"" you may pick up ANY card from the discard pile.",False,['True'],boolean
Entertainment: Video Games,medium,Who was the first female protagonist in a video game?,Samus Aran,"['Lara Croft', 'Alis Landale', 'Chell']",multiple
Mythology,easy,"In most traditions, who was the wife of Zeus?",Hera,"['Aphrodite', 'Athena', 'Hestia']",multiple
Animals,medium,What are the scales on all snakes and most lizards are made of?,Keratin,"['Ecdysis', 'Epidermis', 'Ankyloglossia']",multiple
Entertainment: Music,medium,Which country is singer Kyary Pamyu Pamyu from?,Japan,"['South Korea', 'China', 'Vietnam']",multiple
General Knowledge,easy,What is the name of the main Character from the Series: Dead Space?,Isaac Clarke,"['Ellen Ripley', 'Commander Shepard', 'Captain Kirk']",multiple
Entertainment: Cartoon & Animations,hard,"Which cartoon family lives in 31 Spooner Street, Quahog, Rhode Island USA?",The Griffins,"['The Simpsons', 'The Jetsons', 'The Hills']",multiple
Entertainment: Video Games,hard,In the original DOOM (1993) which of the following is NOT a cheat code?,IDCLIP,"['IDFA', 'IDDQD', 'IDSPISPOPD']",multiple
Mythology,easy,Which figure from Greek mythology traveled to the underworld to return his wife Eurydice to the land of the living?,Orpheus,"['Hercules', 'Perseus', 'Daedalus']",multiple
Entertainment: Video Games,medium,What was the original release date of Grand Theft Auto V?,"September 17, 2013","['August 17, 2013', 'April 14, 2015', 'November 18, 2014']",multiple
History,medium,What was the name of the national hero of the Philippines who inspired and lead the Philippine Revolution against colonial Spain?,José Rizal,"['Simón Bolívar', 'Benito Juárez', 'José de San Martín']",multiple
History,medium,Franz Joseph I was the last emperor of Austria.,False,['True'],boolean
Entertainment: Film,medium,"What is the name of James Dean's character in the 1955 movie ""Rebel Without a Cause""?",Jim Stark,"['Ned Stark', 'Jim Kane', 'Frank Stark']",multiple
Entertainment: Video Games,medium,What song is played during the ending credits of Guitar Hero: World Tour?,Dream Theater - Pull Me Under,"['King Crimson - 21st Century Schizoid Man', 'Dragonforce - Through The Fire & The Flames', 'Lynyrd Skynyrd - Free Bird']",multiple
Entertainment: Video Games,medium,"Who voices Max Payne in the 2001 game ""Max Payne""?",James McCaffrey,"['Sam Lake', 'Troy Baker', 'Hideo Kojima']",multiple
Science: Computers,medium,The 'Raspberry Pi' series of single-board computers were created in the United States.,False,['True'],boolean
Entertainment: Video Games,medium,"Which of these is NOT DLC for the video game called ""Tabletop Simulator""?",The Binding of Isaac: Four Souls,"['Three Kingdoms Redux', 'Superfight', 'Mr. Game!']",multiple
Entertainment: Japanese Anime & Manga,medium,"What song plays in the ending credits of the anime ""Ergo Proxy""?",Paranoid Android,"['Sadistic Summer', 'Bittersweet Symphony', 'Mad World']",multiple
Entertainment: Film,hard,"Before ""Jurassic Park III"" was finalized and the Spinosaurus was chosen, which dinosaur was going to be the star?",Baryonyx,"['Tyrannosaurus Rex', 'Velociraptor', 'Suchomimus']",multiple
Sports,easy,Peyton Manning retired after winning Super Bowl XLIX.,False,['True'],boolean
Geography,medium,The Gambia is a nation found on which continent?,Africa,"['Asia', 'South America', 'Europe']",multiple
Entertainment: Video Games,easy,"In the game ""Overwatch,"" what are the names of the two Australian criminals from the Junkers faction?",Junkrat and Roadhog,"['Roadrat and Junkhog', 'Ana and Pharah', 'McCree and Deadeye']",multiple
Entertainment: Video Games,hard,Which of these TrackMania environments was NOT in the original game?,Bay,"['Desert', 'Snow', 'Rally']",multiple
History,medium,Which of these founding fathers of the United States of America later became president?,James Monroe,"['Alexander Hamilton', 'Samuel Adams', 'Roger Sherman']",multiple
General Knowledge,hard,"In ""Battle Cats"", what is Moneko / MISS Moneko's critical percentage rate?",15%,"['20%', '10%', '25%']",multiple
History,medium,Which historical conflict killed the most people?,World War II,"['Taiping Rebellion', 'Three Kingdoms War', 'Mongol conquests']",multiple
Entertainment: Video Games,easy,"In ""Overwatch"", what is the name of the company that made D.Va's mech?",MEKA,"['MI8', 'KPAMC', 'JSAMB']",multiple
Science: Computers,hard,Which RAID array type is associated with data mirroring?,RAID 1,"['RAID 0', 'RAID 10', 'RAID 5']",multiple
Geography,hard,There is 47 prefectures in Japan.,True,['False'],boolean
General Knowledge,medium,Which of these Nicktoons were NOT originally a short on Oh Yeah! Cartoons before becoming their own series?,Danny Phantom,"['ChalkZone', 'My Life as a Teenage Robot', 'The Fairly OddParents']",multiple
Entertainment: Cartoon & Animations,medium,"In what year did the anime adaptation of ""March Comes In Like A Lion"" air?",2016,"['2017', '2018', '2015']",multiple
Entertainment: Music,easy,Who was the most streamed artist on Spotify in 2019?,Post Malone,"['Billie Eilish', 'Ariana Grande', 'Drake']",multiple
History,medium,The Little Entente was an alliance formed against which nation?,Hungary,"['Germany', 'France', 'Prussia']",multiple
General Knowledge,easy,When was Pong released?,"November 29, 1972","['March 29, 2017', 'November 29, 1970', 'December 14, 1974']",multiple
Entertainment: Video Games,easy,"What was Frank West's job in ""Dead Rising""?",Photojournalist,"['Janitor', 'Chef', 'Taxi Driver']",multiple
Geography,hard,Where is the city of Haarlem located?,The Netherlands,"['Germany', 'United States', 'Switzerland']",multiple
Entertainment: Music,hard,Which of these is Daft Punk's debut single?,The New Wave,"['Da Funk', 'Discovery', 'Around the World']",multiple
Animals,hard,"Unlike on most salamanders, this part of a newt is flat?",Tail,"['Head', 'Teeth', 'Feet']",multiple
Entertainment: Television,easy,"What is the name of the planet that the Doctor from television series ""Doctor Who"" comes from?",Gallifrey,"['Sontar', 'Skaro', 'Mondas']",multiple
Vehicles,medium,What was the first vehicle that came with air conditioning as a factory standard?,Packard,"['Tucker', 'Ford', 'Hudson']",multiple
Entertainment: Video Games,medium,"Which of these stages is not playable in ""Super Smash Bros. for Wii U""?",Fountain of Dreams,"['Bridge of Eldin', '75m', 'Miiverse']",multiple
Geography,easy,Ottawa is the capital of Canada.,True,['False'],boolean
Entertainment: Video Games,easy,"In the Mortal Kombat series the ""Deadly Alliance"" consists of Shang Tsung and Quan Chi",True,['False'],boolean
Entertainment: Television,hard,Which of these Nickelodeon game shows aired first?,Double Dare,"['Nick Arcade', 'Finders Keepers', 'Nickelodeon Guts']",multiple
Sports,medium,What is the oldest team in Major League Baseball?,Atlanta Braves,"['Chicago Cubs', 'Cincinnati Reds', 'St. Louis Cardinals']",multiple
Science: Computers,medium,What is the main CPU is the Sega Mega Drive / Sega Genesis?,Motorola 68000,"['Zilog Z80', 'Yamaha YM2612', 'Intel 8088']",multiple
Sports,easy,Which wrestler won the 2019 Men’s Royal Rumble?,Seth Rollins,"['Braun Strowman', 'AJ Styles', 'Andrade']",multiple
Art,easy,Who painted the Sistine Chapel?,Michelangelo,"['Leonardo da Vinci', 'Pablo Picasso', 'Raphael']",multiple
History,medium,Who was the first wife of King Henry VIII?,Catherine of Aragon,"['Jane Seymour', 'Anne Boleyn', 'Anne of Cleves']",multiple
Entertainment: Video Games,easy,"The game ""Jetpack Joyride"" was created by ""Redbrick Studios"".",False,['True'],boolean
Entertainment: Television,easy,"In the show ""Tengen Toppa Gurren Lagann"" what is the name of the character who force everyone to live underground?",Lordgenome,"['Kingloname', 'Lord Genome', 'King Loname']",multiple
Entertainment: Video Games,medium,"In Touhou: Embodiment of Scarlet Devil, what song plays during Flandre Scarlet's boss fight?",U.N. Owen Was Her,"['Septette for the Dead Princess', 'Flowering Night', 'Pierrot of the Star-Spangled Banner']",multiple
Entertainment: Video Games,easy,The name of the Metroid series comes from what?,An enemy in the game,"[""The final boss's name"", ""The main character's name"", ""A spaceship's name""]",multiple
Entertainment: Musicals & Theatres,hard,Which of these plays was famously first performed posthumously after the playwright committed suicide?,4.48 Psychosis,"['Hamilton', 'Much Ado About Nothing', 'The Birthday Party']",multiple
Entertainment: Video Games,medium,"In the video game ""Pizza Tower"", what is the protagonist's name?",Peppino,"['Pastachio', 'Pepper', 'Spinachio']",multiple
History,easy,Who was the first ruler of Haiti after the country had gained its independence?,Jean-Jacques Dessalines,"['Toussaint Louverture', 'Henri Christophe', 'Alexandre Petion']",multiple
Entertainment: Television,easy,Guy's Grocery Games is hosted by which presenter?,Guy Fieri,"['Guy Martin', 'Guy Ritchie', 'Ainsley Harriott']",multiple
Entertainment: Cartoon & Animations,easy,"Which of these characters from ""SpongeBob SquarePants"" is not a squid?",Gary,"['Orvillie', 'Squidward', 'Squidette']",multiple
Entertainment: Music,hard,Which British band won the first edition of the Brit Awards in 1977?,The Beatles,"['Pink Floyd', 'The Rolling Stones', 'The Who']",multiple
Entertainment: Video Games,medium,In what year were achivements added to Steam?,2007,"['2008', '2009', '2006']",multiple
Entertainment: Video Games,medium,What is the name of the island introduced in the ARMA III: APEX expansion pack?,Tanoa,"['Altis', 'Stratis', 'Malden']",multiple
Entertainment: Film,medium,"What does TIE stand for in reference to the TIE Fighter in ""Star Wars""?",Twin Ion Engine,"['Twin Iron Engine', 'Twin Intercepter Engine', 'Twin Inception Engine']",multiple
History,easy,What was the first sport to have been played on the moon?,Golf,"['Football', 'Tennis', 'Soccer']",multiple
Entertainment: Music,medium,"In which year did ""Caravan Palace"" release their first album?",2008,"['2000', '2015', '2004']",multiple
Entertainment: Music,medium,Which of these black metal acts was a solo project?,Burzum,"['Darkthrone', 'Mayhem', 'Dissection']",multiple
Entertainment: Film,hard,What was the first superhero film James Gunn was involved with?,The Specials,"['Super', 'Guardians of the Galaxy', 'Brightburn']",multiple
Entertainment: Books,easy,"What was Sir Handel's original name in ""The Railway Series"" and it's animated counterpart ""Thomas and Friends?""",Falcon,"['Eagle', 'Kyte', 'Swallow']",multiple
Mythology,medium,"In Greek mythology, Hera is the goddess of harvest.",False,['True'],boolean
Geography,hard,The Svalbard Archipelago is a dependency of which country?,Norway,"['Denmark', 'Iceland', 'Russia']",multiple
Entertainment: Cartoon & Animations,easy,What was the first Disney movie to use CGI?,The Black Cauldron,"['Tron', 'Toy Story', 'Fantasia']",multiple
Geography,hard,The Hunua Ranges is located in...,New Zealand,"['Nepal', 'China', 'Mexico']",multiple
Entertainment: Books,hard,"In the book ""The Martian"", how long was Mark Watney trapped on Mars (in Sols)?",549 Days,"['765 Days', '401 Days', '324 Days']",multiple
Entertainment: Video Games,easy,What company developed the Xbox line of video game consoles?,Microsoft,"['Sony', 'Toshiba', 'IBM']",multiple
Entertainment: Video Games,medium,"In the Half-Life universe, the Black Mesa Research Facility is located in which US state?",New Mexico,"['Nevada', 'Arizona', 'Wyoming']",multiple
Vehicles,medium,Which of the following passenger jets is the longest?,Boeing 747-8,"['Airbus A350-1000', 'Airbus A330-200', 'Boeing 787-10']",multiple
History,medium,Martin Luther King Jr. and Anne Frank were born the same year. ,True,['False'],boolean
Science & Nature,easy,How many chromosomes are in your body cells?,23,"['21', '22', '24']",multiple
Geography,easy,Miami is Florida's largest city.,False,['True'],boolean
Entertainment: Books,easy,"Shub-Niggurath is a creature that was created by J. R. R. Tolkien in his novel ""The Lord of The Rings"".",False,['True'],boolean
Science & Nature,medium,What is the name of the Supermassive Black Hole in the centre of the Milky Way?,Sagittarius A*,"['Messier 87', 'Alpha Centauri', 'Andromeda']",multiple
Entertainment: Video Games,medium,"In Portal 2, which solar system body did Wheatley end up orbiting?",The moon,"['Earth', 'Jupiter', 'Mars']",multiple
Vehicles,hard,Volkswagen's legendary VR6 engine has cylinders positioned at what degree angle?,15 Degree,"['30 Degree', '45 Degree', '90 Degree']",multiple
General Knowledge,easy,What is the famous Papa John's last name?,Schnatter,"['Chowder', 'Williams', 'ANDERSON']",multiple
Entertainment: Film,medium,"In the 1984 movie ""The Terminator"", what model number is the Terminator portrayed by Arnold Schwarzenegger?",T-800,"['I-950', 'T-888', 'T-1000']",multiple
Science & Nature,easy,What does the letter 'S' stand for in 'NASA'?,Space,"['Science', 'Society', 'Star']",multiple
History,hard,What was the Canada's first capital?,Kingston,"['Toronto', 'Ottawa', 'Montreal']",multiple
Geography,hard,Where is Timbuktu located?,"Mali, Africa","['Azerbaijan, Asia', 'Bangladesh, Asia', 'Mauritania, Africa']",multiple
Entertainment: Books,medium,"In the year 1818, novelist Mary Shelly is credited with writing a fiction novel and creating this infamous character.",Frankenstein's monster,"['Dracula', 'The Thing', 'The Invisible Man']",multiple
Geography,medium,How many provinces are in the Netherlands?,12,"['14', '10', '13']",multiple
Geography,hard,Santorini is an island belonging to what European Country?,Greece,"['Italy', 'Spain', 'Turkey']",multiple
Entertainment: Film,medium,Actress Susan Sarandon caught pneumonia during filming of which movie?,The Rocky Horror Picture Show,"['Thelma and Louise', 'Dead Man Walking', 'Enchanted']",multiple
Entertainment: Cartoon & Animations,medium,"The stop motion comedy show ""Robot Chicken"" was created by which of the following?",Seth Green,"['Seth MacFarlane', 'Seth Rogen', 'Seth Rollins']",multiple
Entertainment: Film,medium,Which of the following James Bond villains is not affiliated with the SPECTRE organization?,Auric Goldfinger,"['Dr. Julius No', 'Rosa Klebb', 'Emilio Largo']",multiple
Geography,hard,What is the name of rocky region that spans most of eastern Canada?,Canadian Shield,"['Rocky Mountains', 'Appalachian Mountains', 'Himalayas']",multiple
Entertainment: Video Games,medium,"When Halo 3: ODST was unveiled in 2008, it had a different title. What was the game formally called?",Halo 3: Recon,"['Halo 3: Helljumpers', 'Halo 3: Phantom', 'Halo 3: Guerilla']",multiple
Entertainment: Japanese Anime & Manga,hard,"Which animation studio produced ""Log Horizon""?",Satelite,"['Sunrise', 'Xebec', 'Production I.G']",multiple
Entertainment: Video Games,easy,"In PROTOTYPE 2. who is referred to as ""Tango Primary""?",James Heller,"['Alex Mercer', 'Dana Mercer', 'Any Goliaths roaming around']",multiple
Entertainment: Video Games,medium,Which Dota 1 hero changed gender when ported to Dota 2?,Legion Commander,"['Axe', 'Keeper of the Light', 'Templar Assassin']",multiple
Science: Computers,hard,Which of the following is the oldest of these computers by release date?,TRS-80,"['Commodore 64', 'ZX Spectrum', 'Apple 3']",multiple
Science & Nature,easy,How many moons does the Earth have?,1,"['0', '2', '3']",multiple
Celebrities,medium,Who out of these actresses is the youngest?,Kiernan Shipka,"['Ariel Winter', 'Emma Watson', 'Bonnie Wright']",multiple
Entertainment: Video Games,hard,"In ""Call Of Duty: Zombies"", what does the game traditionally reward you for completing a boss round?",Max Ammo,"['A Pack-A-Punched gun', 'Death Machine', 'Monkey Bombs']",multiple
History,easy,The Tiananmen Square protests of 1989 were held in Hong Kong.,False,['True'],boolean
Entertainment: Video Games,easy,"The Konami Code is known as Up, Up, Down, Down, Left, Right, Right, Left, B, A, Start.",False,['True'],boolean
History,hard,Which King of England was faced with the Peasants' Revolt in 1381?,Richard II,"['Edward III', 'Edward II', 'Henry IV']",multiple
Entertainment: Video Games,easy,"In Dota 2, Wraith King was previously known as...",Skeleton King,"['Reaper King', 'Skull King', 'Hell King']",multiple
General Knowledge,easy,What do sailors call the left side of a boat?,Port,"['Starboard', 'Bow', 'Stern']",multiple
Science & Nature,hard,Albert Einstein won a noble prize for his theory of relativity.,False,['True'],boolean
Entertainment: Board Games,easy,"In chess, which is a characteristic of the King's Gambit?",Sacrificing a pawn,"['Sacrificing the king for a queen', 'Castling kingside', 'Moving the king on the 2nd move']",multiple
Celebrities,easy,Neil Hamburger is played by which comedian?,Gregg Turkington,"['Nathan Fielder', 'Tim Heidecker', 'Todd Glass']",multiple
Entertainment: Music,medium,"A Facebook campaign placed Rage Against The Machine's ""Killing in the Name Of"" as the UK Christmas Number 1 in 2009.",True,['False'],boolean
Politics,easy,Berlin was the capital of two countries for about 40 years.,False,['True'],boolean
Geography,medium,Which city is the capital of Switzerland?,Bern,"['Zürich', 'Frankfurt', 'Wien']",multiple
History,hard,The Battle of Hastings was fought in which year?,1066,"['911', '1204', '1420']",multiple
Geography,hard,Which country is completely landlocked by South Africa?,Lesotho,"['Swaziland', 'Botswana', 'Zimbabwe']",multiple
Entertainment: Video Games,easy,Doki Doki Literature Club was developed in Japan.,False,['True'],boolean
Entertainment: Music,medium,Which of these artists do NOT originate from France?,The Chemical Brothers,"['Air', 'Justice', 'Daft Punk']",multiple
General Knowledge,easy,Scotland voted to become an independent country during the referendum from September 2014.,False,['True'],boolean
Entertainment: Television,easy,"In Star Trek: The Next Generation, what is the name of Data's cat?",Spot,"['Mittens', 'Tom', 'Kitty']",multiple
General Knowledge,easy,Is a dog a mammal?,True,['False'],boolean
History,hard,The Kingdom of Prussia briefly held land in Estonia.,False,['True'],boolean
Entertainment: Television,hard,"Which race enjoys a glass of warm baghol in ""Star Trek""?",Klingon,"['Vulcan', 'Human', 'Botha']",multiple
Science: Computers,hard,Who is the founder of Palantir?,Peter Thiel,"['Mark Zuckerberg', 'Marc Benioff', 'Jack Dorsey']",multiple
History,medium,The United States Army Air Corps became the United States Air Force on what date?,"September 18, 1947","['December 14, 1946', 'October 27, 1945', 'November 08, 1944']",multiple
Geography,hard,What is the most populous Muslim-majority nation in 2010?,Indonesia,"['Saudi Arabia', 'Iran', 'Sudan']",multiple
General Knowledge,medium,A statue of Charles Darwin sits in what London museum?,Natural History Museum,"['Tate', 'British Museum', 'Science Museum']",multiple
Vehicles,easy,Which of the following collision avoidance systems helps airplanes avoid colliding with each other?,TCAS,"['GPWS', 'OCAS', 'TAWS']",multiple
Entertainment: Video Games,medium,"In the game ""Cave Story,"" what is the character Balrog's catchphrase?",Huzzah!,"['Yes!', 'Whoa there!', 'Nyeh heh heh!']",multiple
Entertainment: Film,medium,Which movie of film director Stanley Kubrick is known to be an adaptation of a Stephen King novel?,The Shining,"['2001: A Space Odyssey', ' Dr. Strangelove ', 'Eyes Wide Shut']",multiple
Entertainment: Music,hard,What is Justin Bieber's debut Album?,My World 2.0,"['U Smile', 'Baby', 'Purpose']",multiple
Entertainment: Video Games,easy,What is the protagonist's title given by the demons in DOOM (2016)?,Doom Slayer,"['Doom Guy', 'Doom Marine', 'Doom Reaper']",multiple
Entertainment: Video Games,medium,"The edutainment video game series character, Carmen Sandiego, is partially named after Brazilian actress, Carmen Miranda.",True,['False'],boolean
Entertainment: Video Games,medium,How many Wii consoles were sold worldwide?,"101,630,000","['67,000,000', '148,000,000', '80,000,000']",multiple
Vehicles,medium,"Which animal features on the logo for Abarth, the motorsport division of Fiat?",Scorpion,"['Snake', 'Bull', 'Horse']",multiple
Entertainment: Video Games,medium,"In ""Call Of Duty: Zombies"", you can upgrade the ""Apothicon Servant"" in the ""Shadows Of Evil"" map.",False,['True'],boolean
Geography,medium,Broome is a town in which state of Australia?,Western Australia,"['Northern Territory', 'South Australia', 'Tasmania']",multiple
Entertainment: Television,medium,"Which movie served as the KTMA pilot episode for the show ""Mystery Science Theater 3000""?",The Green Slime,"['The Robot Vs. The Aztec Mummy', 'The Crawling Eye', 'Plan 9 From Outer Space']",multiple
Entertainment: Television,easy,"What was the name of the police officer in the cartoon ""Top Cat""?",Dibble,"['Barbrady', 'Mahoney', 'Murphy']",multiple
Entertainment: Video Games,medium,What was the first Super Mario game ever released in North America for the 3DS?,Super Mario 3D Land,"['Super Mario Maker', 'New Super Mario Bros. 2', 'Mario Kart 7']",multiple
Entertainment: Books,medium,Which American author was also a budding travel writer and wrote of his adventures with his dog Charley?,John Steinbeck,"['F. Scott Fitzgerald', 'Ernest Hemingway', 'William Faulkner']",multiple
Entertainment: Japanese Anime & Manga,medium,"In ""JoJo's Bizarre Adventure: Stardust Crusaders"", what is the last name of the protagonist Jotaro?",Kujo,"['Cujoh', 'Joestar', 'Higashikata']",multiple
Entertainment: Music,easy,"Who performed ""I Took A Pill In Ibiza""?",Mike Posner,"['Avicii', 'Robbie Williams', 'Harry Styles']",multiple
Science & Nature,medium,What is the medical term for low blood sugar?,Hypoglycemia,"['Hypothyroidism', 'Hypothermia', 'Hypoxia']",multiple
Science: Mathematics,medium,What is the derivative of sin(x),cos(x),"['csc(x)', '-cos(x)', '-sin(x)']",multiple
Entertainment: Books,medium,Which of the following authors was not born in England? ,Arthur Conan Doyle,"['Graham Greene', 'H G Wells', 'Arthur C Clarke']",multiple
History,medium,Who was Hannibal?,Carthaginian general,"['British serial killer', 'French explorer', 'Greek philosopher']",multiple
Entertainment: Film,medium,"What year did the movie ""Napoleon Dynamite"" come out?",2004,"['2002', '2003', '2005']",multiple
Entertainment: Music,hard,What song originally performed by The Bee Gees in 1978 had a cover version by Steps 20 years later?,Tragedy,"['Night Fever', ""Stayin' Alive"", 'You Should Be Dancing']",multiple
Entertainment: Comics,medium,Who is the second person to take up the mantle of Night Owl in the Watchmen graphic novel?,Daniel Dreiberg,"['Nelson Gardner', 'Hollis Mason', 'Adrian Veidt']",multiple
Sports,medium,Which basketball team has attended the most NBA grand finals?,Los Angeles Lakers,"['Boston Celtics', 'Philadelphia 76ers', 'Golden State Warriors']",multiple
Entertainment: Film,easy,The 2016 Disney animated film 'Moana' is based on which culture?,Polynesian,"['Native American', 'Japanese', 'Nordic']",multiple
Science: Computers,hard,The internet domain .fm is the country-code top-level domain for which Pacific Ocean island nation?,Micronesia,"['Fiji', 'Tuvalu', 'Marshall Islands']",multiple
Entertainment: Video Games,medium,Which of these games was the earliest known first-person shooter with a known time of publication?,Spasim,"['Doom', 'Wolfenstein', 'Quake']",multiple
Science: Gadgets,medium,How does a centrifuge separate heavy and light particles?,Spinning,"['Vibrating', 'Sifting', 'Ionizing']",multiple
General Knowledge,easy,The Great Wall of China is visible from the moon.,False,['True'],boolean
Entertainment: Music,easy,What is the frontman's name of the metal band Megadeth?,Dave Mustaine,"['Rob Halford', 'Vince Neil', 'James Hetfield']",multiple
Entertainment: Comics,hard,"In the webcomic ""Ava's Demon"", what sin is ""Nevy Nervine"" based off of? ",Envy ,"['Sloth', 'Wrath ', 'Lust']",multiple
Entertainment: Video Games,medium,Which of these is NOT a terrorist faction in Counter-Strike (2000)?,Midwest Militia,"['Phoenix Connection', 'Elite Crew', 'Guerrilla Warfare']",multiple
Entertainment: Music,easy,Who is the frontman of the band 30 Seconds to Mars?,Jared Leto,"['Gerard Way', 'Matthew Bellamy', 'Mike Shinoda']",multiple
Geography,medium,"Eritrea, which became the 182nd member of the UN in 1993, is in the continent of?",Africa,"['Europe', 'Asia', 'South America']",multiple
Mythology,hard,What immense structure is referred to in Norse Mythology as the Yggdrasil.,Tree,"['Mountain', 'Temple', 'Castle']",multiple
Entertainment: Music,easy,"The ""British Invasion"" was a cultural phenomenon in music where British boy bands became popular in the USA in what decade?",60's,"[""50's"", ""40's"", ""30's""]",multiple
General Knowledge,medium,"The website ""Shut Up & Sit Down"" reviews which form of media?",Board Games,"['Television Shows', 'Video Games', 'Films']",multiple
Entertainment: Video Games,medium,How many controllers could a Nintendo GameCube have plugged in at one time?,4,"['8', '6', '2']",multiple
Entertainment: Video Games,medium,"In Portal, what color is the Morality Core?",Purple,"['Red', 'Yellow', 'Blue']",multiple
Entertainment: Video Games,easy,Pokémon Go is a location-based augmented reality game developed and published by which company?,Niantic,"['Rovio', 'Zynga', 'Supercell']",multiple
Science: Computers,medium,The first computer bug was formed by faulty wires.,False,['True'],boolean
History,medium,Who was a military strategist in the Eastern Zhou period?,Sun Tzu,"['Lu Bu', 'Genghis Khan', 'Vlad The Impaler']",multiple
Entertainment: Television,medium,"In Naruto: Shippuden, which of the following elements is a ""Kekkei Tōta?""",Particle Style,"['Any Doujutsu', 'Shadow Style', 'Ice Style']",multiple
Science & Nature,easy,Which noble gas has the lowest atomic number?,Helium,"['Neon', 'Argon', 'Krypton']",multiple
Entertainment: Music,hard,Pamina and Papageno are characters in what Mozart opera?,The Magic Flute,"['The Marriage of Figaro', 'The Impresario', 'The Goose of Cairo']",multiple
Entertainment: Video Games,medium,"Which puzzle game was designed by a Russian programmer, featuring Russian buildings and music?",Tetris,"['Jenga', 'Boulder Dash', 'Puzzled']",multiple
Entertainment: Television,easy,"In Battlestar Galactica (2004), Cylons were created by man as cybernetic workers and soldiers.",True,['False'],boolean
History,easy,On what street did the 1666 Great Fire of London start?,Pudding Lane,"['Baker Street', 'Houses of Parliament', ""St Paul's Cathedral""]",multiple
Science: Computers,easy,"In computing, how many bits are in a nibble?",4,"['16', '32', '2']",multiple
Entertainment: Music,medium,"Which of these songs by artist Eminem contain the lyric ""Nice to meet you. Hi, my name is... I forgot my name!""?",Rain Man,"['Without Me', 'Kim', 'Square Dance']",multiple
Sports,hard,How many times did Martina Navratilova win the Wimbledon Singles Championship?,Nine,"['Ten', 'Seven', 'Eight']",multiple
History,medium,All of the following are names of the Seven Warring States EXCEPT:,Zhai (翟),"['Zhao (趙)', 'Qin (秦)', 'Qi (齊)']",multiple
Science & Nature,easy,Which is the longest bone in the human body? ,Femur,"['Scapula', 'Fibula', 'Ulna']",multiple
Science & Nature,medium,What part of the body produces insulin?,Pancreas,"['Kidney', 'Liver', 'Stomach']",multiple
Geography,medium,The US state of New York has about as many inhabitants as?,Romania,"['Poland', 'Germany', 'Hungary']",multiple
Science & Nature,medium,Which element has the atomic number of 7?,Nitrogen,"['Oxygen', 'Hydrogen', 'Neon']",multiple
General Knowledge,medium,What was the soft drink Pepsi originally introduced as?,Brad's Drink,"['Pepsin Pop', 'Carolina Cola', 'Pepsin Syrup']",multiple
Geography,hard,What is the largest freshwater lake by volume?,Lake Baikal,"['Lake Superior', 'Lake Huron', 'Lake Michigan']",multiple
Politics,medium,"Taiwan officially calls itself ""the Republic of China"".",True,['False'],boolean
Entertainment: Video Games,medium,"How much did the indie game ""Cave Story"" cost when it was first released in 2004?",$0 USD,"['$5 USD', '$10 USD', '$15 USD']",multiple
Entertainment: Music,medium,"Johnny Cash did a cover of this song written by lead singer of Nine Inch Nails, Trent Reznor.",Hurt,"['Closer', 'A Warm Place', 'Big Man with a Gun']",multiple
Entertainment: Books,medium,"What is the name of Eragon's dragon in ""Eragon""?",Saphira,"['Glaedr', 'Thorn', 'Arya']",multiple
Science & Nature,easy,Which element has the chemical symbol 'Fe'?,Iron,"['Gold', 'Silver', 'Tin']",multiple
Entertainment: Music,medium,Ellie Goulding's earliest album was named?,Lights,"['Halcyon', 'Bright Lights', 'Halcyon Days']",multiple
Science: Mathematics,medium,Which mathematician refused the Fields Medal?,Grigori Perelman,"['Andrew Wiles', 'Terence Tao', 'Edward Witten']",multiple
Entertainment: Video Games,hard,"What is the real name of ""Warhead"" in the Sega Genesis game ""Vectorman""?",Raster,"['Peacehead', 'Vectorkid', 'Bitmap']",multiple
Mythology,medium,"According to Japanese folklore, what is the favorite food of the Kappa.",Cucumbers,"['Kabocha', 'Nasu', 'Soba']",multiple
General Knowledge,easy,What machine element is located in the center of fidget spinners?,Bearings,"['Axles', 'Gears', 'Belts']",multiple
Animals,medium,What is the common term for bovine spongiform encephalopathy (BSE)?,Mad Cow disease,"[""Weil's disease"", 'Milk fever', 'Foot-and-mouth disease']",multiple
Entertainment: Video Games,medium,Which survivor in Left 4 Dead sacrificed themself to save the other survivors?,Bill,"['Louis', 'Francis', 'Zoey']",multiple
Entertainment: Video Games,medium,"From the Meme Culture, which Mario game immerged ""Weegee""?",Mario is Missing! MS-DOS Version ,"['Mario is Missing! SNES Version', 'Mario is Missing! NES Version', 'Mario is Missing! MSX Version']",multiple
Entertainment: Film,medium,"What American actor directed and co-starred alongside Emily Blunt in 2018's horror film ""A Quiet Place""?",John Krasinski,"['Keanu Reeves', 'Willem Dafoe', 'Josh Brolin']",multiple
Animals,hard,What is the name of the copper-rich protein that creates the blue blood in the Antarctic octopus?,Hemocyanin,"['Cytochrome', 'Iron', 'Methionine']",multiple
Entertainment: Video Games,easy,"Lanky, Funky, and Chunky are all characters featured in which series owned by Nintendo?",Donkey Kong,"['Mario', 'Kirby', 'Zelda']",multiple
Entertainment: Video Games,medium,What is the item required to summon the boss Duke Fishron in the game Terraria?,Truffle Worm,"['Suspicious Looking Fish', 'King Grasshopper', 'Slug']",multiple
Entertainment: Books,easy,The book 1984 was published in 1949.,True,['False'],boolean
Sports,easy,Who won the 2016 Formula 1 World Driver's Championship?,Nico Rosberg,"['Lewis Hamilton', 'Max Verstappen', 'Kimi Raikkonen']",multiple
Entertainment: Television,hard,What was the date of original airing of the pilot episode of My Little Pony: Friendship is Magic?,"October 10th, 2010","['November 6th, 2010', 'April 14th, 1984', 'May 18th, 2015']",multiple
Entertainment: Film,easy,7-Eleven stores were temporarily converted into Kwik E-marts to promote the release of what movie?,The Simpsons Movie,"['Spider-Man 3', 'Shrek the Third', 'Ratatouille']",multiple
Entertainment: Music,medium,Which song is not by TheFatRat?,Ascent,"['Monody', 'Windfall', 'Infinite Power!']",multiple
Entertainment: Music,medium,Which of these is not an Ed Sheeran album?,-,"['+', 'X', '÷']",multiple
Entertainment: Music,medium,"Musical artist, Future, collaborated with Kendrick Lamar for the song: ""Mask Off"".",True,['False'],boolean
Entertainment: Books,easy,What is the name of the three headed dog in Harry Potter and the Sorcerer's Stone?,Fluffy,"['Spike', 'Poofy', 'Spot']",multiple
Sports,easy,"What sport features the terms love, deuce, match and volley?",Tennis,"['Cricket', 'Basketball', 'Curling']",multiple
Entertainment: Music,medium,"Scottish producer Calvin Harris is from the town of Dumfries, Scotland.",True,['False'],boolean
History,medium,Adolf Hitler was born on which date?,"April 20, 1889","['June 12, 1889', 'February 6, 1889', 'April 16, 1889']",multiple
Entertainment: Film,medium,"In Finding Nemo, what was the name of Nemo's mom?",Coral,"['Sandy', 'Pearl', 'Shelly']",multiple
Science: Gadgets,medium,In what year was the Oculus Rift revealed to the public through a Kickstarter campaign?,2012,"['2010', '2011', '2013']",multiple
Entertainment: Comics,easy,"In the Marvel comic ""The Superior Spider-Man"", Peter Parker's body is taken over by which character?",Otto Octavius ,"['Norman Osborn', 'Mary Jane', 'Eddie Brock ']",multiple
Entertainment: Video Games,hard,"In the game ""Melty Blood Actress Again Current Code"", you can enter Blood Heat mode in Half Moon style.",False,['True'],boolean
History,medium,"In World War II, Hawker Typhoons served in the Pacific theater.",False,['True'],boolean
Entertainment: Video Games,medium,"What is the name of the only female ""Original Four"" Kerbal in Kerbal Space Program?",Valentina Kerman,"['Emiko Kerman', 'Samantha Kerman', 'Catmund Kerman']",multiple
Geography,hard,What is the capital city of Bermuda?,Hamilton,"['Santo Dominigo', 'San Juan', 'Havana']",multiple
Animals,medium,Which dog breed is named after a region in Croatia,Dalmatian,"['Pekingnese', 'Chihuahua ', 'Pomeranian']",multiple
Politics,hard,Nazi Germany surrendered on Harry Truman's birthday while he was president.,True,['False'],boolean
Entertainment: Video Games,hard,"In the title of the game ""Luigi's Mansion"", what is the only letter to not appear with a pair of eyes in it?",s,"['n', 'i', 'm']",multiple
Entertainment: Music,medium,"What year was Red Hot Chill Pepper's album ""Californication"" released?",1999,"['1997', '2000', '1992']",multiple
History,hard,The Hagia Sophia was commissioned by which emperor of the Byzantine Empire?,Justinian I,"['Constantine IV', 'Arcadius', 'Theodosius the Great']",multiple
Science: Computers,easy,What does the computer software acronym JVM stand for?,Java Virtual Machine,"['Java Vendor Machine', 'Java Visual Machine', 'Just Virtual Machine']",multiple
History,medium,Who was the leader of Sweden in the Great Northern War?,Charles XII,"['Per Albin Hansson', 'Peter the Great', 'Gustavus Adolphus']",multiple
Vehicles,hard,How much horsepower is produced by the SD40-2 Locomotive?,"3,000","['3,200', '2,578', '2,190']",multiple
Sports,medium,"In 2016, who won the Formula 1 World Constructor's Championship for the third time in a row?",Mercedes-AMG Petronas,"['Scuderia Ferrari', 'McLaren Honda', 'Red Bull Racing Renault']",multiple
Entertainment: Film,medium,Which one of these films are shot entirely in one-take?,Russian Ark,"['Good Will Hunting', 'Birdman', ""Schindler's List""]",multiple
Sports,easy,Who won the UEFA Champions League in 2016?,Real Madrid C.F.,"['FC Bayern Munich', 'Atletico Madrid', 'Manchester City F.C.']",multiple
Geography,easy,What is the only state in the United States that does not have a flag in a shape with 4 edges?,Ohio,"['Florida', 'Idaho', 'New Mexico']",multiple
Entertainment: Music,medium,"What was the title of Sakamoto Kyu's song ""Ue o Muite Arukou"" (I Look Up As I Walk) changed to in the United States?",Sukiyaki,"['Takoyaki', 'Sushi', 'Oden']",multiple
Entertainment: Video Games,easy,Which Nintendo 64 game did NOT have Luigi in it?,Super Mario 64,"['Mario Party 2', 'Paper Mario', 'Super Smash Bros.']",multiple
Science & Nature,easy,What does DNA stand for?,Deoxyribonucleic Acid,"['Deoxyribogenetic Acid', 'Deoxyribogenetic Atoms', 'Detoxic Acid']",multiple
Entertainment: Video Games,hard,"Which of these characters in ""Undertale"" can the player NOT go on a date with?",Toriel,"['Papyrus', 'Undyne', 'Alphys']",multiple
Entertainment: Cartoon & Animations,easy,"Bill Cipher in the show ""Gravity Falls"" is the good guy.",False,['True'],boolean
History,hard,"From 1940 to 1942, what was the capital-in-exile of Free France ?",Brazzaville,"['Algiers', 'Paris', 'Tunis']",multiple
History,medium,Who was the first President of the People's Republic of China?,Mao Zedong,"['Liu Shaoqi', 'Dong Biwu', 'Li Xiannian']",multiple
Entertainment: Video Games,easy,"What's the name of the main protagonist in the ""Legend of Zelda"" franchise?",Link,"['Mario', 'Zelda', 'Pit']",multiple
Mythology,medium,A minotaur is half human half what?,Bull,"['Cow', 'Horse', 'Eagle']",multiple
Entertainment: Video Games,medium,Tony Hawk's Pro Skater was released in 1999.,True,['False'],boolean
Entertainment: Comics,medium,"Which ""Green Arrow"" sidekick commonly wears a baseball cap?",Roy Harper,"['Black Canary', 'Emiko Queen', 'Dick Grayson']",multiple
Sports,medium,Who has played the most tournaments in the German national soccer team?,Lothar Matthäus,"['Miroslav Klose', 'Philipp Lahm', 'Oliver Kahn']",multiple
Geography,medium,The capital of the US State Ohio is the city of Chillicothe.,False,['True'],boolean
Science: Computers,easy,What is the name of Layer 7 of the OSI model?,Application,"['Session', 'Network', 'Present']",multiple
Entertainment: Japanese Anime & Manga,medium,"In the anime, ""Super Sonico"", what is Super Sonico's favorite food?",Macroons,"['Ice Cream', 'Pizza', 'Chips']",multiple
Entertainment: Cartoon & Animations,easy,Which 'Family Guy' character got his own spin-off show in 2009?,Cleveland Brown,"['Glenn Quagmire', 'Joe Swanson', 'The Greased-up Deaf Guy']",multiple
Science & Nature,hard,Which of the following is considered classical conditioning?,Pavlov's dog experiments,"['Skinner box experiment', ""Schrödinger's cat experiment"", 'Harlow’s monkey experiments']",multiple
Entertainment: Japanese Anime & Manga,hard,"In ""Highschool of the Dead"", where did Komuro and Saeko establish to meet after the bus explosion?",Eastern Police Station,"['The Center Mall', ""Komuro's House"", 'On The Main Bridge']",multiple
Geography,medium,Russia shares a land border with North Korea.,True,['False'],boolean
Entertainment: Cartoon & Animations,hard,Which of these cartoon girlfriends of popular characters first appeared before their boyfriends?,Olive Oyl,"['Minnie Mouse', 'Lola Bunny', 'Daisy Duck']",multiple
Entertainment: Japanese Anime & Manga,easy,Which part from the JoJo's Bizarre Adventure manga is about a horse race across America?,Part 7: Steel Ball Run,"['Part 6: Stone Ocean', 'Part 3: Stardust Crusaders', 'Part 5: Golden Wind']",multiple
Animals,easy,What do you call a baby bat?,Pup,"['Cub', 'Chick', 'Kid']",multiple
Sports,easy,When was the first official international game played?,1872,"['1880', '1863', '1865']",multiple
Entertainment: Film,medium,In what year was the first Transformers movie released?,1986,"['2007', '1984', '2009']",multiple
Entertainment: Video Games,easy,"In ""Call Of Duty: Zombies"", what is the name of the Pack-A-Punched Crossbow?",Awful Lawton,"['Longinus', 'V-R11', 'Predator']",multiple
Science: Computers,hard,Which kind of algorithm is Ron Rivest not famous for creating?,Secret sharing scheme,"['Hashing algorithm', 'Asymmetric encryption', 'Stream cipher']",multiple
Entertainment: Video Games,medium,"What's the famous line Vaas says in ""Far Cry 3""?",Did I ever tell you the definition of Insanity?,"['Have I failed to entertain you?', ""You're my b*tch!"", 'Maybe your best course...would be to tread lightly.']",multiple
Politics,medium,"What country saw a world record 315 million voters turn out for elections on May 20, 1991?",India,"['United States of America', 'Soviet Union', 'Poland']",multiple
General Knowledge,medium,The architect known as Le Corbusier was an important figure in what style of architecture?,Modernism,"['Neoclassical', 'Baroque', 'Gothic Revival']",multiple
Entertainment: Video Games,medium,What is the only Generation III Pokemon whose name begins with the letter I?,Illumise,"['Infernape', 'Ivysaur', 'Igglybuff']",multiple
Entertainment: Music,medium,What is the first track on Kanye West's 808s & Heartbreak?,Say You Will,"['Welcome to Heartbreak', 'Street Lights', 'Heartless']",multiple
Entertainment: Video Games,medium,What mainly favored rifle is used by the Terrorists in Counter Strike: Global Offensive?,AK-47,"['AK-74', 'M4A4', 'CZ-75 AUTO']",multiple
Geography,medium,Is Tartu the capital of Estonia?,False,['True'],boolean
Entertainment: Video Games,easy,The main antagonist in the videogame Saints Row IV is an entity known as The Mastermind.,False,['True'],boolean
Entertainment: Music,medium,What's the most common time signature for rock songs?,4/4,"['1/2', '8/12', '2/4']",multiple
General Knowledge,easy,Which canal connects the Mediterranean Sea with the Red Sea?,Suez Canal,"['Panama Canal', 'Sinai Canal', 'Qaraqum Canal']",multiple
Entertainment: Video Games,medium,"In ""Overwatch"", Coalescence is the name for the ultimate of which hero?",Moira,"['Zenyatta', 'Torbjorn', 'Symmetra']",multiple
Entertainment: Video Games,medium,Who is credited with having created the world's first video game Easter Egg?,Warren Robinett,"['Julius Smith', 'Will Crowther', 'Don Woods']",multiple
Celebrities,medium,"In what year did ""Bob Ross"" die?",1995,"['1986', '1989', '1997']",multiple
Entertainment: Film,hard,YouTube personality Jenna Marbles served as an executive producer of the film Maximum Ride (2016).,True,['False'],boolean
General Knowledge,easy,The Flag of the European Union has how many stars on it?,12,"['10', '14', '16']",multiple
Entertainment: Video Games,easy,"What is the boss round featured in the ""Call Of Duty: Zombies"" map ""Five""?",The Pentagon Thief,"['Hellhounds', 'Jumping Jacks', 'Napalm Zombie']",multiple
Politics,easy,Who was the 45th President of the United States?,Donald Trump,"['Barack Obama', 'Bill Clinton', 'George Bush']",multiple
Science & Nature,medium,What causes Lyme disease?,A bacteria,"['A virus', 'A parasitic worm', 'An amoeba']",multiple
Entertainment: Music,hard,"Myoui Mina, member of Korean girl group TWICE, was born in South Korea, despite being Japanese.",False,['True'],boolean
General Knowledge,medium,"What is the romanized Japanese word for ""university""?",Daigaku,"['Toshokan', 'Jimusho', 'Shokudou']",multiple
General Knowledge,medium,Which of the following correctly describes Japanese word order?,Subject Object Verb,"['Subject Verb Object', 'Verb Subject Object', 'Verb Object Subject']",multiple
Entertainment: Video Games,easy,Rincewind from the 1995 Discworld game was voiced by which member of Monty Python?,Eric Idle,"['John Cleese', 'Terry Gilliam', 'Michael Palin']",multiple
Entertainment: Video Games,easy,Who made Garry's Mod?,Garry Newman,"['Randy Newman', 'Facepunch Studios', 'Gabe Newell']",multiple
Celebrities,medium,Paul McCartney has always used his middle name. What is his real first name? ,James,"['John', 'Jack', 'Justin']",multiple
General Knowledge,medium,"A pencil's lead is typically made from graphite, not lead",True,['False'],boolean
Entertainment: Television,hard,"In the show 'Doctor Who', what is the name of the time-capsule model stolen by 'the Doctor'?","TT Type 40, Mark 3 (TARDIS)","['TT Type 1, Mark 3 (TARDIS)', 'TT Type 40, Mark 5 (TARDIS)', 'TT Type 1, Mark 5 (TARDIS)']",multiple
Entertainment: Video Games,hard,"In the Kingdom Hearts series, which is not an optional boss you can fight?",Master Yen Sid,"['Sephiroth', 'Julius', 'Kurt Zisa']",multiple
Entertainment: Video Games,easy,"What power does Max Caulfield from ""Life is Strange"" have?",Rewinding Time,"['Invisibility', 'Telepathy', 'Super Strength']",multiple
Entertainment: Video Games,hard,Super Mario and Paarthurnax (Skyrim) are voiced by the same actor.,True,['False'],boolean
Entertainment: Video Games,easy,"Which Sonic the Hedgehog game was originally supposed to be packaged with Sonic 3, but was cut in half due to time constraints?",Sonic & Knuckles,"['Sonic 2', 'Sonic CD', 'Sonic 3D Blast']",multiple
Celebrities,easy,By what name is Carlos Estevez better known? ,Charlie Sheen,"['Ricky Martin', 'Bruno Mars', 'Joaquin Phoenix']",multiple
Mythology,easy,"In the Greek Mythology, the god of war is called Mars.",False,['True'],boolean
Art,hard,Which of these is not an additional variation of the color purple?,Kobicha,"['Byzantium', 'Pomp and Power', 'Palatinate']",multiple
Entertainment: Music,medium,What was the name of Pink Floyd's first studio album?,The Piper at the Gates of Dawn,"['Ummagumma', 'More', 'Atom Heart Mother']",multiple
Entertainment: Video Games,hard,"In Hollow Knight, how many Precepts does Zote have?",Fifty-Seven,"['Sixty-Nine', 'Fourty-Three', 'Ninety-One']",multiple
Entertainment: Music,easy,What was Rage Against the Machine's debut album?,Rage Against the Machine,"['Evil Empire', 'Bombtrack', 'The Battle Of Los Angeles']",multiple
Entertainment: Film,hard,"In order to cut costs, what were most of the extras of Mad Max (1979) paid with?",Beer,"['Fast food', 'Food stamps', ""They weren't paid""]",multiple
Entertainment: Television,easy,"In the television show Breaking Bad, what is the street name of Walter and Jesse's notorious product?",Blue Sky,"['Baby Blue', 'Rock Candy', 'Pure Glass']",multiple
Geography,easy,What colour is the circle on the Japanese flag?,Red,"['White', 'Yellow', 'Black']",multiple
History,hard,"The main objective of the German operation ""Case Blue"" during World War II was originally to capture what?",Caucasus,"['Stalingrad', 'Crimea', 'Voronezh']",multiple
Entertainment: Video Games,medium,The character that would eventually become Dr. Eggman was considered for the role of Sega's new flagship mascot before Sonic was.,True,['False'],boolean
History,easy,Which of these landmarks is not included in the original 'Seven Wonders of the Ancient World'?,Great Wall of China,"['Great Pyramid of Giza', 'Colossus of Rhodes', 'Hanging Gardens of Babylon']",multiple
Entertainment: Video Games,hard,"In ""Call Of Duty: World At War"", the first appearance of the ""PPSH-41"" in ""Zombies"" was in the map ""Der Riese"".",False,['True'],boolean
Entertainment: Television,easy,"""The Simpsons"" family is named after creator Matt Groening's real family.",True,['False'],boolean
Entertainment: Video Games,medium,"In the Super Mario Bros. series, what game is the  ""Carrot"" power-up from?",Super Mario Land 2: The 6 Golden Coins,"['Super Mario World', 'Super Mario Land', 'Super Mario 3D Land']",multiple
Science: Mathematics,medium,Aleph-nought is the cardinality of the set of all natural numbers.,True,['False'],boolean
General Knowledge,medium,"What is the romanized Russian word for ""winter""?",Zima,"['Leto', 'Vesna', ""Osen'""]",multiple
Science & Nature,hard,What is the unit of electrical inductance?,Henry,"['Weber', 'Coulomb', 'Mho']",multiple
Entertainment: Video Games,medium,"In the video game ""Closers Online: Dimension Conflict"", who is the administrator of team Wildhüter?",Alice Wiseman,"['Kim Yujung', 'Wolfgang Schneider', 'Hong Siyoung']",multiple
Entertainment: Television,medium,What is the name of the main antagonists in Battlestar Galactica?,The Cylons,"['The Collective', 'The Federation', 'The Rebels']",multiple
General Knowledge,hard,Chartreuse is a color between yellow and what?,Green,"['Red', 'Black', 'Purple']",multiple
Entertainment: Video Games,hard,Which of these Pokemon is NOT exclusively female?,Clefairy,"['Salazzle', 'Mandibuzz', 'Illumise']",multiple
Entertainment: Television,medium,"The 1985 Toyota Corolla ""AE86"" was the hero car for what anime? ",Initial D,"['Wangan Midnight', 'Ghost MF', 'Ex Driver']",multiple
Entertainment: Video Games,hard,"In the remake of ""Resident Evil 2"", which medallion does not exist?",Dragon Medallion,"['Lion Medallion', 'Unicorn Medallion', 'Maiden Medallion']",multiple
Entertainment: Video Games,easy,When was the game 'Portal 2' released?,2011,"['2014', '2009', '2007']",multiple
Entertainment: Television,easy,What Nickelodeon game show featured a house on the set that the contestants would ransack to find hidden objects?,Finders Keepers,"['Double Dare', 'Nickelodeon Guts', 'Nick Arcade']",multiple
General Knowledge,medium,"Linus Pauling, one of the only winners of multiple Nobel Prizes, earned his Nobel Prizes in Chemistry and what?",Peace,"['Physics', 'Economics', 'Physiology/Medicine']",multiple
Sports,medium,What is the name of the AHL affiliate of the Toronto Maple Leafs?,Toronto Marlies,"['Toronto Rock', 'Toronto Argonauts', 'Toronto Wolfpack']",multiple
Entertainment: Video Games,easy,"Who made the video game, ""Bendy and the Ink Machine""?",TheMeatly,"['Scott Cawthon', ' Jeff Kaplan', 'Konami']",multiple
Entertainment: Japanese Anime & Manga,medium,"In Full Metal Panic!, Whispered are those who are capable of creating Black Technology.",True,['False'],boolean
Animals,easy,What is Grumpy Cat's real name?,Tardar Sauce,"['Sauce', 'Minnie', 'Broccoli']",multiple
Entertainment: Music,hard,What rock group is named after a gym teacher who taught at the original band members' high school?,Lynyrd Skynyrd,"['Jefferson Airplane', 'Pink Floyd', 'The Byrds']",multiple
Science & Nature,medium,Enthalpy is a measure of the energy that is not available for work during a thermodynamic process.,False,['True'],boolean
General Knowledge,medium,"What is the Swedish word for ""window""?",Fönster,"['Hål', 'Skärm', 'Ruta']",multiple
Science: Computers,medium,What is largely considered the precursor to the USB format?,PS/2,"['SVGA', 'PCIe', 'FireWire']",multiple
General Knowledge,easy,Which of the following presidents is not on Mount Rushmore?,John F. Kennedy,"['Theodore Roosevelt', 'Abraham Lincoln', 'Thomas Jefferson']",multiple
Entertainment: Video Games,medium,What was the name of the first MMORPG to popularize the genre?,Ultima Online,"['World of Warcraft', 'Meridian 59', 'Guild Wars']",multiple
Entertainment: Video Games,easy,"If a ""360 no-scope"" is one full rotation before shooting, how many rotations would a ""1080 no-scope"" be?",3,"['4', '2', '5']",multiple
Science & Nature,hard,How many legs is it biologically impossible for a centipede to have?,100,"['26', '50', '74']",multiple
Science: Computers,medium,The ARM computer chip was originally developed by Acorn Computers.,True,['False'],boolean
Entertainment: Video Games,easy,"In the Nintendo DS game 'Ghost Trick: Phantom Detective', what is the name of the hitman seen at the start of the game?",Nearsighted Jeego,"['One Step Ahead Tengo', 'Missile', 'Cabanela']",multiple
Entertainment: Video Games,easy,"""Resident Evil 7"" is the first first-person Resident Evil game.",False,['True'],boolean
Science: Computers,easy,Which computer hardware device provides an interface for all other connected devices to communicate?,Motherboard,"['Central Processing Unit', 'Hard Disk Drive', 'Random Access Memory']",multiple
Politics,medium,Who is one of the co-princes of Andorra?,The president of France,"['The monarch of the UK', 'The Pope', 'No-one (the position is vacant)']",multiple
Entertainment: Film,easy,What was the first feature-length computer-animated movie?,Toy Story,"['Tron', 'Lion king', '101 Dalmatians']",multiple
Entertainment: Video Games,medium,Which country is featured in Ace Combat 5: The Unsung War?,Osea,"['Aurelia', 'Australia', 'Japan']",multiple
Entertainment: Music,easy,Ringo Starr of The Beatles mainly played what instrument?,Drums,"['Bass', 'Guitar', 'Piano']",multiple
Entertainment: Video Games,medium,"In ""Kingdom Hearts"", what mission are Donald and Goofy assigned by King Mickey?",To find the Key bearer and stick with him!,"['To find the Key bearer and steal the key!', 'To find the Key bearer and report back!', 'To find the Key bearer and kill him!']",multiple
Entertainment: Video Games,easy,There are 2 player roles in Trouble in Terrorist Town.,False,['True'],boolean
Geography,easy,What is the capital of Spain?,Madrid,"['Barcelona', 'Sevilla', 'Toledo']",multiple
Animals,medium,You can tell the age of a ladybird by counting the spots on his back.,False,['True'],boolean
Entertainment: Music,easy,"Which band recorded the album ""Parallel Lines""?",Blondie,"['Paramore', 'Coldplay', 'The Police']",multiple
Animals,hard,What is the Gray Wolf's scientific name?,Canis Lupus,"['Canis Aureus', 'Canis Latrans', 'Canis Lupus Lycaon']",multiple
Entertainment: Video Games,easy,"Which of these levels does NOT appear in the console/PC versions of the game ""Sonic Generations""?",Mushroom Hill,"['City Escape', 'Planet Wisp', 'Sky Sanctuary']",multiple
Entertainment: Television,medium,"In the TV series ""Person of Interest"", who plays the character ""Harold Finch""?",Michael Emerson,"['Jim Caviezel', 'Taraji P. Henson', 'Kevin Chapman']",multiple
General Knowledge,easy,"What is the French word for ""hat""?",Chapeau,"['Bonnet', ' Écharpe', ' Casque']",multiple
Geography,hard,Ouagadougou is the capital of which African country?,Burkina Faso,"['Central African Republic', 'Senegal', 'Zambia']",multiple
Science & Nature,medium,How many degrees Fahrenheit is 100 degrees Celsius? ,212,"['326', '100', '451']",multiple
Geography,hard,Only one country in the world starts with the letter Q.,True,['False'],boolean
General Knowledge,medium,What is the most-visited website out of these options?,Google,"['YouTube', 'Facebook', 'Wikipedia']",multiple
Animals,easy,Wombats are native to which Country?,Australia,"['New Zealand', 'Papua New Guinea', 'Palau']",multiple
Entertainment: Video Games,medium,Super Mario Bros. was released in 1990.,False,['True'],boolean
Entertainment: Video Games,medium,"Which musical artist was NOT featured as playable avatars in the game ""DJ Hero""?",Dr. Dre,"['DJ Shadow', 'Daft Punk', 'Grandmaster Flash']",multiple
Entertainment: Video Games,medium,Which game is NOT part of the Science Adventure series by 5pb. and Nitroplus?,Occultic; Nine,"['Steins; Gate', 'Robotics; Notes', 'Chaos; Child']",multiple
Celebrities,medium,"How much weight did Chris Pratt lose for his role as Star-Lord in ""Guardians of the Galaxy""?",60 lbs,"['30 lbs', '50 lbs', '70 lbs']",multiple
Entertainment: Japanese Anime & Manga,medium,"What is the name of the protagonist of the 2017 anime ""Land of the Lustrous""?",Phosphophyllite,"['Watermelon Tourmaline', 'Cinnabar', 'Padparadscha']",multiple
General Knowledge,easy,March 10th is also known as Mar10 Day.,True,['False'],boolean
Entertainment: Video Games,medium,"What former MOBA, created by Waystone Games and published by EA, was shut down in 2014?",Dawngate,"['Strife', 'League of Legends', 'Heroes of Newerth']",multiple
Art,easy,"Who painted ""The Starry Night""?",Vincent van Gogh,"['Edvard Munch', 'Pablo Picasso', 'Claude Monet']",multiple
Entertainment: Television,medium,Which actor was not a major character in TV Show Freaks and Geeks?,Jonah Hill,"['Jason Segel', 'Seth Rogen', 'James Franco']",multiple
History,easy,The collapse of the Soviet Union took place in which year?,1991,"['1992', '1891', '1990']",multiple
History,easy,"United States President John F. Kennedy was assassinated during his presidential motorcade in Atlanta, Georgia on November 22nd, 1963.",False,['True'],boolean
Entertainment: Music,medium,"When did The Beatles release the LP ""Please Please Me""?",1963,"['1970', '1960', '1969']",multiple
Science: Mathematics,easy,How many sides does a pentagon have?,5,"['9', '6', '4']",multiple
Entertainment: Video Games,medium,"In Fallout 4, which type of power armor is first encountered in the early mission ""When Freedom Calls"" in a crashed Vertibird?",T-45,"['T-51', 'T-60', 'X-01']",multiple
Entertainment: Video Games,easy,"In Counter-Strike: Global Offensive, what's the rarity of discontinued skins called?",Contraband,"['Discontinued', 'Diminished', 'Limited']",multiple
History,hard,On which day did ARPANET suffer a 4 hour long network crash?,"October 27, 1980","['November 21, 1969', 'October 29, 1969', 'December 9, 1991']",multiple
Entertainment: Music,medium,"'I'm never gonna dance again, guilty feet have got no rhythm' were lyrics from which Wham! hit single?",Careless Whisper,"['Wake Me Up Before You Go-Go', 'Last Christmas', 'Everything She Wants']",multiple
Entertainment: Books,medium,"In the novel ""Lord of the Rings"", how many rings of power were given to the race of man?",9,"['5', '11', '13']",multiple
Geography,medium,The Japanese district Akihabara is also known by what nickname?,Electric Town,"['Moon Walk River', 'Otaku Central ', 'Big Eyes']",multiple
General Knowledge,medium,The pickled gherkin was first added to hamburgers because a US health law required all fast-food to include a source of Vitamin C.,False,['True'],boolean
Entertainment: Music,hard,"Which Elton John hit starts with the line ""When are you gonna come down""?",Goodbye Yellow Brick Road,"['Rocket Man', 'Bennie and the Jets', 'Crocodile Rock']",multiple
Entertainment: Video Games,easy,"In the Fallout: New Vegas add-on Lonesome Road, Ulysses wields a flag pole named The Liberator.",False,['True'],boolean
Geography,medium,What are the four corner states of the US?,"Utah, Colorado, Arizona, New Mexico","['Oregon, Idaho, Nevada, Utah', 'Kansas, Oklahoma, Arkansas, Louisiana', 'South Dakota, Minnesota, Nebraska, Iowa']",multiple
Sports,medium,Hockey player Wayne Gretzky was born in what Canadian province?,Ontario,"['British Columbia', 'Quebec', 'Alberta']",multiple
Entertainment: Video Games,hard,"What military rank is the protagonist ""Nomad"" in ""Crysis""?",First Lieutenant,"['Captain', 'First Sargent ', 'Staff Sargent']",multiple
Entertainment: Japanese Anime & Manga,medium,What sport is being played in the Anime Eyeshield 21?,American Football,"['Baseball', 'Football', 'Basketball']",multiple
Entertainment: Video Games,medium,"What is the main character's name in ""Braid""?",Tim,"['Boregard', 'James', 'Jackson']",multiple
History,medium,What were the first states to break away from Yugoslavia?,"Slovenia, Croatia","['Macedonia, Montenegro', 'Slovenia, Macedonia', 'Montenegro, Slovenia']",multiple
Sports,hard,The Mazda 787B won the 24 Hours of Le Mans in what year?,1991,"['1990', '2000', '1987']",multiple
Entertainment: Music,hard,Which iconic album cover features the pulsar waves of CP 1919 placed in the center of the cover?,Unknown Pleasures,"['The Dark Side of the Moon', 'London Calling', 'The Velvet Underground & Nico']",multiple
Geography,easy,Which of these is the name of the largest city in the US state Tennessee?,Memphis,"['Thebes', 'Alexandria', 'Luxor']",multiple
Entertainment: Video Games,medium,Danganronpa Another Episode: Ultra Despair Girls is set after which Danganronpa game?,Danganronpa: Trigger Happy Havoc,"['Danganronpa 2: Goodbye Despair', 'Danganronpa V3: Killing Harmony', ""Danganronpa 3: The End of Hope's Peak High School""]",multiple
Science: Computers,hard,The T-Mobile Sidekick smartphone is a re-branded version of the Danger Hiptop.,True,['False'],boolean
Vehicles,medium,Which car brand does NOT belong to General Motors?,Ford,"['Buick', 'Cadillac', 'Chevrolet']",multiple
Entertainment: Television,medium,"What is Meg's full name in ""Family Guy""?",Megatron Griffin,"['Who-Cares Griffin', 'Neil Griffin', 'Megan Griffin']",multiple
Science: Gadgets,medium,"Which company designed the ""Betamax"" video cassette format?",Sony,"['Panasonic', 'LG', 'Fujitsu']",multiple
Science: Computers,easy,Which SQL keyword is used to fetch data from a database?,SELECT,"['INDEX', 'VALUES', 'EXEC']",multiple
Science: Computers,easy,HTML is what type of language?,Markup Language,"['Macro Language', 'Programming Language', 'Scripting Language']",multiple
Science & Nature,medium,"An organism described as ""heliotropic"" has a tendancy to move towards which of these things?",Light,"['Water', 'Trees', 'Pollen']",multiple
Entertainment: Music,hard,Electronic artists Boys Noize and Skrillex have collaborated and released tracks under what name?,Dog Blood,"['Jack Ü', 'What So Not', 'Noisia']",multiple
History,medium,In what dialogue did Socrates defend himself to the court of Athens? ,The Apology,"['The Euthyphro', 'The Laws', 'The Republic']",multiple
General Knowledge,easy,How many furlongs are there in a mile?,Eight,"['Two', 'Four', 'Six']",multiple
Entertainment: Video Games,easy,"In the game ""Destiny,"" the three subclasses of the Hunter are Bladedancer, Nightstalker, and Sunsinger.",False,['True'],boolean
Entertainment: Video Games,easy,Who is the leader of Team Mystic in Pokémon Go?,Blanche,"['Candela', 'Spark', 'Willow']",multiple
Entertainment: Video Games,easy,"The main playable character of the 2015 RPG ""Undertale"" is a monster.",False,['True'],boolean
General Knowledge,easy,Which language is most widely spoken in Switzerland?,German,"['French', 'Italian', 'Swiss']",multiple
Entertainment: Video Games,easy,Who are the original creators of Rachet & Clank?,Insomniac Games,"['PixelTail Games', 'Rare', 'Bethesda']",multiple
Entertainment: Video Games,medium,"In the 2015 RPG ""Undertale"", which character do you first encounter after falling down into the underground?",Flowey,"['Toriel', 'Sans', 'Papyrus']",multiple
Entertainment: Japanese Anime & Manga,hard,"In ""Jewelpet Sunshine"", what is the song that plays when Kanon and her friends bust out of prison?",I Don't Want to Miss a Thing,"['Eye Of The Tiger', 'Born to be Wild', 'Ruby Ring']",multiple
Entertainment: Music,easy,"What band featured Sting, Stewart Copeland and Andy Summers?",The Police,"['Def Leppard', 'The Cure', 'Bon Jovi']",multiple
Geography,hard,"What is the capital of Wisconsin, USA?",Madison,"['Milwaukee', 'Wisconsin Dells', 'Green Bay']",multiple
Entertainment: Film,medium,In which 1955 film does Frank Sinatra play Nathan Detroit?,Guys and Dolls,"['Anchors Aweigh', 'From Here to Eternity', 'High Society']",multiple
Entertainment: Cartoon & Animations,easy,"Which of these is NOT a catchphrase used by Rick Sanchez in the TV show ""Rick and Morty""?","Slam dunk, nothing but net!","['Hit the sack, Jack!', 'Rikki-Tikki-Tavi, biatch!', 'Wubba-lubba-dub-dub!']",multiple
Entertainment: Video Games,medium,How many sets of grandmaster witcher gear are in The Witcher 3's Blood and Wine DLC?,5,"['3', '6', '4']",multiple
Sports,hard,What is “The Sport of Kings”?,Horse Racing,"['Chess', 'Jousting', 'Fencing']",multiple
Entertainment: Video Games,medium,"In ""The Binding of Isaac"", what is the name of the final boss that you fight in The Void?",Delirium,"['Mega Satan', 'Hush', 'The Lamb']",multiple
Entertainment: Books,medium,By what name was the author Eric Blair better known?,George Orwell,"['Aldous Huxley', 'Ernest Hemingway', 'Ray Bradbury']",multiple
General Knowledge,hard,How many notes are there on a standard grand piano?,88,"['98', '108', '78']",multiple
Sports,medium,"During Wimbledon, spectators in the grounds can buy the tennis balls that have been used in matches.",True,['False'],boolean
History,medium,"In World War I, what was the name of the alliance of Germany, Austria-Hungary, the Ottoman Empire, and Bulgaria?",The Central Powers,"['The Axis Powers', 'The Federation of Empires', 'Authoritarian Alliance']",multiple
Entertainment: Video Games,hard,Why was the character Trevor Philips discharged from the Air Force?,Mental Health Issues,"['Injuries', 'Disease', 'Danger to Others']",multiple
History,medium,Which U.S. President was famously 'attacked' by a swimming rabbit?,Jimmy Carter,"['Ronald Reagan', 'Lydon B. Johnson', 'Gerald Ford']",multiple
Sports,hard,With which doubles partner did John McEnroe have most success?,Peter Fleming,"['Mark Woodforde', 'Michael Stich', 'Mary Carillo']",multiple
Entertainment: Video Games,medium,Which franchise had a special event hosted in the popular MMORPG Final Fantasy XIV: A Realm Reborn?,Yo-kai Watch,"['Pokémon', 'Yu-gi-oh', 'Buddyfight']",multiple
Science: Mathematics,easy,What is the least number of sides a polygon can have?,3,"['1', '2', '7']",multiple
Entertainment: Video Games,medium,"Who developed the 2016 farming RPG ""Stardew Valley""?",Eric Barone,"['Daisuke Amaya', 'Jasper Byrne', 'Lucas Pope']",multiple
Entertainment: Video Games,easy,"In the fighting game ""Skullgirls,"" which character utilizes a folding chair called the ""Hurting"" as a weapon?",Beowulf,"['Big Band', 'Squigly', 'Cerebella']",multiple
History,medium,The Panama Canal was finished under the administration of which U.S. president?,Woodrow Wilson,"['Franklin Delano Roosevelt', 'Herbert Hoover', 'Theodore Roosevelt']",multiple
Sports,easy,Which NFL team plays for New England?,Patriots,"['Chiefs', 'Dolphins', '49ers']",multiple
Entertainment: Video Games,hard,Which of these Pokémon cannot learn Surf?,Arbok,"['Linoone', 'Tauros', 'Nidoking']",multiple
Entertainment: Japanese Anime & Manga,medium,"In Haikyuu!!, who is not a member of Karasuno VBC?",Shigeru Yahaba,"['Tadashi Yamaguchi', 'Hisashi Kinoshita', 'Kazuhito Narita']",multiple
Entertainment: Television,hard,"What was the UK ""Who Wants to be a Millionaire?"" cheating scandal known as?",Major Fraud,"['Ingram Cheater', 'Coughing Major', 'Millionaire Crime']",multiple
Entertainment: Video Games,medium,"In Splatoon, what is the age that inklings can freely change between squid and humanoid forms?",14,"['13', '16', '10']",multiple
Entertainment: Video Games,easy,What was the name of the cancelled sequel of Team Fortress?,Team Fortress 2: Brotherhood of Arms,"['Team Fortress 2: Desert Mercenaries', 'Team Fortress 2: Operation Gear Grinder', 'Team Fortress 2: Return to Classic']",multiple
Science & Nature,easy,The element involved in making human blood red is which of the following?,Iron,"['Copper', 'Iridium', 'Cobalt']",multiple
Entertainment: Cartoon & Animations,hard,"In the 1969 Cartoon show ""Dastardly and Muttley in Their Flying Machines"", which were NOT one of the lyrics in the opening theme?",Stab him,"['Nab him', 'Jab him', 'Tab him']",multiple
Entertainment: Television,hard,Which actor from The Young Ones also played Lord Flashheart in one episode of Blackadder II?,Rik Mayall,"['Adrian Edmondson', 'Nigel Planer', 'Christopher Ryan']",multiple
Entertainment: Video Games,medium,In what engine was Titanfall made in?,Source Engine,"['Frostbite 3', 'Unreal Engine', 'Cryengine']",multiple
History,hard,What micro-state is considered to have the oldest constitution still in effect?,San Marino,"['Andorra', 'Monaco', 'Saint Kitts and Nevis']",multiple
Entertainment: Japanese Anime & Manga,hard,"In the first episode of Yu-Gi-Oh: Duel Monsters, what book is Seto Kaiba seen reading at Domino High School?",Thus Spoke Zarathustra,"['Beyond Good and Evil', 'The Republic', 'Meditations']",multiple
Entertainment: Video Games,hard,"In ""Starbound"", what is the max HP of the monster ""Punchy""?","50,000 HP","['9,000,000 HP', '100 HP', '150,000 HP']",multiple
Celebrities,medium,Which of these celebrities was not a member of the Jackson 5?,Bo Jackson,"['Tito Jackson', 'Jermaine Jackson', 'Marlon Jackson']",multiple
Vehicles,easy,The LS1 engine is how many cubic inches?,346,"['350', '355', '360']",multiple
Entertainment: Board Games,hard,"What was the development code name for the ""Urza's Destiny"" expansion for ""Magic: The Gathering"", released in 1999?",Chimichanga,"['Burrito', 'Taquito', 'Enchilada']",multiple
Entertainment: Film,easy,Who played Thanos in Avengers: Infinity War and Avengers: End Game?,Josh Brolin,"['Tom Hiddleston', 'Adam Sandler', 'Sean Gunn']",multiple
Entertainment: Video Games,easy,"In which mall does ""Dead Rising"" take place?",Willamette Parkview Mall,"['Liberty Mall', 'Twin Pines Mall', 'Central Square Shopping Center']",multiple
Sports,medium,How many French Open's did Björn Borg win?,6,"['4', '9', '2']",multiple
Entertainment: Video Games,hard,"Prior to his appearance in Super Smash Bros. Ultimate, What was King K. Rool's last appearance in any game?",Mario Super Sluggers,"['Donkey Kong 64', 'Donkey Kong Country 3', 'Donkey Kong: King Of Swing']",multiple
General Knowledge,easy,"""27 Club"" is a term used to refer to a list of famous actors, musicians, and artists who died at the age of 27.",True,['False'],boolean
Geography,medium,How many independent countries are there within the continent of South America?,12,"['8', '9', '10']",multiple
Entertainment: Comics,medium,"Which Doom Patrol member was a later addition, first appearing in 1989?",Crazy Jane,"['Elast-Girl', 'Robotman', 'Negative Man']",multiple
Mythology,medium,What is the name of the wildman that Gilgamesh befriends and goes on adventures with?,Enkidu,"['Ishtar', 'Inanna', 'Agga']",multiple
Entertainment: Video Games,medium,"Which one of these ""Mortal Kombat"" characters has been playable in every single mainline game?",Sub-Zero,"['Raiden', 'Scorpion', 'Liu Kang']",multiple
Science: Gadgets,easy,"Microphones can be used not only to pick up sound, but also to project sound similar to a speaker.",True,['False'],boolean
Entertainment: Music,hard,Which of these aliases has NOT been used by electronic musician Aphex Twin?,Burial,"['Caustic Window', 'Bradley Strider', 'GAK']",multiple
Entertainment: Video Games,medium,Which of the following Pokémon games released first?,Pokémon Crystal,"['Pokémon Platinum', 'Pokémon FireRed', 'Pokémon Black']",multiple
Geography,medium,"What is the capital of British Columbia, Canada?",Victoria,"['Vancouver', 'Hope', 'Kelowna']",multiple
Entertainment: Video Games,medium,What was the main currency in Club Penguin?,Coins,"['Stamps', 'Tickets', 'Gems']",multiple
Entertainment: Comics,hard,"In 1978, Superman teamed up with what celebrity, to defeat an alien invasion?",Muhammad Ali,"['Mike Tyson', 'Sylvester Stallone', 'Arnold Schwarzenegger']",multiple
Geography,easy,What is the name of the ocean that Hawaii is located in?,Pacific,"['Atlantic', 'Indian', 'Arctic']",multiple
History,hard,"After the 1516 Battle of Marj Dabiq, the Ottoman Empire took control of Jerusalem from which sultanate?",Mamluk,"['Ayyubid', 'Ummayyad', 'Seljuq']",multiple
Entertainment: Video Games,easy,Who created the digital distribution platform Steam?,Valve,"['Pixeltail Games', 'Ubisoft', 'Electronic Arts']",multiple
History,easy,Which country was Josef Stalin born in?,Georgia,"['Russia', 'Germany', 'Poland']",multiple
Entertainment: Music,easy,Who is the lead singer of the band Coldplay?,Chris Martin,"['Chris Isaak', 'Chris Wallace', 'Chris Connelly']",multiple
Celebrities,easy,Which celebrity announced his presidency in 2015?,Kanye West,"['Donald Trump', 'Leonardo DiCaprio', 'Miley Cyrus']",multiple
General Knowledge,easy,Foie gras is a French delicacy typically made from what part of a duck or goose?,Liver,"['Heart', 'Stomach', 'Intestines']",multiple
General Knowledge,medium,What is the real name of viral internet meme Grumpy Cat?,Tardar Sauce,"['Lil Bub', 'Maru', 'Colonel Meow']",multiple
History,medium,"When was ""The Gadget"", the first nuclear device to be detonated, tested?","July 16, 1945","['June 22, 1945', 'August 6, 1945', 'April 5, 1945']",multiple
General Knowledge,medium,"Out of these four buildings, which one is the tallest, with a height of 2,717 ft (828 m)?","Burj Khalifa, United Arab Emirates","['Shanghai Tower, China', 'Lotte World Tower, South Korea', 'Ping An Finance Centre, China']",multiple
Entertainment: Video Games,easy,"Who is the protagonist in the game ""The Walking Dead: Season One""?",Lee Everett,"['Clementine', 'Kenny', 'Rick Grimes']",multiple
Science: Mathematics,hard,What is the plane curve proposed by Descartes to challenge Fermat's extremum-finding techniques called?,Folium of Descartes,"['Elliptic Paraboloid of Descartes', 'Cartesian Coordinates', ""Descarte's Helicoid""]",multiple
Geography,easy,"There is an island in Japan called Ōkunoshima, A.K.A. ""Rabbit Island"", so named because of it's huge population of rabbits.",True,['False'],boolean
Geography,hard,The Suez Canal is located in which African country?,Egypt,"['Libya', 'Ghana', 'Nigeria']",multiple
Entertainment: Video Games,easy,"In ""World of Warcraft,"" which of the following can be found outside of every instanced dungeon?",A Meeting Stone,"['A Summoning Stone', 'A Gathering Stone', 'A Hearthstone']",multiple
Entertainment: Video Games,easy,"The ""Day of Defeat"" series of games take place during which war?",World War II,"['World War I', 'Vietnam War', 'Iraq War']",multiple
Science & Nature,hard,Folic acid is the synthetic form of which vitamin?,Vitamin B,"['Vitamin A', 'Vitamin C', 'Vitamin D']",multiple
General Knowledge,easy,What word represents the letter 'T' in the NATO phonetic alphabet?,Tango,"['Target', 'Taxi', 'Turkey']",multiple
Science & Nature,hard,Which of the following is NOT a word used to describe an earthquake?,Drop-slide,"['Foreshock', 'Strike-slip', 'Temblor']",multiple
Mythology,medium,"According to the Egyptian Myth of Osiris, who murdered Osiris?",Set,"['Horus', 'Ra', 'Anhur']",multiple
Science & Nature,medium,What do you study if you are studying entomology?,Insects,"['Humans', 'the Brain', 'Fish']",multiple
Entertainment: Film,easy,"""Foodfight!"" earned less than $80,000 at box office.",True,['False'],boolean
Entertainment: Television,medium,"""The A Team"" first aired in the USA and in the UK in what year?",1983,"['1981', '1985', '1987']",multiple
Entertainment: Film,easy,Daniel Radcliffe became a global star in the film industry due to his performance in which film franchise?,Harry Potter,"['Ted', 'Spy Kids', 'Pirates of the Caribbean ']",multiple
General Knowledge,hard,"What type of dog is 'Handsome Dan', the mascot of Yale University?",Bulldog,"['Yorkshire Terrier', 'Boxer', 'Pug']",multiple
Entertainment: Music,easy,Who wrote the Sinead O`Connor hit 'Nothing Compares 2 U'?,Prince,"['Michael Jackson', 'Cameo', 'Rick James']",multiple
General Knowledge,easy,Which of these is NOT considered to be a colour that makes up the rainbow?,Pink,"['Blue', 'Violet', 'Orange']",multiple
Entertainment: Video Games,medium,Which actor provided the voice for the main character's father in Fallout 3?,Liam Neeson,"['Kiefer Sutherland', 'Brendan Gleeson', 'Robbie Coltrane']",multiple
Sports,easy,"This Canadian television sportscaster is known for his ""Hockey Night in Canada"" role, a commentary show during hockey games.",Don Cherry,"['Don McKellar', 'Don Taylor ', 'Donald Sutherland']",multiple
Entertainment: Music,hard,"The singer Billie Holiday was also known as ""Lady Day"".",True,['False'],boolean
Science & Nature,medium,What is the atomic number of the element Strontium?,38,"['73', '47', '11']",multiple
Entertainment: Video Games,medium,"When was ""System Shock"" released?",1994,"['1995', '2000', '1998']",multiple
Entertainment: Cartoon & Animations,easy,Who was the villain of ''The Lion King''?,Scar,"['Fred', 'Jafar', 'Vada']",multiple
Vehicles,easy,"During World War 2, with tank was the most fear by the allies?",PanzerKampfwagen V Panther,"['Marder III', 'Mks Matilda II', 'PanzerKampfwagen VI Tiger ']",multiple
History,medium,Who was the first Chancellor of a united Germany in 1871? ,Otto Von Bismark,"['Kaiser Wilhelm ', 'Fredrick the 2nd', 'Robert Koch']",multiple
Sports,easy,How many points did LeBron James score in his first NBA game?,25,"['19', '69', '41']",multiple
Entertainment: Music,medium,"Which Queen song was covered by Brittany Murphy in the 2006 film ""Happy Feet""?",Somebody to Love,"['Under Pressure', 'Flash', 'Bohemian Rhapsody']",multiple
General Knowledge,easy,What was the first ever London Underground line to be built?,Metropolitan Line,"['Circle Line', 'Bakerloo Line', 'Victoria Line']",multiple
Entertainment: Television,medium,"In ""The Big Bang Theory"", what is Howard Wolowitz's nickname in World of Warcraft?",Wolowizard,"['Sheldor', 'Rajesh', 'Priya']",multiple
Entertainment: Comics,medium,What is the name of the main character in the webcomic Gunnerkrigg Court by Tom Siddell?,Antimony,"['Bismuth', 'Mercury', 'Cobalt']",multiple
Geography,easy,Tokyo is the capital of Japan.,True,['False'],boolean
Science: Gadgets,easy,The iPhone 3G was the second iPhone generation.,True,['False'],boolean
Entertainment: Music,easy,"What 1970's American ballad referred to the 1959 plane crash as the ""the day the music died""?",American Pie,"['Kentucky Rain', 'I Will Always Love You', ""Rock 'n' Roll Suicide""]",multiple
Politics,easy,One of Donald Trump's 2016 Presidential Campaign promises was to build a border wall between the United States and Mexico.,True,['False'],boolean
History,hard,"The coat of arms of the King of Spain contains the arms from the monarchs of Castille, Leon, Aragon and which other former Iberian kingdom?",Navarre,"['Galicia', 'Granada', 'Catalonia']",multiple
Entertainment: Television,medium,"What is the setting of the show ""Parks and Recreation""?","Pawnee, Indiana","['Eagleton, Indiana', 'Pasadena, California', 'London, England']",multiple
Entertainment: Cartoon & Animations,medium,"Which ""Toy Story"" character was voiced by Don Rickles?",Mr. Potato Head,"['Slinky Dog', 'Hamm', 'Rex']",multiple
Animals,easy,"The freshwater amphibian, the Axolotl, can regrow it's limbs.",True,['False'],boolean
Entertainment: Video Games,easy,"In World of Warcraft's Mists of Pandaria expansion, What was the level cap?",90,"['85', '80', '75']",multiple
Entertainment: Cartoon & Animations,hard,"Which of the following films was Don Bluth both the writer, director, and producer for?",All Dogs Go To Heaven,"['Titan A.E.', 'Anastasia', 'The Land Before Time']",multiple
Entertainment: Video Games,easy,"What game mode was not in the original ""Wii Sports""?",Table Tennis,"['Boxing', 'Baseball', 'Bowling']",multiple
Geography,medium,What is the state capital of South Dakota?,Pierre,"['Sioux Falls', 'Rapid City', 'Watertown']",multiple
Entertainment: Music,medium,Who was the youngest member of The Beatles?,George Harrison,"['Paul McCartney', 'John Lennon', 'Ringo Starr']",multiple
General Knowledge,easy,Which candy is NOT made by Mars?,Almond Joy,"[""M&M's"", 'Twix', 'Snickers']",multiple
Entertainment: Television,medium,Which boxing personality was one of the presenters in the 1999 revival of It's a Knockout?,Frank Bruno,"['Henry Cooper', 'Muhammad Ali', 'Joe Fraiser']",multiple
General Knowledge,easy,Which of the following card games revolves around numbers and basic math?,Uno,"['Go Fish', 'Twister', 'Munchkin']",multiple
Celebrities,easy,What was James Coburn's last film role before his death?,American Gun,"['Monsters Inc', 'Texas Rangers', 'Snow Dogs']",multiple
Entertainment: Video Games,easy,"TF2: What code does Soldier put into the door keypad in ""Meet the Spy""?",1111,"['1432', '1337', 'No code']",multiple
Entertainment: Video Games,medium,"The Sniper's SMG in Team Fortress 2, was originally intended to be the Scout's primary weapon.",True,['False'],boolean
Entertainment: Video Games,easy,"In the game ""Subnautica"", a ""Spadefish"" will attack you.",False,['True'],boolean
Science & Nature,hard,Which of the following are cells of the adaptive immune system?,Cytotoxic T cells,"['Dendritic cells', 'Natural killer cells', 'White blood cells']",multiple
Entertainment: Japanese Anime & Manga,easy,"How many ""JoJos"" that are protagonists are there in the series ""Jojo's Bizarre Adventure""?",8+,"['6+', '4+', '5+']",multiple
History,medium,What was Genghis Khan's real name?,Temüjin,"['Möngke', 'Ögedei', 'Temür']",multiple
Entertainment: Music,medium,What was George Michael's chart-topping 1987 debut studio album?,Faith,"['Songs from the Last Century', 'Patience', 'Older']",multiple
General Knowledge,easy,A scientific study on peanuts in bars found traces of over 100 unique specimens of urine.,False,['True'],boolean
Entertainment: Film,medium,"About how much money did it cost for Tommy Wiseau to make his masterpiece ""The Room"" (2003)?",$6 Million,"['$20,000', '$1 Million', '$10 Million']",multiple
Geography,medium,What is the largest Muslim country in the world?,Indonesia,"['Pakistan', 'Saudi Arabia', 'Iran']",multiple
General Knowledge,medium,"Who is the founder of ""The Lego Group""?",Ole Kirk Christiansen,"[' Jens Niels Christiansen', 'Kirstine Christiansen', ' Gerhardt Kirk Christiansen']",multiple
Entertainment: Video Games,medium,"When was the video game publisher ""Ubisoft"" founded ?",March 1986,"['April 1990', 'June 2001', 'August 1956']",multiple
Entertainment: Video Games,medium,"In the Mario Kart and Smash Bros. Games, Princess Rosalina is considered what weight class?",Heavy,"['Medium', 'Light', 'Light-Medium']",multiple
Geography,medium,"What is the name of the former country that was succeeded by countries such as Serbia, Croatia and Slovenia?",Yugoslavia,"['Czechoslovakia', 'Abkhazia', 'South Ossetia']",multiple
Entertainment: Television,easy,"Which show is known for the songs ""You are a Pirate"", ""Cooking by the Book"" and ""We Are Number One""?",LazyTown,"['Sofia the First', 'DuckTales', 'Tom and Jerry']",multiple
Entertainment: Music,hard,"The song ""Old Town Road"" by American rapper Lil Nas X samples the song ""34 Ghosts IV"" by which band?",Nine Inch Nails,"['Death Grips', 'Iron Maiden', 'Animal Collective']",multiple
Science: Gadgets,medium,"Out of all of the NASA Space Shuttles, which 2 have been destroyed in disasters?",Challenger and Columbia,"['Enterprise and Atlantis', 'Discovery and Endeavour', 'None of the Above']",multiple
General Knowledge,easy,"Where is the train station ""Llanfair­pwllgwyngyll­gogery­chwyrn­drobwll­llan­tysilio­gogo­goch""?",Wales,"['Moldova', 'Czech Republic', 'Denmark']",multiple
Celebrities,medium,"In 2014, this new top 100 rapper who featured in ""Computers"" and ""Body Dance"" was arrested in a NYPD sting for murder.",Bobby Shmurda,"['DJ Snake', 'Swae Lee', 'Young Thug']",multiple
Geography,medium,What is the longest river in Europe?,Volga,"['Danube', 'Rhine', 'Thames']",multiple
Entertainment: Japanese Anime & Manga,easy,What color is Ryūko Matoi's half of the Scissor Blade in the anime Kill la KIll?,Red,"['Green', 'Blue', 'Purple']",multiple
General Knowledge,easy,What is the name of the Jewish New Year?,Rosh Hashanah,"['Elul', 'New Year', 'Succoss']",multiple
Animals,hard,What type of creature is a Bonobo?,Ape,"['Lion', 'Parrot', 'Wildcat']",multiple
Entertainment: Music,easy,Which of these artists has Lil A collaborated with?,Lil Fortnite,"['Lil Pump', 'Boonk Gang', '6ix9ine']",multiple
Entertainment: Music,medium,Which of these songs was NOT released in the 90s?,"""I Want It All"" by Queen","['""Vogue"" by Madonna', '""Can\'t Stop This Thing We Started"" by Bryan Adams', '""King of Wishful Thinking"" by Go West']",multiple
Entertainment: Video Games,hard,"In Left 4 Dead, what is the character Bill's last name?",Overbeck,"['Fish', 'Roberts', 'Stevenson']",multiple
Sports,hard,"Which player ""kung-fu kicked"" a Crystal Palace fan in January 1995?",Eric Cantona,"['David Seamen', 'Ashley Cole', 'Mark Hughes']",multiple
Science & Nature,easy,Human cells typically have how many copies of each gene?,2,"['1', '4', '3']",multiple
Entertainment: Video Games,medium,"The game series ""Titanfall"" runs on the Unreal Engine.",False,['True'],boolean
Geography,medium,Tasmania is an island state of Australia.,True,['False'],boolean
History,easy,Kublai Khan is the grandchild of Genghis Khan?,True,['False'],boolean
Entertainment: Film,medium,"The original ending of ""Little Shop Of Horrors"" has the plants taking over the world.",True,['False'],boolean
Entertainment: Music,medium,Which of these is NOT the name of an album released by Miami-based producer DJ Khaled?,Don't Ever Play Yourself,"['Major Key', 'Suffering From Success', 'I Changed A Lot']",multiple
History,medium,What event marked the start of World War II?,Invasion of Poland (1939),"['Invasion of Russia (1942)', 'Battle of Britain (1940)', 'Invasion of Normandy (1944)']",multiple
Entertainment: Video Games,medium,"What is not a playable race in ""Final Fantasy XIV: A Realm Reborn""?",Hume,"[""Miqo'te"", 'Lalafell', 'Roegadyn']",multiple
Sports,medium,What country hosted the 2014 Winter Olympics?,Russia,"['Canada', 'United States', 'Germany']",multiple
Entertainment: Video Games,hard,"The names of Roxas's Keyblades in Kingdom Hearts are ""Oathkeeper"" and ""Oblivion"".",True,['False'],boolean
Entertainment: Comics,medium,"In the DC Comics 2016 reboot, Rebirth, which speedster escaped from the Speed Force after he had been erased from existance?",Wally West,"['Johnny Quick', 'Jay Garrick', 'Eobard Thawne']",multiple
Entertainment: Television,easy,"In ""Breaking Bad"", Walter White is a high school teacher diagnosed with which form of cancer?",Lung Cancer,"['Prostate Cancer', 'Brain Cancer', 'Testicular Cancer']",multiple
History,medium,On what day did Germany invade Poland?,"September 1, 1939","['December 7, 1941', 'June 22, 1941', 'July 7, 1937']",multiple
History,medium,The Korean War ended in 1953 without any ceasefire.,False,['True'],boolean
Entertainment: Video Games,easy,"What household item make the characters of ""Steins; Gate"" travel through time?",Microwave,"['Computer', 'Refrigerator', 'Televison']",multiple
Entertainment: Cartoon & Animations,hard,"Townsend Coleman provided the voice for which turtle in the original 1987 series of ""Teenage Mutant Ninja Turtles""?",Michelangelo,"['Leonardo', 'Donatello', 'Raphael']",multiple
Entertainment: Film,medium,"Which documentary film maker wrote and starred in the film ""My Scientology Movie"" which first debuted in 2015?",Louis Theroux,"['Errol Morris', 'Joe Berlinger', 'Adam Curtis']",multiple
Entertainment: Music,easy,"Sting, the lead vocalist of The Police, primarily plays what instrument?",Bass Guitar,"['Drums', 'Guitar', 'Keyboards']",multiple
Geography,medium,The capital of Brazil is Rio de Janeiro.,False,['True'],boolean
Entertainment: Cartoon & Animations,medium,Nickelodeon is owned by what parent company?,Viacom,"['CBS', 'FOX', 'ABC']",multiple
Science & Nature,medium,Deionized water is water with which of the following removed?,Iron,"['Oxygen', 'Hydrogen', 'Uncharged atoms']",multiple
History,easy,What was the name commonly given to the ancient trade routes that connected the East and West of Eurasia?,Silk Road,"['Spice Road', 'Clay Road', 'Salt Road']",multiple
General Knowledge,easy,What does a funambulist walk on?,A Tight Rope,"['Broken Glass', 'Balls', 'The Moon']",multiple
Sports,easy,The Los Angeles Dodgers were originally from what U.S. city?,Brooklyn,"['Las Vegas', 'Boston', 'Seattle']",multiple
Entertainment: Music,easy,"""Doctor Jones"", ""Turn Back Time"" and ""Barbie Girl"" were UK number ones for which Eurodance group?",Aqua,"['Vengaboys', 'Eiffel 65', 'Sash!']",multiple
Entertainment: Television,medium,This composer worked on the 2003 TV series Battlestar Galatica.,Bear McCreary,"['Ramin Djawadi', 'Jeremy Soule', 'Harry Gregson-Williams']",multiple
Entertainment: Film,easy,"In the original Star Wars trilogy, Alec Guinness provided the voice for Darth Vader.",False,['True'],boolean
Entertainment: Film,medium,"In Star Wars, what's the name of the new Government created after the defeat of the Galactic Empire?",The New Republic,"['The Rebel Alliance', 'The Crimson Dawn', 'The First Order']",multiple
Vehicles,easy,What are the cylinder-like parts that pump up and down within the engine?,Pistons,"['Leaf Springs', 'Radiators', 'ABS']",multiple
Entertainment: Music,easy,"Which one of these songs did the group ""Men At Work"" NOT make?",Safety Dance,"['Down Under', 'Who Can It Be Now?', ""It's a Mistake""]",multiple
Geography,hard,What city is known as the Rose Capital of the World?,"Tyler, Texas","['San Diego, California', 'Miami, Florida', 'Anaheim, California']",multiple
Sports,hard,Which is Kenesisa Bekele's personal best at marathon?,2:01:41,"['2:01:12', '2:01:45', '2:01:51']",multiple
Geography,easy,How many stars are featured on New Zealand's flag?,4,"['5', '2', '0']",multiple
Entertainment: Video Games,hard,"In ""The Witness"", how many lasers must be activated to get into the mountain area?",7,"['8', '5', '12']",multiple
Entertainment: Japanese Anime & Manga,hard,Kiznaiver is an adaptation of a manga.,False,['True'],boolean
Entertainment: Film,medium,Which 1958 movie starred Kirk Douglas and Tony Curtis as half-brothers Einar and Eric?,The Vikings ,"['The Long Ships', 'Prince Valiant', 'Spartacus']",multiple
Entertainment: Television,hard,What was the callsign of Commander William Adama in Battlestar Galactica (2004)?,Husker,"['Starbuck', 'Apollo', 'Crashdown']",multiple
Vehicles,easy,Which of these automotive brands originated in Sweden?,Volvo,"['Mercedes', 'Acura', 'Lincoln']",multiple
General Knowledge,easy,What is the name of the poker hand containing three of a kind and a pair?,Full House,"['Flush', 'Straight', 'High card']",multiple
Entertainment: Board Games,medium,"In Yu-Gi-Oh, how does a player perform an Xyz Summon?",Overlay at least 2 Monsters of the Same Level,"['Activate a Spell and Send Monsters to the Graveyard', ""Add the Monsters' Levels Together to Match the Xyz Monster"", 'Banish A Number of Monsters From Your Hand And Deck']",multiple
Entertainment: Video Games,hard,Which was the first M-rated video game developed by Squaresoft/Square Enix?,Parasite Eve,"['Final Fantasy VIII', 'Front Mission', 'Vagrant Story']",multiple
Science: Computers,easy,Which programming language shares its name with an island in Indonesia?,Java,"['Python', 'C', 'Jakarta']",multiple
Entertainment: Comics,easy,"This Marvel superhero is often called ""The man without fear"".",Daredevil,"['Thor', 'Wolverine', 'Hulk']",multiple
General Knowledge,easy,What country does sushi & karaoke come from?,Japan,"['China', 'South Korea', 'Vietnam']",multiple
Entertainment: Video Games,easy,"In the original Mega Man series, who is Mega Man's arch nemesis?",Dr. Wily,"['Dr. Light', 'Dr. Bad', 'Mr. Z']",multiple
Geography,easy,Which US state is furthest north east?,Maine,"['New York', 'Georgia', 'Florida']",multiple
History,medium,What was the name of the African-American cultural explosion centered in upper Manhattan during the 1920s and 1930s?,Harlem Renaissance,"['Inwood Renaissance', 'Bed-Stuy Renaissance', 'Upper East Renaissance']",multiple
Entertainment: Music,medium,"Which artist or group did John Lennon consider ""son(s) of the Beatles""?",Jeff Lynne's Electric Light Orchestra,"['The Rolling Stones', 'Pink Floyd', 'The Who']",multiple
Entertainment: Video Games,medium,"In the ""Call Of Duty: Zombies"" map ""Origins"", how many steps are there to upgrade a Staff?",4,"['7', '5', '3']",multiple
Entertainment: Video Games,easy,What is the name of a popular franchise that includes placing blocks down and surviving in an open world? ,Minecraft,"['Unturned', 'Roblox', 'Grand Theft Auto V']",multiple
Sports,hard,Who is Manchester United's leading appearance maker?,Ryan Giggs,"['David Beckham', 'Wayne Rooney', 'Eric Cantona']",multiple
Entertainment: Music,medium,"""Lift Your Spirit"" is an album by which artist?",Aloe Blacc,"['Lena Meyer-Landrut', 'Stevie Wonder', 'Taylor Swift']",multiple
Science & Nature,medium,All the following metal elements are liquids at or near room temperature EXCEPT:,Beryllium,"['Gallium', 'Caesium', 'Mercury']",multiple
Vehicles,easy,Jaguar Cars was previously owned by which car manfacturer?,Ford,"['Chrysler', 'General Motors', 'Fiat']",multiple
Entertainment: Film,easy,"In ""ALF"", what was ALF's real name?",Gordon Shumway,"['Gordon Milipp', 'Gordon Foster', 'Gordon von Gam']",multiple
