[0m09:35:34.683660 [debug] [MainThread]: Sending event: {'category': 'dbt', 'action': 'invocation', 'label': 'start', 'context': [<snowplow_tracker.self_describing_json.SelfDescribingJson object at 0x00000248469DA3C0>, <snowplow_tracker.self_describing_json.SelfDescribingJson object at 0x0000024844594410>, <snowplow_tracker.self_describing_json.SelfDescribingJson object at 0x00000248493B3890>]}


============================== 09:35:34.690297 | c48e5a7d-9318-4052-ac3b-4e096ed9efdf ==============================
[0m09:35:34.690297 [info ] [MainThread]: Running with dbt=1.12.5
[0m09:35:34.691006 [debug] [MainThread]: running dbt with arguments {'static_parser': 'True', 'no_print': 'None', 'version_check': 'True', 'target_path': 'None', 'maximum_seed_size_mib': '1', 'warn_error_options': 'WarnErrorOptionsV2(error=[], warn=[], silence=[])', 'printer_width': '80', 'write_json': 'True', 'empty': 'False', 'log_cache_events': 'False', 'introspect': 'True', 'cache_selected_only': 'False', 'log_format': 'default', 'debug': 'False', 'fail_fast': 'False', 'profiles_dir': 'C:\\Users\\Utilisateur\\Documents\\MasteredataIA\\COURS\\datalakes\\projetTrivialPoursuite', 'send_anonymous_usage_stats': 'True', 'quiet': 'False', 'warn_error': 'None', 'partial_parse': 'True', 'indirect_selection': 'eager', 'hints_enabled': 'True', 'use_colors': 'True', 'use_experimental_parser': 'False', 'invocation_command': 'dbt run', 'log_path': 'C:\\Users\\Utilisateur\\Documents\\MasteredataIA\\COURS\\datalakes\\projetTrivialPoursuite\\logs'}
[0m09:35:35.165524 [debug] [MainThread]: Sending event: {'category': 'dbt', 'action': 'project_id', 'label': 'c48e5a7d-9318-4052-ac3b-4e096ed9efdf', 'context': [<snowplow_tracker.self_describing_json.SelfDescribingJson object at 0x0000024849462FD0>]}
[0m09:35:35.250818 [debug] [MainThread]: Sending event: {'category': 'dbt', 'action': 'adapter_info', 'label': 'c48e5a7d-9318-4052-ac3b-4e096ed9efdf', 'context': [<snowplow_tracker.self_describing_json.SelfDescribingJson object at 0x00000248495E4E20>]}
[0m09:35:35.254505 [info ] [MainThread]: Registered adapter: duckdb=1.11.0
[0m09:35:35.682219 [debug] [MainThread]: checksum: 0942d943003f3fccaeb7c0773b635c3723a3df5117ad06592b70e020d80bc06e, vars: {}, profile: trivial_tp, target: dev, version: 1.12.5
[0m09:35:35.683380 [info ] [MainThread]: Unable to do partial parsing because saved manifest not found. Starting full parse.
[0m09:35:35.683955 [debug] [MainThread]: Sending event: {'category': 'dbt', 'action': 'partial_parser', 'label': 'c48e5a7d-9318-4052-ac3b-4e096ed9efdf', 'context': [<snowplow_tracker.self_describing_json.SelfDescribingJson object at 0x00000248494D3650>]}
[0m09:35:37.994712 [debug] [MainThread]: Sending event: {'category': 'dbt', 'action': 'load_project', 'label': 'c48e5a7d-9318-4052-ac3b-4e096ed9efdf', 'context': [<snowplow_tracker.self_describing_json.SelfDescribingJson object at 0x0000024849B7F200>]}
[0m09:35:38.085439 [debug] [MainThread]: Wrote artifact WritableManifest to C:\Users\Utilisateur\Documents\MasteredataIA\COURS\datalakes\projetTrivialPoursuite\target\manifest.json
[0m09:35:38.094897 [debug] [MainThread]: Wrote artifact SemanticManifest to C:\Users\Utilisateur\Documents\MasteredataIA\COURS\datalakes\projetTrivialPoursuite\target\semantic_manifest.json
[0m09:35:38.137886 [debug] [MainThread]: Wrote artifact OsiDocument to C:\Users\Utilisateur\Documents\MasteredataIA\COURS\datalakes\projetTrivialPoursuite\target\osi_document.json
[0m09:35:38.158491 [debug] [MainThread]: Sending event: {'category': 'dbt', 'action': 'resource_counts', 'label': 'c48e5a7d-9318-4052-ac3b-4e096ed9efdf', 'context': [<snowplow_tracker.self_describing_json.SelfDescribingJson object at 0x000002484AFDE970>]}
[0m09:35:38.159039 [info ] [MainThread]: Found 6 models, 2 sources, 500 macros
[0m09:35:38.159531 [debug] [MainThread]: Sending event: {'category': 'dbt', 'action': 'runnable_timing', 'label': 'c48e5a7d-9318-4052-ac3b-4e096ed9efdf', 'context': [<snowplow_tracker.self_describing_json.SelfDescribingJson object at 0x000002484B035CC0>]}
[0m09:35:38.161686 [info ] [MainThread]: 
[0m09:35:38.162132 [info ] [MainThread]: Concurrency: 1 threads (target='dev')
[0m09:35:38.162522 [info ] [MainThread]: 
[0m09:35:38.163129 [debug] [MainThread]: Acquiring new duckdb connection 'master'
[0m09:35:38.169305 [debug] [ThreadPool]: Acquiring new duckdb connection 'list_trivial'
[0m09:35:40.506625 [debug] [ThreadPool]: Using duckdb connection "list_trivial"
[0m09:35:40.507015 [debug] [ThreadPool]: On list_trivial: /* {"app": "dbt", "dbt_version": "1.12.5", "profile_name": "trivial_tp", "target_name": "dev", "connection_name": "list_trivial"} */

    
    select schema_name
    from system.information_schema.schemata
    
    where lower(catalog_name) = '"trivial"'
    
  
  
[0m09:35:40.507278 [debug] [ThreadPool]: Opening a new connection, currently in state init
[0m09:35:40.535372 [debug] [ThreadPool]: SQL status: OK in 0.028 seconds
[0m09:35:40.537070 [debug] [ThreadPool]: On list_trivial: Close
[0m09:35:40.538408 [debug] [ThreadPool]: Using duckdb connection "list_trivial"
[0m09:35:40.538740 [debug] [ThreadPool]: On list_trivial: /* {"app": "dbt", "dbt_version": "1.12.5", "profile_name": "trivial_tp", "target_name": "dev", "connection_name": "list_trivial"} */

    
    select schema_name
    from system.information_schema.schemata
    
    where lower(catalog_name) = '"trivial"'
    
  
  
[0m09:35:40.539004 [debug] [ThreadPool]: Opening a new connection, currently in state closed
[0m09:35:40.539745 [debug] [ThreadPool]: SQL status: OK in 0.001 seconds
[0m09:35:40.540571 [debug] [ThreadPool]: On list_trivial: Close
[0m09:35:40.541099 [debug] [ThreadPool]: Re-using an available connection from the pool (formerly list_trivial, now create_trivial_main_gold)
[0m09:35:40.541512 [debug] [ThreadPool]: Creating schema "database: "trivial"
schema: "main_gold"
"
[0m09:35:40.547511 [debug] [ThreadPool]: Using duckdb connection "create_trivial_main_gold"
[0m09:35:40.547792 [debug] [ThreadPool]: On create_trivial_main_gold: /* {"app": "dbt", "dbt_version": "1.12.5", "profile_name": "trivial_tp", "target_name": "dev", "connection_name": "create_trivial_main_gold"} */

    
        select type from duckdb_databases()
        where lower(database_name)='trivial'
        and type != 'duckdb'
    
  
[0m09:35:40.548038 [debug] [ThreadPool]: Opening a new connection, currently in state closed
[0m09:35:40.549136 [debug] [ThreadPool]: SQL status: OK in 0.001 seconds
[0m09:35:40.550041 [debug] [ThreadPool]: Using duckdb connection "create_trivial_main_gold"
[0m09:35:40.550319 [debug] [ThreadPool]: On create_trivial_main_gold: BEGIN
[0m09:35:40.550788 [debug] [ThreadPool]: SQL status: OK in 0.000 seconds
[0m09:35:40.551048 [debug] [ThreadPool]: Using duckdb connection "create_trivial_main_gold"
[0m09:35:40.551307 [debug] [ThreadPool]: On create_trivial_main_gold: /* {"app": "dbt", "dbt_version": "1.12.5", "profile_name": "trivial_tp", "target_name": "dev", "connection_name": "create_trivial_main_gold"} */

    
    
        create schema if not exists "trivial"."main_gold"
    
[0m09:35:40.552288 [debug] [ThreadPool]: SQL status: OK in 0.001 seconds
[0m09:35:40.553052 [debug] [ThreadPool]: On create_trivial_main_gold: COMMIT
[0m09:35:40.553315 [debug] [ThreadPool]: Using duckdb connection "create_trivial_main_gold"
[0m09:35:40.553555 [debug] [ThreadPool]: On create_trivial_main_gold: COMMIT
[0m09:35:40.556675 [debug] [ThreadPool]: SQL status: OK in 0.003 seconds
[0m09:35:40.557036 [debug] [ThreadPool]: On create_trivial_main_gold: Close
[0m09:35:40.557666 [debug] [ThreadPool]: Re-using an available connection from the pool (formerly create_trivial_main_gold, now create_trivial_main)
[0m09:35:40.558187 [debug] [ThreadPool]: Creating schema "database: "trivial"
schema: "main"
"
[0m09:35:40.559372 [debug] [ThreadPool]: Using duckdb connection "create_trivial_main"
[0m09:35:40.559671 [debug] [ThreadPool]: On create_trivial_main: /* {"app": "dbt", "dbt_version": "1.12.5", "profile_name": "trivial_tp", "target_name": "dev", "connection_name": "create_trivial_main"} */

    
        select type from duckdb_databases()
        where lower(database_name)='trivial'
        and type != 'duckdb'
    
  
[0m09:35:40.560196 [debug] [ThreadPool]: Opening a new connection, currently in state closed
[0m09:35:40.561063 [debug] [ThreadPool]: SQL status: OK in 0.001 seconds
[0m09:35:40.561967 [debug] [ThreadPool]: Using duckdb connection "create_trivial_main"
[0m09:35:40.562232 [debug] [ThreadPool]: On create_trivial_main: BEGIN
[0m09:35:40.562634 [debug] [ThreadPool]: SQL status: OK in 0.000 seconds
[0m09:35:40.562886 [debug] [ThreadPool]: Using duckdb connection "create_trivial_main"
[0m09:35:40.563124 [debug] [ThreadPool]: On create_trivial_main: /* {"app": "dbt", "dbt_version": "1.12.5", "profile_name": "trivial_tp", "target_name": "dev", "connection_name": "create_trivial_main"} */

    
    
        create schema if not exists "trivial"."main"
    
[0m09:35:40.563522 [debug] [ThreadPool]: SQL status: OK in 0.000 seconds
[0m09:35:40.564129 [debug] [ThreadPool]: On create_trivial_main: COMMIT
[0m09:35:40.564392 [debug] [ThreadPool]: Using duckdb connection "create_trivial_main"
[0m09:35:40.564625 [debug] [ThreadPool]: On create_trivial_main: COMMIT
[0m09:35:40.565011 [debug] [ThreadPool]: SQL status: OK in 0.000 seconds
[0m09:35:40.565267 [debug] [ThreadPool]: On create_trivial_main: Close
[0m09:35:40.566766 [debug] [ThreadPool]: Acquiring new duckdb connection 'list_trivial_main_gold'
[0m09:35:40.571197 [debug] [ThreadPool]: Using duckdb connection "list_trivial_main_gold"
[0m09:35:40.571474 [debug] [ThreadPool]: On list_trivial_main_gold: BEGIN
[0m09:35:40.571723 [debug] [ThreadPool]: Opening a new connection, currently in state init
[0m09:35:40.572175 [debug] [ThreadPool]: SQL status: OK in 0.000 seconds
[0m09:35:40.572436 [debug] [ThreadPool]: Using duckdb connection "list_trivial_main_gold"
[0m09:35:40.572726 [debug] [ThreadPool]: On list_trivial_main_gold: /* {"app": "dbt", "dbt_version": "1.12.5", "profile_name": "trivial_tp", "target_name": "dev", "connection_name": "list_trivial_main_gold"} */
select
      'trivial' as database,
      table_name as name,
      table_schema as schema,
      CASE table_type
        WHEN 'BASE TABLE' THEN 'table'
        WHEN 'VIEW' THEN 'view'
        WHEN 'LOCAL TEMPORARY' THEN 'table'
        END as type
    from system.information_schema.tables
    where lower(table_schema) = 'main_gold'
    and lower(table_catalog) = 'trivial'
  
[0m09:35:40.579606 [debug] [ThreadPool]: SQL status: OK in 0.007 seconds
[0m09:35:40.580681 [debug] [ThreadPool]: On list_trivial_main_gold: ROLLBACK
[0m09:35:40.581142 [debug] [ThreadPool]: On list_trivial_main_gold: Close
[0m09:35:40.581617 [debug] [ThreadPool]: Re-using an available connection from the pool (formerly list_trivial_main_gold, now list_trivial_main)
[0m09:35:40.582639 [debug] [ThreadPool]: Using duckdb connection "list_trivial_main"
[0m09:35:40.582895 [debug] [ThreadPool]: On list_trivial_main: BEGIN
[0m09:35:40.583128 [debug] [ThreadPool]: Opening a new connection, currently in state closed
[0m09:35:40.583537 [debug] [ThreadPool]: SQL status: OK in 0.000 seconds
[0m09:35:40.583798 [debug] [ThreadPool]: Using duckdb connection "list_trivial_main"
[0m09:35:40.584040 [debug] [ThreadPool]: On list_trivial_main: /* {"app": "dbt", "dbt_version": "1.12.5", "profile_name": "trivial_tp", "target_name": "dev", "connection_name": "list_trivial_main"} */
select
      'trivial' as database,
      table_name as name,
      table_schema as schema,
      CASE table_type
        WHEN 'BASE TABLE' THEN 'table'
        WHEN 'VIEW' THEN 'view'
        WHEN 'LOCAL TEMPORARY' THEN 'table'
        END as type
    from system.information_schema.tables
    where lower(table_schema) = 'main'
    and lower(table_catalog) = 'trivial'
  
[0m09:35:40.585465 [debug] [ThreadPool]: SQL status: OK in 0.001 seconds
[0m09:35:40.586292 [debug] [ThreadPool]: On list_trivial_main: ROLLBACK
[0m09:35:40.586691 [debug] [ThreadPool]: On list_trivial_main: Close
[0m09:35:40.587291 [debug] [MainThread]: Sending event: {'category': 'dbt', 'action': 'runnable_timing', 'label': 'c48e5a7d-9318-4052-ac3b-4e096ed9efdf', 'context': [<snowplow_tracker.self_describing_json.SelfDescribingJson object at 0x000002484AF06B10>]}
[0m09:35:40.587672 [debug] [MainThread]: Using duckdb connection "master"
[0m09:35:40.587915 [debug] [MainThread]: On master: BEGIN
[0m09:35:40.588148 [debug] [MainThread]: Opening a new connection, currently in state init
[0m09:35:40.588552 [debug] [MainThread]: SQL status: OK in 0.000 seconds
[0m09:35:40.588812 [debug] [MainThread]: On master: COMMIT
[0m09:35:40.589051 [debug] [MainThread]: Using duckdb connection "master"
[0m09:35:40.589278 [debug] [MainThread]: On master: COMMIT
[0m09:35:40.589644 [debug] [MainThread]: SQL status: OK in 0.000 seconds
[0m09:35:40.589894 [debug] [MainThread]: On master: Close
[0m09:35:40.595560 [debug] [Thread-1 (]: Began running node model.projet_trivial.stg_responses
[0m09:35:40.596111 [info ] [Thread-1 (]: 1 of 6 START sql view model main.stg_responses ................................. [RUN]
[0m09:35:40.596742 [debug] [Thread-1 (]: Acquiring new duckdb connection 'model.projet_trivial.stg_responses'
[0m09:35:40.597072 [debug] [Thread-1 (]: Began compiling node model.projet_trivial.stg_responses
[0m09:35:40.602748 [debug] [Thread-1 (]: Writing injected SQL for node "model.projet_trivial.stg_responses"
[0m09:35:40.605193 [debug] [Thread-1 (]: Began executing node model.projet_trivial.stg_responses
[0m09:35:40.633077 [debug] [Thread-1 (]: Writing runtime sql for node "model.projet_trivial.stg_responses"
[0m09:35:40.636035 [debug] [Thread-1 (]: Using duckdb connection "model.projet_trivial.stg_responses"
[0m09:35:40.636431 [debug] [Thread-1 (]: On model.projet_trivial.stg_responses: BEGIN
[0m09:35:40.636721 [debug] [Thread-1 (]: Opening a new connection, currently in state init
[0m09:35:40.637546 [debug] [Thread-1 (]: SQL status: OK in 0.001 seconds
[0m09:35:40.637863 [debug] [Thread-1 (]: Using duckdb connection "model.projet_trivial.stg_responses"
[0m09:35:40.638176 [debug] [Thread-1 (]: On model.projet_trivial.stg_responses: /* {"app": "dbt", "dbt_version": "1.12.5", "profile_name": "trivial_tp", "target_name": "dev", "node_id": "model.projet_trivial.stg_responses"} */

  
  create view "trivial"."main"."stg_responses__dbt_tmp" as (
    with responses as (

    select *
    from read_parquet('./silver/*_responses.parquet')

),

questions as (

    select *
    from read_parquet('./silver/*_questions_clean.parquet')

)

select
    r.question_id,

    q.category,
    q.difficulty,
    q.type,
    q.question,
    q.correct_answer,

    r.ai_answer_raw,
    r.ai_answer_letter,
    r.correct_letter,
    r.ai_correct,
    r.response_time,
    r.model,
    r.prompt_version,
    r.status

from responses r

left join questions q
    on r.question_id = q.question_id

where r.status = 'success'
  );

[0m09:35:40.653471 [debug] [Thread-1 (]: DuckDB adapter: duckdb error: IO Error: No files found that match the pattern "./silver/*_responses.parquet"

LINE 8:     from read_parquet('./silver/*_responses.parquet')
                 ^
[0m09:35:40.653999 [debug] [Thread-1 (]: DuckDB adapter: Error running SQL: /* {"app": "dbt", "dbt_version": "1.12.5", "profile_name": "trivial_tp", "target_name": "dev", "node_id": "model.projet_trivial.stg_responses"} */

  
  create view "trivial"."main"."stg_responses__dbt_tmp" as (
    with responses as (

    select *
    from read_parquet('./silver/*_responses.parquet')

),

questions as (

    select *
    from read_parquet('./silver/*_questions_clean.parquet')

)

select
    r.question_id,

    q.category,
    q.difficulty,
    q.type,
    q.question,
    q.correct_answer,

    r.ai_answer_raw,
    r.ai_answer_letter,
    r.correct_letter,
    r.ai_correct,
    r.response_time,
    r.model,
    r.prompt_version,
    r.status

from responses r

left join questions q
    on r.question_id = q.question_id

where r.status = 'success'
  );

[0m09:35:40.654427 [debug] [Thread-1 (]: DuckDB adapter: Rolling back transaction.
[0m09:35:40.654741 [debug] [Thread-1 (]: On model.projet_trivial.stg_responses: ROLLBACK
[0m09:35:40.655381 [debug] [Thread-1 (]: On model.projet_trivial.stg_responses: Close
[0m09:35:40.761733 [debug] [Thread-1 (]: Runtime Error in model stg_responses (src/models\staging\stg_responses.sql)
  IO Error: No files found that match the pattern "./silver/*_responses.parquet"
  
  LINE 8:     from read_parquet('./silver/*_responses.parquet')
                   ^
[0m09:35:40.764052 [debug] [Thread-1 (]: Sending event: {'category': 'dbt', 'action': 'run_model', 'label': 'c48e5a7d-9318-4052-ac3b-4e096ed9efdf', 'context': [<snowplow_tracker.self_describing_json.SelfDescribingJson object at 0x0000024846F0CEC0>]}
[0m09:35:40.764704 [error] [Thread-1 (]: 1 of 6 ERROR creating sql view model main.stg_responses ........................ [[31mERROR[0m in 0.17s]
[0m09:35:40.765451 [debug] [Thread-1 (]: Finished running node model.projet_trivial.stg_responses
[0m09:35:40.766085 [debug] [Thread-4 (]: Marking all children of 'model.projet_trivial.stg_responses' to be skipped because of status 'error'.  Reason: Runtime Error in model stg_responses (src/models\staging\stg_responses.sql)
  IO Error: No files found that match the pattern "./silver/*_responses.parquet"
  
  LINE 8:     from read_parquet('./silver/*_responses.parquet')
                   ^.
[0m09:35:40.767322 [debug] [Thread-1 (]: Began running node model.projet_trivial.int_responses
[0m09:35:40.767974 [info ] [Thread-1 (]: 2 of 6 SKIP relation main.int_responses ........................................ [[33mSKIP[0m]
[0m09:35:40.768711 [debug] [Thread-1 (]: Finished running node model.projet_trivial.int_responses
[0m09:35:40.769363 [debug] [Thread-1 (]: Began running node model.projet_trivial.mart_category_performance
[0m09:35:40.769787 [info ] [Thread-1 (]: 3 of 6 SKIP relation main_gold.mart_category_performance ....................... [[33mSKIP[0m]
[0m09:35:40.770345 [debug] [Thread-1 (]: Finished running node model.projet_trivial.mart_category_performance
[0m09:35:40.770761 [debug] [Thread-1 (]: Began running node model.projet_trivial.mart_difficulty_performance
[0m09:35:40.771190 [info ] [Thread-1 (]: 4 of 6 SKIP relation main_gold.mart_difficulty_performance ..................... [[33mSKIP[0m]
[0m09:35:40.771661 [debug] [Thread-1 (]: Finished running node model.projet_trivial.mart_difficulty_performance
[0m09:35:40.772006 [debug] [Thread-1 (]: Began running node model.projet_trivial.mart_prompt_performance
[0m09:35:40.772367 [info ] [Thread-1 (]: 5 of 6 SKIP relation main_gold.mart_prompt_performance ......................... [[33mSKIP[0m]
[0m09:35:40.772838 [debug] [Thread-1 (]: Finished running node model.projet_trivial.mart_prompt_performance
[0m09:35:40.773234 [debug] [Thread-1 (]: Began running node model.projet_trivial.mart_type_performance
[0m09:35:40.773607 [info ] [Thread-1 (]: 6 of 6 SKIP relation main_gold.mart_type_performance ........................... [[33mSKIP[0m]
[0m09:35:40.774013 [debug] [Thread-1 (]: Finished running node model.projet_trivial.mart_type_performance
[0m09:35:40.775161 [debug] [MainThread]: Using duckdb connection "master"
[0m09:35:40.775480 [debug] [MainThread]: On master: BEGIN
[0m09:35:40.775721 [debug] [MainThread]: Opening a new connection, currently in state closed
[0m09:35:40.776263 [debug] [MainThread]: SQL status: OK in 0.001 seconds
[0m09:35:40.776528 [debug] [MainThread]: On master: COMMIT
[0m09:35:40.776772 [debug] [MainThread]: Using duckdb connection "master"
[0m09:35:40.777002 [debug] [MainThread]: On master: COMMIT
[0m09:35:40.777390 [debug] [MainThread]: SQL status: OK in 0.000 seconds
[0m09:35:40.777650 [debug] [MainThread]: On master: Close
[0m09:35:40.777985 [debug] [MainThread]: Connection 'master' was properly closed.
[0m09:35:40.778220 [debug] [MainThread]: Connection 'create_trivial_main' was properly closed.
[0m09:35:40.778435 [debug] [MainThread]: Connection 'list_trivial_main' was properly closed.
[0m09:35:40.778642 [debug] [MainThread]: Connection 'model.projet_trivial.stg_responses' was properly closed.
[0m09:35:40.778942 [info ] [MainThread]: 
[0m09:35:40.779346 [info ] [MainThread]: Finished running 5 table models, 1 view model in 0 hours 0 minutes and 2.62 seconds (2.62s).
[0m09:35:40.780378 [debug] [MainThread]: Command end result
[0m09:35:40.812850 [debug] [MainThread]: Wrote artifact WritableManifest to C:\Users\Utilisateur\Documents\MasteredataIA\COURS\datalakes\projetTrivialPoursuite\target\manifest.json
[0m09:35:40.816799 [debug] [MainThread]: Wrote artifact SemanticManifest to C:\Users\Utilisateur\Documents\MasteredataIA\COURS\datalakes\projetTrivialPoursuite\target\semantic_manifest.json
[0m09:35:40.820347 [debug] [MainThread]: Wrote artifact OsiDocument to C:\Users\Utilisateur\Documents\MasteredataIA\COURS\datalakes\projetTrivialPoursuite\target\osi_document.json
[0m09:35:40.826981 [debug] [MainThread]: Wrote artifact RunExecutionResult to C:\Users\Utilisateur\Documents\MasteredataIA\COURS\datalakes\projetTrivialPoursuite\target\run_results.json
[0m09:35:40.827310 [info ] [MainThread]: 
[0m09:35:40.827755 [info ] [MainThread]: [31mCompleted with 1 error, 0 partial successes, and 0 warnings:[0m
[0m09:35:40.828126 [info ] [MainThread]: 
[0m09:35:40.828540 [error] [MainThread]: [[31mERROR[0m]: in model stg_responses (src/models\staging\stg_responses.sql)
[0m09:35:40.828951 [error] [MainThread]:   Runtime Error in model stg_responses (src/models\staging\stg_responses.sql)
  IO Error: No files found that match the pattern "./silver/*_responses.parquet"
  
  LINE 8:     from read_parquet('./silver/*_responses.parquet')
                   ^
[0m09:35:40.829365 [info ] [MainThread]: 
[0m09:35:40.829861 [info ] [MainThread]:   compiled code at target\compiled\projet_trivial\src/models\staging\stg_responses.sql
[0m09:35:40.830344 [info ] [MainThread]: 
[0m09:35:40.830815 [info ] [MainThread]: Done. PASS=0 WARN=0 ERROR=1 SKIP=5 NO-OP=0 REUSED=0 TOTAL=6
[0m09:35:40.832194 [debug] [MainThread]: Command `dbt run` failed at 09:35:40.832065 after 6.33 seconds
[0m09:35:40.832571 [debug] [MainThread]: Sending event: {'category': 'dbt', 'action': 'invocation', 'label': 'end', 'context': [<snowplow_tracker.self_describing_json.SelfDescribingJson object at 0x000002484B0000F0>, <snowplow_tracker.self_describing_json.SelfDescribingJson object at 0x000002484B3CC0E0>, <snowplow_tracker.self_describing_json.SelfDescribingJson object at 0x000002484AF9F8D0>]}
[0m09:35:40.832911 [debug] [MainThread]: Flushing usage events
[0m09:35:41.338013 [debug] [MainThread]: An error was encountered while trying to flush usage events
[0m09:38:42.498644 [debug] [MainThread]: Sending event: {'category': 'dbt', 'action': 'invocation', 'label': 'start', 'context': [<snowplow_tracker.self_describing_json.SelfDescribingJson object at 0x000002016205A3C0>, <snowplow_tracker.self_describing_json.SelfDescribingJson object at 0x000002015FC14410>, <snowplow_tracker.self_describing_json.SelfDescribingJson object at 0x0000020164A33890>]}


============================== 09:38:42.502947 | 91641e14-e22c-4004-8fe2-21522be2789d ==============================
[0m09:38:42.502947 [info ] [MainThread]: Running with dbt=1.12.5
[0m09:38:42.503607 [debug] [MainThread]: running dbt with arguments {'version_check': 'True', 'no_print': 'None', 'maximum_seed_size_mib': '1', 'target_path': 'None', 'static_parser': 'True', 'warn_error_options': 'WarnErrorOptionsV2(error=[], warn=[], silence=[])', 'printer_width': '80', 'write_json': 'True', 'introspect': 'True', 'log_cache_events': 'False', 'empty': 'False', 'cache_selected_only': 'False', 'fail_fast': 'False', 'debug': 'False', 'log_format': 'default', 'partial_parse': 'True', 'send_anonymous_usage_stats': 'True', 'quiet': 'False', 'warn_error': 'None', 'profiles_dir': 'C:\\Users\\Utilisateur\\Documents\\MasteredataIA\\COURS\\datalakes\\projetTrivialPoursuite', 'invocation_command': 'dbt run', 'hints_enabled': 'True', 'use_colors': 'True', 'use_experimental_parser': 'False', 'indirect_selection': 'eager', 'log_path': 'C:\\Users\\Utilisateur\\Documents\\MasteredataIA\\COURS\\datalakes\\projetTrivialPoursuite\\logs'}
[0m09:38:42.774560 [debug] [MainThread]: Sending event: {'category': 'dbt', 'action': 'project_id', 'label': '91641e14-e22c-4004-8fe2-21522be2789d', 'context': [<snowplow_tracker.self_describing_json.SelfDescribingJson object at 0x0000020164AE2FD0>]}
[0m09:38:42.856793 [debug] [MainThread]: Sending event: {'category': 'dbt', 'action': 'adapter_info', 'label': '91641e14-e22c-4004-8fe2-21522be2789d', 'context': [<snowplow_tracker.self_describing_json.SelfDescribingJson object at 0x0000020164C64E20>]}
[0m09:38:42.860055 [info ] [MainThread]: Registered adapter: duckdb=1.11.0
[0m09:38:43.162808 [debug] [MainThread]: checksum: 0942d943003f3fccaeb7c0773b635c3723a3df5117ad06592b70e020d80bc06e, vars: {}, profile: trivial_tp, target: dev, version: 1.12.5
[0m09:38:43.299075 [debug] [MainThread]: Partial parsing enabled: 0 files deleted, 0 files added, 1 files changed.
[0m09:38:43.299976 [debug] [MainThread]: Partial parsing: updated file: projet_trivial://src/models\sources.yml
[0m09:38:43.774546 [debug] [MainThread]: Sending event: {'category': 'dbt', 'action': 'load_project', 'label': '91641e14-e22c-4004-8fe2-21522be2789d', 'context': [<snowplow_tracker.self_describing_json.SelfDescribingJson object at 0x00000201664E4450>]}
[0m09:38:43.853485 [debug] [MainThread]: Wrote artifact WritableManifest to C:\Users\Utilisateur\Documents\MasteredataIA\COURS\datalakes\projetTrivialPoursuite\target\manifest.json
[0m09:38:43.857133 [debug] [MainThread]: Wrote artifact SemanticManifest to C:\Users\Utilisateur\Documents\MasteredataIA\COURS\datalakes\projetTrivialPoursuite\target\semantic_manifest.json
[0m09:38:43.884352 [debug] [MainThread]: Wrote artifact OsiDocument to C:\Users\Utilisateur\Documents\MasteredataIA\COURS\datalakes\projetTrivialPoursuite\target\osi_document.json
[0m09:38:43.897069 [debug] [MainThread]: Sending event: {'category': 'dbt', 'action': 'resource_counts', 'label': '91641e14-e22c-4004-8fe2-21522be2789d', 'context': [<snowplow_tracker.self_describing_json.SelfDescribingJson object at 0x0000020166671C70>]}
[0m09:38:43.897539 [info ] [MainThread]: Found 6 models, 2 sources, 500 macros
[0m09:38:43.897947 [debug] [MainThread]: Sending event: {'category': 'dbt', 'action': 'runnable_timing', 'label': '91641e14-e22c-4004-8fe2-21522be2789d', 'context': [<snowplow_tracker.self_describing_json.SelfDescribingJson object at 0x000002016667D550>]}
[0m09:38:43.899858 [info ] [MainThread]: 
[0m09:38:43.900314 [info ] [MainThread]: Concurrency: 1 threads (target='dev')
[0m09:38:43.900695 [info ] [MainThread]: 
[0m09:38:43.901248 [debug] [MainThread]: Acquiring new duckdb connection 'master'
[0m09:38:43.905762 [debug] [ThreadPool]: Acquiring new duckdb connection 'list_trivial'
[0m09:38:43.994933 [debug] [ThreadPool]: Using duckdb connection "list_trivial"
[0m09:38:43.995341 [debug] [ThreadPool]: On list_trivial: /* {"app": "dbt", "dbt_version": "1.12.5", "profile_name": "trivial_tp", "target_name": "dev", "connection_name": "list_trivial"} */

    
    select schema_name
    from system.information_schema.schemata
    
    where lower(catalog_name) = '"trivial"'
    
  
  
[0m09:38:43.995623 [debug] [ThreadPool]: Opening a new connection, currently in state init
[0m09:38:44.018364 [debug] [ThreadPool]: SQL status: OK in 0.023 seconds
[0m09:38:44.019666 [debug] [ThreadPool]: On list_trivial: Close
[0m09:38:44.021478 [debug] [ThreadPool]: Using duckdb connection "list_trivial"
[0m09:38:44.021868 [debug] [ThreadPool]: On list_trivial: /* {"app": "dbt", "dbt_version": "1.12.5", "profile_name": "trivial_tp", "target_name": "dev", "connection_name": "list_trivial"} */

    
    select schema_name
    from system.information_schema.schemata
    
    where lower(catalog_name) = '"trivial"'
    
  
  
[0m09:38:44.022287 [debug] [ThreadPool]: Opening a new connection, currently in state closed
[0m09:38:44.023506 [debug] [ThreadPool]: SQL status: OK in 0.001 seconds
[0m09:38:44.024469 [debug] [ThreadPool]: On list_trivial: Close
[0m09:38:44.025042 [debug] [ThreadPool]: Re-using an available connection from the pool (formerly list_trivial, now create_trivial_main)
[0m09:38:44.025454 [debug] [ThreadPool]: Creating schema "database: "trivial"
schema: "main"
"
[0m09:38:44.031564 [debug] [ThreadPool]: Using duckdb connection "create_trivial_main"
[0m09:38:44.031888 [debug] [ThreadPool]: On create_trivial_main: /* {"app": "dbt", "dbt_version": "1.12.5", "profile_name": "trivial_tp", "target_name": "dev", "connection_name": "create_trivial_main"} */

    
        select type from duckdb_databases()
        where lower(database_name)='trivial'
        and type != 'duckdb'
    
  
[0m09:38:44.032146 [debug] [ThreadPool]: Opening a new connection, currently in state closed
[0m09:38:44.032919 [debug] [ThreadPool]: SQL status: OK in 0.001 seconds
[0m09:38:44.033856 [debug] [ThreadPool]: Using duckdb connection "create_trivial_main"
[0m09:38:44.034157 [debug] [ThreadPool]: On create_trivial_main: BEGIN
[0m09:38:44.034581 [debug] [ThreadPool]: SQL status: OK in 0.000 seconds
[0m09:38:44.034873 [debug] [ThreadPool]: Using duckdb connection "create_trivial_main"
[0m09:38:44.035148 [debug] [ThreadPool]: On create_trivial_main: /* {"app": "dbt", "dbt_version": "1.12.5", "profile_name": "trivial_tp", "target_name": "dev", "connection_name": "create_trivial_main"} */

    
    
        create schema if not exists "trivial"."main"
    
[0m09:38:44.035622 [debug] [ThreadPool]: SQL status: OK in 0.000 seconds
[0m09:38:44.036280 [debug] [ThreadPool]: On create_trivial_main: COMMIT
[0m09:38:44.036538 [debug] [ThreadPool]: Using duckdb connection "create_trivial_main"
[0m09:38:44.036775 [debug] [ThreadPool]: On create_trivial_main: COMMIT
[0m09:38:44.037172 [debug] [ThreadPool]: SQL status: OK in 0.000 seconds
[0m09:38:44.037432 [debug] [ThreadPool]: On create_trivial_main: Close
[0m09:38:44.037932 [debug] [ThreadPool]: Re-using an available connection from the pool (formerly create_trivial_main, now create_trivial_main_gold)
[0m09:38:44.038350 [debug] [ThreadPool]: Creating schema "database: "trivial"
schema: "main_gold"
"
[0m09:38:44.039324 [debug] [ThreadPool]: Using duckdb connection "create_trivial_main_gold"
[0m09:38:44.039584 [debug] [ThreadPool]: On create_trivial_main_gold: /* {"app": "dbt", "dbt_version": "1.12.5", "profile_name": "trivial_tp", "target_name": "dev", "connection_name": "create_trivial_main_gold"} */

    
        select type from duckdb_databases()
        where lower(database_name)='trivial'
        and type != 'duckdb'
    
  
[0m09:38:44.039825 [debug] [ThreadPool]: Opening a new connection, currently in state closed
[0m09:38:44.040457 [debug] [ThreadPool]: SQL status: OK in 0.001 seconds
[0m09:38:44.041325 [debug] [ThreadPool]: Using duckdb connection "create_trivial_main_gold"
[0m09:38:44.041617 [debug] [ThreadPool]: On create_trivial_main_gold: BEGIN
[0m09:38:44.042052 [debug] [ThreadPool]: SQL status: OK in 0.000 seconds
[0m09:38:44.042341 [debug] [ThreadPool]: Using duckdb connection "create_trivial_main_gold"
[0m09:38:44.042639 [debug] [ThreadPool]: On create_trivial_main_gold: /* {"app": "dbt", "dbt_version": "1.12.5", "profile_name": "trivial_tp", "target_name": "dev", "connection_name": "create_trivial_main_gold"} */

    
    
        create schema if not exists "trivial"."main_gold"
    
[0m09:38:44.043088 [debug] [ThreadPool]: SQL status: OK in 0.000 seconds
[0m09:38:44.043731 [debug] [ThreadPool]: On create_trivial_main_gold: COMMIT
[0m09:38:44.043994 [debug] [ThreadPool]: Using duckdb connection "create_trivial_main_gold"
[0m09:38:44.044291 [debug] [ThreadPool]: On create_trivial_main_gold: COMMIT
[0m09:38:44.044751 [debug] [ThreadPool]: SQL status: OK in 0.000 seconds
[0m09:38:44.045063 [debug] [ThreadPool]: On create_trivial_main_gold: Close
[0m09:38:44.046595 [debug] [ThreadPool]: Acquiring new duckdb connection 'list_trivial_main'
[0m09:38:44.051340 [debug] [ThreadPool]: Using duckdb connection "list_trivial_main"
[0m09:38:44.051619 [debug] [ThreadPool]: On list_trivial_main: BEGIN
[0m09:38:44.051871 [debug] [ThreadPool]: Opening a new connection, currently in state init
[0m09:38:44.052401 [debug] [ThreadPool]: SQL status: OK in 0.001 seconds
[0m09:38:44.052746 [debug] [ThreadPool]: Using duckdb connection "list_trivial_main"
[0m09:38:44.053060 [debug] [ThreadPool]: On list_trivial_main: /* {"app": "dbt", "dbt_version": "1.12.5", "profile_name": "trivial_tp", "target_name": "dev", "connection_name": "list_trivial_main"} */
select
      'trivial' as database,
      table_name as name,
      table_schema as schema,
      CASE table_type
        WHEN 'BASE TABLE' THEN 'table'
        WHEN 'VIEW' THEN 'view'
        WHEN 'LOCAL TEMPORARY' THEN 'table'
        END as type
    from system.information_schema.tables
    where lower(table_schema) = 'main'
    and lower(table_catalog) = 'trivial'
  
[0m09:38:44.056663 [debug] [ThreadPool]: SQL status: OK in 0.003 seconds
[0m09:38:44.057563 [debug] [ThreadPool]: On list_trivial_main: ROLLBACK
[0m09:38:44.058002 [debug] [ThreadPool]: On list_trivial_main: Close
[0m09:38:44.058469 [debug] [ThreadPool]: Re-using an available connection from the pool (formerly list_trivial_main, now list_trivial_main_gold)
[0m09:38:44.059426 [debug] [ThreadPool]: Using duckdb connection "list_trivial_main_gold"
[0m09:38:44.059679 [debug] [ThreadPool]: On list_trivial_main_gold: BEGIN
[0m09:38:44.059909 [debug] [ThreadPool]: Opening a new connection, currently in state closed
[0m09:38:44.060368 [debug] [ThreadPool]: SQL status: OK in 0.000 seconds
[0m09:38:44.060630 [debug] [ThreadPool]: Using duckdb connection "list_trivial_main_gold"
[0m09:38:44.060873 [debug] [ThreadPool]: On list_trivial_main_gold: /* {"app": "dbt", "dbt_version": "1.12.5", "profile_name": "trivial_tp", "target_name": "dev", "connection_name": "list_trivial_main_gold"} */
select
      'trivial' as database,
      table_name as name,
      table_schema as schema,
      CASE table_type
        WHEN 'BASE TABLE' THEN 'table'
        WHEN 'VIEW' THEN 'view'
        WHEN 'LOCAL TEMPORARY' THEN 'table'
        END as type
    from system.information_schema.tables
    where lower(table_schema) = 'main_gold'
    and lower(table_catalog) = 'trivial'
  
[0m09:38:44.062228 [debug] [ThreadPool]: SQL status: OK in 0.001 seconds
[0m09:38:44.063075 [debug] [ThreadPool]: On list_trivial_main_gold: ROLLBACK
[0m09:38:44.063464 [debug] [ThreadPool]: On list_trivial_main_gold: Close
[0m09:38:44.064038 [debug] [MainThread]: Sending event: {'category': 'dbt', 'action': 'runnable_timing', 'label': '91641e14-e22c-4004-8fe2-21522be2789d', 'context': [<snowplow_tracker.self_describing_json.SelfDescribingJson object at 0x0000020166806D00>]}
[0m09:38:44.064418 [debug] [MainThread]: Using duckdb connection "master"
[0m09:38:44.064663 [debug] [MainThread]: On master: BEGIN
[0m09:38:44.064890 [debug] [MainThread]: Opening a new connection, currently in state init
[0m09:38:44.065314 [debug] [MainThread]: SQL status: OK in 0.000 seconds
[0m09:38:44.065569 [debug] [MainThread]: On master: COMMIT
[0m09:38:44.065803 [debug] [MainThread]: Using duckdb connection "master"
[0m09:38:44.066025 [debug] [MainThread]: On master: COMMIT
[0m09:38:44.066392 [debug] [MainThread]: SQL status: OK in 0.000 seconds
[0m09:38:44.066641 [debug] [MainThread]: On master: Close
[0m09:38:44.069904 [debug] [Thread-1 (]: Began running node model.projet_trivial.stg_responses
[0m09:38:44.070372 [info ] [Thread-1 (]: 1 of 6 START sql view model main.stg_responses ................................. [RUN]
[0m09:38:44.070931 [debug] [Thread-1 (]: Acquiring new duckdb connection 'model.projet_trivial.stg_responses'
[0m09:38:44.071241 [debug] [Thread-1 (]: Began compiling node model.projet_trivial.stg_responses
[0m09:38:44.076774 [debug] [Thread-1 (]: Writing injected SQL for node "model.projet_trivial.stg_responses"
[0m09:38:44.077810 [debug] [Thread-1 (]: Began executing node model.projet_trivial.stg_responses
[0m09:38:44.105047 [debug] [Thread-1 (]: Writing runtime sql for node "model.projet_trivial.stg_responses"
[0m09:38:44.106185 [debug] [Thread-1 (]: Using duckdb connection "model.projet_trivial.stg_responses"
[0m09:38:44.106569 [debug] [Thread-1 (]: On model.projet_trivial.stg_responses: BEGIN
[0m09:38:44.106907 [debug] [Thread-1 (]: Opening a new connection, currently in state init
[0m09:38:44.107806 [debug] [Thread-1 (]: SQL status: OK in 0.001 seconds
[0m09:38:44.108236 [debug] [Thread-1 (]: Using duckdb connection "model.projet_trivial.stg_responses"
[0m09:38:44.108639 [debug] [Thread-1 (]: On model.projet_trivial.stg_responses: /* {"app": "dbt", "dbt_version": "1.12.5", "profile_name": "trivial_tp", "target_name": "dev", "node_id": "model.projet_trivial.stg_responses"} */

  
  create view "trivial"."main"."stg_responses__dbt_tmp" as (
    with responses as (

    select *
    from read_parquet('../data/silver/responses.parquet')

),

questions as (

    select *
    from read_parquet('../data/silver/questions_clean.parquet')

)

select
    r.question_id,

    q.category,
    q.difficulty,
    q.type,
    q.question,
    q.correct_answer,

    r.ai_answer_raw,
    r.ai_answer_letter,
    r.correct_letter,
    r.ai_correct,
    r.response_time,
    r.model,
    r.prompt_version,
    r.status

from responses r

left join questions q
    on r.question_id = q.question_id

where r.status = 'success'
  );

[0m09:38:44.109803 [debug] [Thread-1 (]: DuckDB adapter: duckdb error: IO Error: No files found that match the pattern "../data/silver/responses.parquet"

LINE 8:     from read_parquet('../data/silver/responses.parquet')
                 ^
[0m09:38:44.110136 [debug] [Thread-1 (]: DuckDB adapter: Error running SQL: /* {"app": "dbt", "dbt_version": "1.12.5", "profile_name": "trivial_tp", "target_name": "dev", "node_id": "model.projet_trivial.stg_responses"} */

  
  create view "trivial"."main"."stg_responses__dbt_tmp" as (
    with responses as (

    select *
    from read_parquet('../data/silver/responses.parquet')

),

questions as (

    select *
    from read_parquet('../data/silver/questions_clean.parquet')

)

select
    r.question_id,

    q.category,
    q.difficulty,
    q.type,
    q.question,
    q.correct_answer,

    r.ai_answer_raw,
    r.ai_answer_letter,
    r.correct_letter,
    r.ai_correct,
    r.response_time,
    r.model,
    r.prompt_version,
    r.status

from responses r

left join questions q
    on r.question_id = q.question_id

where r.status = 'success'
  );

[0m09:38:44.110440 [debug] [Thread-1 (]: DuckDB adapter: Rolling back transaction.
[0m09:38:44.110730 [debug] [Thread-1 (]: On model.projet_trivial.stg_responses: ROLLBACK
[0m09:38:44.111261 [debug] [Thread-1 (]: On model.projet_trivial.stg_responses: Close
[0m09:38:44.117769 [debug] [Thread-1 (]: Runtime Error in model stg_responses (src/models\staging\stg_responses.sql)
  IO Error: No files found that match the pattern "../data/silver/responses.parquet"
  
  LINE 8:     from read_parquet('../data/silver/responses.parquet')
                   ^
[0m09:38:44.119728 [debug] [Thread-1 (]: Sending event: {'category': 'dbt', 'action': 'run_model', 'label': '91641e14-e22c-4004-8fe2-21522be2789d', 'context': [<snowplow_tracker.self_describing_json.SelfDescribingJson object at 0x00000201666B9B50>]}
[0m09:38:44.120421 [error] [Thread-1 (]: 1 of 6 ERROR creating sql view model main.stg_responses ........................ [[31mERROR[0m in 0.05s]
[0m09:38:44.121159 [debug] [Thread-1 (]: Finished running node model.projet_trivial.stg_responses
[0m09:38:44.121716 [debug] [Thread-4 (]: Marking all children of 'model.projet_trivial.stg_responses' to be skipped because of status 'error'.  Reason: Runtime Error in model stg_responses (src/models\staging\stg_responses.sql)
  IO Error: No files found that match the pattern "../data/silver/responses.parquet"
  
  LINE 8:     from read_parquet('../data/silver/responses.parquet')
                   ^.
[0m09:38:44.122872 [debug] [Thread-1 (]: Began running node model.projet_trivial.int_responses
[0m09:38:44.123232 [info ] [Thread-1 (]: 2 of 6 SKIP relation main.int_responses ........................................ [[33mSKIP[0m]
[0m09:38:44.123814 [debug] [Thread-1 (]: Finished running node model.projet_trivial.int_responses
[0m09:38:44.124495 [debug] [Thread-1 (]: Began running node model.projet_trivial.mart_category_performance
[0m09:38:44.124852 [info ] [Thread-1 (]: 3 of 6 SKIP relation main_gold.mart_category_performance ....................... [[33mSKIP[0m]
[0m09:38:44.125293 [debug] [Thread-1 (]: Finished running node model.projet_trivial.mart_category_performance
[0m09:38:44.125654 [debug] [Thread-1 (]: Began running node model.projet_trivial.mart_difficulty_performance
[0m09:38:44.126017 [info ] [Thread-1 (]: 4 of 6 SKIP relation main_gold.mart_difficulty_performance ..................... [[33mSKIP[0m]
[0m09:38:44.126461 [debug] [Thread-1 (]: Finished running node model.projet_trivial.mart_difficulty_performance
[0m09:38:44.126878 [debug] [Thread-1 (]: Began running node model.projet_trivial.mart_prompt_performance
[0m09:38:44.127277 [info ] [Thread-1 (]: 5 of 6 SKIP relation main_gold.mart_prompt_performance ......................... [[33mSKIP[0m]
[0m09:38:44.127874 [debug] [Thread-1 (]: Finished running node model.projet_trivial.mart_prompt_performance
[0m09:38:44.128455 [debug] [Thread-1 (]: Began running node model.projet_trivial.mart_type_performance
[0m09:38:44.128871 [info ] [Thread-1 (]: 6 of 6 SKIP relation main_gold.mart_type_performance ........................... [[33mSKIP[0m]
[0m09:38:44.129396 [debug] [Thread-1 (]: Finished running node model.projet_trivial.mart_type_performance
[0m09:38:44.130495 [debug] [MainThread]: Using duckdb connection "master"
[0m09:38:44.130769 [debug] [MainThread]: On master: BEGIN
[0m09:38:44.131019 [debug] [MainThread]: Opening a new connection, currently in state closed
[0m09:38:44.131658 [debug] [MainThread]: SQL status: OK in 0.001 seconds
[0m09:38:44.132031 [debug] [MainThread]: On master: COMMIT
[0m09:38:44.132367 [debug] [MainThread]: Using duckdb connection "master"
[0m09:38:44.132661 [debug] [MainThread]: On master: COMMIT
[0m09:38:44.133163 [debug] [MainThread]: SQL status: OK in 0.000 seconds
[0m09:38:44.133455 [debug] [MainThread]: On master: Close
[0m09:38:44.133864 [debug] [MainThread]: Connection 'master' was properly closed.
[0m09:38:44.134104 [debug] [MainThread]: Connection 'create_trivial_main_gold' was properly closed.
[0m09:38:44.134324 [debug] [MainThread]: Connection 'list_trivial_main_gold' was properly closed.
[0m09:38:44.134540 [debug] [MainThread]: Connection 'model.projet_trivial.stg_responses' was properly closed.
[0m09:38:44.134878 [info ] [MainThread]: 
[0m09:38:44.135248 [info ] [MainThread]: Finished running 5 table models, 1 view model in 0 hours 0 minutes and 0.23 seconds (0.23s).
[0m09:38:44.136370 [debug] [MainThread]: Command end result
[0m09:38:44.166527 [debug] [MainThread]: Wrote artifact WritableManifest to C:\Users\Utilisateur\Documents\MasteredataIA\COURS\datalakes\projetTrivialPoursuite\target\manifest.json
[0m09:38:44.170143 [debug] [MainThread]: Wrote artifact SemanticManifest to C:\Users\Utilisateur\Documents\MasteredataIA\COURS\datalakes\projetTrivialPoursuite\target\semantic_manifest.json
[0m09:38:44.173473 [debug] [MainThread]: Wrote artifact OsiDocument to C:\Users\Utilisateur\Documents\MasteredataIA\COURS\datalakes\projetTrivialPoursuite\target\osi_document.json
[0m09:38:44.180296 [debug] [MainThread]: Wrote artifact RunExecutionResult to C:\Users\Utilisateur\Documents\MasteredataIA\COURS\datalakes\projetTrivialPoursuite\target\run_results.json
[0m09:38:44.180680 [info ] [MainThread]: 
[0m09:38:44.181151 [info ] [MainThread]: [31mCompleted with 1 error, 0 partial successes, and 0 warnings:[0m
[0m09:38:44.181582 [info ] [MainThread]: 
[0m09:38:44.182035 [error] [MainThread]: [[31mERROR[0m]: in model stg_responses (src/models\staging\stg_responses.sql)
[0m09:38:44.182539 [error] [MainThread]:   Runtime Error in model stg_responses (src/models\staging\stg_responses.sql)
  IO Error: No files found that match the pattern "../data/silver/responses.parquet"
  
  LINE 8:     from read_parquet('../data/silver/responses.parquet')
                   ^
[0m09:38:44.183044 [info ] [MainThread]: 
[0m09:38:44.183666 [info ] [MainThread]:   compiled code at target\compiled\projet_trivial\src/models\staging\stg_responses.sql
[0m09:38:44.184012 [info ] [MainThread]: 
[0m09:38:44.184377 [info ] [MainThread]: Done. PASS=0 WARN=0 ERROR=1 SKIP=5 NO-OP=0 REUSED=0 TOTAL=6
[0m09:38:44.185517 [debug] [MainThread]: Command `dbt run` failed at 09:38:44.185408 after 1.85 seconds
[0m09:38:44.185902 [debug] [MainThread]: Sending event: {'category': 'dbt', 'action': 'invocation', 'label': 'end', 'context': [<snowplow_tracker.self_describing_json.SelfDescribingJson object at 0x000002016696AC50>, <snowplow_tracker.self_describing_json.SelfDescribingJson object at 0x0000020164AF9B30>, <snowplow_tracker.self_describing_json.SelfDescribingJson object at 0x00000201669CD3B0>]}
[0m09:38:44.186232 [debug] [MainThread]: Flushing usage events
[0m09:38:44.621666 [debug] [MainThread]: An error was encountered while trying to flush usage events
[0m09:40:55.647348 [debug] [MainThread]: Sending event: {'category': 'dbt', 'action': 'invocation', 'label': 'start', 'context': [<snowplow_tracker.self_describing_json.SelfDescribingJson object at 0x000001FA62E7A3C0>, <snowplow_tracker.self_describing_json.SelfDescribingJson object at 0x000001FA60A24410>, <snowplow_tracker.self_describing_json.SelfDescribingJson object at 0x000001FA65853890>]}


============================== 09:40:55.652313 | 017321b8-13db-4721-9927-a6fad85588ca ==============================
[0m09:40:55.652313 [info ] [MainThread]: Running with dbt=1.12.5
[0m09:40:55.653053 [debug] [MainThread]: running dbt with arguments {'version_check': 'True', 'no_print': 'None', 'maximum_seed_size_mib': '1', 'target_path': 'None', 'static_parser': 'True', 'warn_error_options': 'WarnErrorOptionsV2(error=[], warn=[], silence=[])', 'printer_width': '80', 'write_json': 'True', 'empty': 'False', 'log_cache_events': 'False', 'introspect': 'True', 'cache_selected_only': 'False', 'log_format': 'default', 'debug': 'False', 'fail_fast': 'False', 'profiles_dir': 'C:\\Users\\Utilisateur\\Documents\\MasteredataIA\\COURS\\datalakes\\projetTrivialPoursuite', 'send_anonymous_usage_stats': 'True', 'quiet': 'False', 'warn_error': 'None', 'partial_parse': 'True', 'indirect_selection': 'eager', 'hints_enabled': 'True', 'invocation_command': 'dbt run', 'use_experimental_parser': 'False', 'use_colors': 'True', 'log_path': 'C:\\Users\\Utilisateur\\Documents\\MasteredataIA\\COURS\\datalakes\\projetTrivialPoursuite\\logs'}
[0m09:40:55.929750 [debug] [MainThread]: Sending event: {'category': 'dbt', 'action': 'project_id', 'label': '017321b8-13db-4721-9927-a6fad85588ca', 'context': [<snowplow_tracker.self_describing_json.SelfDescribingJson object at 0x000001FA65902FD0>]}
[0m09:40:56.307061 [debug] [MainThread]: Sending event: {'category': 'dbt', 'action': 'adapter_info', 'label': '017321b8-13db-4721-9927-a6fad85588ca', 'context': [<snowplow_tracker.self_describing_json.SelfDescribingJson object at 0x000001FA65A84E20>]}
[0m09:40:56.339341 [info ] [MainThread]: Registered adapter: duckdb=1.11.0
[0m09:41:00.367620 [debug] [MainThread]: checksum: 0942d943003f3fccaeb7c0773b635c3723a3df5117ad06592b70e020d80bc06e, vars: {}, profile: trivial_tp, target: dev, version: 1.12.5
[0m09:41:01.878620 [debug] [MainThread]: Partial parsing enabled: 0 files deleted, 0 files added, 1 files changed.
[0m09:41:01.886396 [debug] [MainThread]: Partial parsing: updated file: projet_trivial://src/models\sources.yml
[0m09:41:04.107641 [debug] [MainThread]: Sending event: {'category': 'dbt', 'action': 'load_project', 'label': '017321b8-13db-4721-9927-a6fad85588ca', 'context': [<snowplow_tracker.self_describing_json.SelfDescribingJson object at 0x000001FA67370450>]}
[0m09:41:04.260532 [debug] [MainThread]: Wrote artifact WritableManifest to C:\Users\Utilisateur\Documents\MasteredataIA\COURS\datalakes\projetTrivialPoursuite\target\manifest.json
[0m09:41:04.266595 [debug] [MainThread]: Wrote artifact SemanticManifest to C:\Users\Utilisateur\Documents\MasteredataIA\COURS\datalakes\projetTrivialPoursuite\target\semantic_manifest.json
[0m09:41:04.314057 [debug] [MainThread]: Wrote artifact OsiDocument to C:\Users\Utilisateur\Documents\MasteredataIA\COURS\datalakes\projetTrivialPoursuite\target\osi_document.json
[0m09:41:04.336211 [debug] [MainThread]: Sending event: {'category': 'dbt', 'action': 'resource_counts', 'label': '017321b8-13db-4721-9927-a6fad85588ca', 'context': [<snowplow_tracker.self_describing_json.SelfDescribingJson object at 0x000001FA67515C70>]}
[0m09:41:04.336932 [info ] [MainThread]: Found 6 models, 2 sources, 500 macros
[0m09:41:04.337568 [debug] [MainThread]: Sending event: {'category': 'dbt', 'action': 'runnable_timing', 'label': '017321b8-13db-4721-9927-a6fad85588ca', 'context': [<snowplow_tracker.self_describing_json.SelfDescribingJson object at 0x000001FA67511550>]}
[0m09:41:04.340852 [info ] [MainThread]: 
[0m09:41:04.341587 [info ] [MainThread]: Concurrency: 1 threads (target='dev')
[0m09:41:04.342244 [info ] [MainThread]: 
[0m09:41:04.343175 [debug] [MainThread]: Acquiring new duckdb connection 'master'
[0m09:41:04.351398 [debug] [ThreadPool]: Acquiring new duckdb connection 'list_trivial'
[0m09:41:04.508039 [debug] [ThreadPool]: Using duckdb connection "list_trivial"
[0m09:41:04.508669 [debug] [ThreadPool]: On list_trivial: /* {"app": "dbt", "dbt_version": "1.12.5", "profile_name": "trivial_tp", "target_name": "dev", "connection_name": "list_trivial"} */

    
    select schema_name
    from system.information_schema.schemata
    
    where lower(catalog_name) = '"trivial"'
    
  
  
[0m09:41:04.509176 [debug] [ThreadPool]: Opening a new connection, currently in state init
[0m09:41:04.532934 [debug] [ThreadPool]: SQL status: OK in 0.024 seconds
[0m09:41:04.534883 [debug] [ThreadPool]: On list_trivial: Close
[0m09:41:04.537279 [debug] [ThreadPool]: Using duckdb connection "list_trivial"
[0m09:41:04.537906 [debug] [ThreadPool]: On list_trivial: /* {"app": "dbt", "dbt_version": "1.12.5", "profile_name": "trivial_tp", "target_name": "dev", "connection_name": "list_trivial"} */

    
    select schema_name
    from system.information_schema.schemata
    
    where lower(catalog_name) = '"trivial"'
    
  
  
[0m09:41:04.538386 [debug] [ThreadPool]: Opening a new connection, currently in state closed
[0m09:41:04.539839 [debug] [ThreadPool]: SQL status: OK in 0.001 seconds
[0m09:41:04.541663 [debug] [ThreadPool]: On list_trivial: Close
[0m09:41:04.542780 [debug] [ThreadPool]: Re-using an available connection from the pool (formerly list_trivial, now create_trivial_main)
[0m09:41:04.543580 [debug] [ThreadPool]: Creating schema "database: "trivial"
schema: "main"
"
[0m09:41:04.554307 [debug] [ThreadPool]: Using duckdb connection "create_trivial_main"
[0m09:41:04.554851 [debug] [ThreadPool]: On create_trivial_main: /* {"app": "dbt", "dbt_version": "1.12.5", "profile_name": "trivial_tp", "target_name": "dev", "connection_name": "create_trivial_main"} */

    
        select type from duckdb_databases()
        where lower(database_name)='trivial'
        and type != 'duckdb'
    
  
[0m09:41:04.555303 [debug] [ThreadPool]: Opening a new connection, currently in state closed
[0m09:41:04.556656 [debug] [ThreadPool]: SQL status: OK in 0.001 seconds
[0m09:41:04.558345 [debug] [ThreadPool]: Using duckdb connection "create_trivial_main"
[0m09:41:04.558816 [debug] [ThreadPool]: On create_trivial_main: BEGIN
[0m09:41:04.559697 [debug] [ThreadPool]: SQL status: OK in 0.000 seconds
[0m09:41:04.560259 [debug] [ThreadPool]: Using duckdb connection "create_trivial_main"
[0m09:41:04.560700 [debug] [ThreadPool]: On create_trivial_main: /* {"app": "dbt", "dbt_version": "1.12.5", "profile_name": "trivial_tp", "target_name": "dev", "connection_name": "create_trivial_main"} */

    
    
        create schema if not exists "trivial"."main"
    
[0m09:41:04.561580 [debug] [ThreadPool]: SQL status: OK in 0.000 seconds
[0m09:41:04.562838 [debug] [ThreadPool]: On create_trivial_main: COMMIT
[0m09:41:04.563311 [debug] [ThreadPool]: Using duckdb connection "create_trivial_main"
[0m09:41:04.563777 [debug] [ThreadPool]: On create_trivial_main: COMMIT
[0m09:41:04.564579 [debug] [ThreadPool]: SQL status: OK in 0.000 seconds
[0m09:41:04.565182 [debug] [ThreadPool]: On create_trivial_main: Close
[0m09:41:04.566064 [debug] [ThreadPool]: Re-using an available connection from the pool (formerly create_trivial_main, now create_trivial_main_gold)
[0m09:41:04.566920 [debug] [ThreadPool]: Creating schema "database: "trivial"
schema: "main_gold"
"
[0m09:41:04.568876 [debug] [ThreadPool]: Using duckdb connection "create_trivial_main_gold"
[0m09:41:04.569404 [debug] [ThreadPool]: On create_trivial_main_gold: /* {"app": "dbt", "dbt_version": "1.12.5", "profile_name": "trivial_tp", "target_name": "dev", "connection_name": "create_trivial_main_gold"} */

    
        select type from duckdb_databases()
        where lower(database_name)='trivial'
        and type != 'duckdb'
    
  
[0m09:41:04.569846 [debug] [ThreadPool]: Opening a new connection, currently in state closed
[0m09:41:04.571075 [debug] [ThreadPool]: SQL status: OK in 0.001 seconds
[0m09:41:04.572652 [debug] [ThreadPool]: Using duckdb connection "create_trivial_main_gold"
[0m09:41:04.573128 [debug] [ThreadPool]: On create_trivial_main_gold: BEGIN
[0m09:41:04.573967 [debug] [ThreadPool]: SQL status: OK in 0.000 seconds
[0m09:41:04.574475 [debug] [ThreadPool]: Using duckdb connection "create_trivial_main_gold"
[0m09:41:04.574913 [debug] [ThreadPool]: On create_trivial_main_gold: /* {"app": "dbt", "dbt_version": "1.12.5", "profile_name": "trivial_tp", "target_name": "dev", "connection_name": "create_trivial_main_gold"} */

    
    
        create schema if not exists "trivial"."main_gold"
    
[0m09:41:04.575706 [debug] [ThreadPool]: SQL status: OK in 0.000 seconds
[0m09:41:04.576891 [debug] [ThreadPool]: On create_trivial_main_gold: COMMIT
[0m09:41:04.577348 [debug] [ThreadPool]: Using duckdb connection "create_trivial_main_gold"
[0m09:41:04.577768 [debug] [ThreadPool]: On create_trivial_main_gold: COMMIT
[0m09:41:04.578483 [debug] [ThreadPool]: SQL status: OK in 0.000 seconds
[0m09:41:04.578967 [debug] [ThreadPool]: On create_trivial_main_gold: Close
[0m09:41:04.581664 [debug] [ThreadPool]: Acquiring new duckdb connection 'list_trivial_main'
[0m09:41:04.590131 [debug] [ThreadPool]: Using duckdb connection "list_trivial_main"
[0m09:41:04.590692 [debug] [ThreadPool]: On list_trivial_main: BEGIN
[0m09:41:04.591133 [debug] [ThreadPool]: Opening a new connection, currently in state init
[0m09:41:04.592046 [debug] [ThreadPool]: SQL status: OK in 0.001 seconds
[0m09:41:04.592528 [debug] [ThreadPool]: Using duckdb connection "list_trivial_main"
[0m09:41:04.592986 [debug] [ThreadPool]: On list_trivial_main: /* {"app": "dbt", "dbt_version": "1.12.5", "profile_name": "trivial_tp", "target_name": "dev", "connection_name": "list_trivial_main"} */
select
      'trivial' as database,
      table_name as name,
      table_schema as schema,
      CASE table_type
        WHEN 'BASE TABLE' THEN 'table'
        WHEN 'VIEW' THEN 'view'
        WHEN 'LOCAL TEMPORARY' THEN 'table'
        END as type
    from system.information_schema.tables
    where lower(table_schema) = 'main'
    and lower(table_catalog) = 'trivial'
  
[0m09:41:04.598600 [debug] [ThreadPool]: SQL status: OK in 0.005 seconds
[0m09:41:04.600215 [debug] [ThreadPool]: On list_trivial_main: ROLLBACK
[0m09:41:04.601074 [debug] [ThreadPool]: On list_trivial_main: Close
[0m09:41:04.602073 [debug] [ThreadPool]: Re-using an available connection from the pool (formerly list_trivial_main, now list_trivial_main_gold)
[0m09:41:04.603836 [debug] [ThreadPool]: Using duckdb connection "list_trivial_main_gold"
[0m09:41:04.604321 [debug] [ThreadPool]: On list_trivial_main_gold: BEGIN
[0m09:41:04.604738 [debug] [ThreadPool]: Opening a new connection, currently in state closed
[0m09:41:04.605581 [debug] [ThreadPool]: SQL status: OK in 0.001 seconds
[0m09:41:04.606161 [debug] [ThreadPool]: Using duckdb connection "list_trivial_main_gold"
[0m09:41:04.606613 [debug] [ThreadPool]: On list_trivial_main_gold: /* {"app": "dbt", "dbt_version": "1.12.5", "profile_name": "trivial_tp", "target_name": "dev", "connection_name": "list_trivial_main_gold"} */
select
      'trivial' as database,
      table_name as name,
      table_schema as schema,
      CASE table_type
        WHEN 'BASE TABLE' THEN 'table'
        WHEN 'VIEW' THEN 'view'
        WHEN 'LOCAL TEMPORARY' THEN 'table'
        END as type
    from system.information_schema.tables
    where lower(table_schema) = 'main_gold'
    and lower(table_catalog) = 'trivial'
  
[0m09:41:04.609418 [debug] [ThreadPool]: SQL status: OK in 0.002 seconds
[0m09:41:04.611105 [debug] [ThreadPool]: On list_trivial_main_gold: ROLLBACK
[0m09:41:04.611975 [debug] [ThreadPool]: On list_trivial_main_gold: Close
[0m09:41:04.613042 [debug] [MainThread]: Sending event: {'category': 'dbt', 'action': 'runnable_timing', 'label': '017321b8-13db-4721-9927-a6fad85588ca', 'context': [<snowplow_tracker.self_describing_json.SelfDescribingJson object at 0x000001FA67696D00>]}
[0m09:41:04.613734 [debug] [MainThread]: Using duckdb connection "master"
[0m09:41:04.614199 [debug] [MainThread]: On master: BEGIN
[0m09:41:04.614633 [debug] [MainThread]: Opening a new connection, currently in state init
[0m09:41:04.615345 [debug] [MainThread]: SQL status: OK in 0.001 seconds
[0m09:41:04.615821 [debug] [MainThread]: On master: COMMIT
[0m09:41:04.616247 [debug] [MainThread]: Using duckdb connection "master"
[0m09:41:04.616656 [debug] [MainThread]: On master: COMMIT
[0m09:41:04.617411 [debug] [MainThread]: SQL status: OK in 0.000 seconds
[0m09:41:04.618015 [debug] [MainThread]: On master: Close
[0m09:41:04.623526 [debug] [Thread-1 (]: Began running node model.projet_trivial.stg_responses
[0m09:41:04.624337 [info ] [Thread-1 (]: 1 of 6 START sql view model main.stg_responses ................................. [RUN]
[0m09:41:04.625271 [debug] [Thread-1 (]: Acquiring new duckdb connection 'model.projet_trivial.stg_responses'
[0m09:41:04.625844 [debug] [Thread-1 (]: Began compiling node model.projet_trivial.stg_responses
[0m09:41:04.635836 [debug] [Thread-1 (]: Writing injected SQL for node "model.projet_trivial.stg_responses"
[0m09:41:04.637683 [debug] [Thread-1 (]: Began executing node model.projet_trivial.stg_responses
[0m09:41:04.683247 [debug] [Thread-1 (]: Writing runtime sql for node "model.projet_trivial.stg_responses"
[0m09:41:04.685185 [debug] [Thread-1 (]: Using duckdb connection "model.projet_trivial.stg_responses"
[0m09:41:04.685864 [debug] [Thread-1 (]: On model.projet_trivial.stg_responses: BEGIN
[0m09:41:04.686395 [debug] [Thread-1 (]: Opening a new connection, currently in state init
[0m09:41:04.687810 [debug] [Thread-1 (]: SQL status: OK in 0.001 seconds
[0m09:41:04.688399 [debug] [Thread-1 (]: Using duckdb connection "model.projet_trivial.stg_responses"
[0m09:41:04.688957 [debug] [Thread-1 (]: On model.projet_trivial.stg_responses: /* {"app": "dbt", "dbt_version": "1.12.5", "profile_name": "trivial_tp", "target_name": "dev", "node_id": "model.projet_trivial.stg_responses"} */

  
  create view "trivial"."main"."stg_responses__dbt_tmp" as (
    with responses as (

    select *
    from read_parquet('data/silver/responses.parquet')

),

questions as (

    select *
    from read_parquet('data/silver/questions_clean.parquet')

)

select
    r.question_id,

    q.category,
    q.difficulty,
    q.type,
    q.question,
    q.correct_answer,

    r.ai_answer_raw,
    r.ai_answer_letter,
    r.correct_letter,
    r.ai_correct,
    r.response_time,
    r.model,
    r.prompt_version,
    r.status

from responses r

left join questions q
    on r.question_id = q.question_id

where r.status = 'success'
  );

[0m09:41:04.762798 [debug] [Thread-1 (]: SQL status: OK in 0.073 seconds
[0m09:41:04.774920 [debug] [Thread-1 (]: Using duckdb connection "model.projet_trivial.stg_responses"
[0m09:41:04.775865 [debug] [Thread-1 (]: On model.projet_trivial.stg_responses: /* {"app": "dbt", "dbt_version": "1.12.5", "profile_name": "trivial_tp", "target_name": "dev", "node_id": "model.projet_trivial.stg_responses"} */
alter view "trivial"."main"."stg_responses__dbt_tmp" rename to "stg_responses"
[0m09:41:04.777471 [debug] [Thread-1 (]: SQL status: OK in 0.001 seconds
[0m09:41:04.798541 [debug] [Thread-1 (]: On model.projet_trivial.stg_responses: COMMIT
[0m09:41:04.799270 [debug] [Thread-1 (]: Using duckdb connection "model.projet_trivial.stg_responses"
[0m09:41:04.799794 [debug] [Thread-1 (]: On model.projet_trivial.stg_responses: COMMIT
[0m09:41:04.804392 [debug] [Thread-1 (]: SQL status: OK in 0.004 seconds
[0m09:41:04.812447 [debug] [Thread-1 (]: Using duckdb connection "model.projet_trivial.stg_responses"
[0m09:41:04.813114 [debug] [Thread-1 (]: On model.projet_trivial.stg_responses: /* {"app": "dbt", "dbt_version": "1.12.5", "profile_name": "trivial_tp", "target_name": "dev", "node_id": "model.projet_trivial.stg_responses"} */

      drop view if exists "trivial"."main"."stg_responses__dbt_backup" cascade
    
[0m09:41:04.814296 [debug] [Thread-1 (]: SQL status: OK in 0.001 seconds
[0m09:41:04.819646 [debug] [Thread-1 (]: On model.projet_trivial.stg_responses: Close
[0m09:41:04.824405 [debug] [Thread-1 (]: Sending event: {'category': 'dbt', 'action': 'run_model', 'label': '017321b8-13db-4721-9927-a6fad85588ca', 'context': [<snowplow_tracker.self_describing_json.SelfDescribingJson object at 0x000001FA6755A210>]}
[0m09:41:04.825475 [info ] [Thread-1 (]: 1 of 6 OK created sql view model main.stg_responses ............................ [[32mOK[0m in 0.20s]
[0m09:41:04.826778 [debug] [Thread-1 (]: Finished running node model.projet_trivial.stg_responses
[0m09:41:04.827941 [debug] [Thread-1 (]: Began running node model.projet_trivial.int_responses
[0m09:41:04.828698 [info ] [Thread-1 (]: 2 of 6 START sql table model main.int_responses ................................ [RUN]
[0m09:41:04.829722 [debug] [Thread-1 (]: Re-using an available connection from the pool (formerly model.projet_trivial.stg_responses, now model.projet_trivial.int_responses)
[0m09:41:04.830317 [debug] [Thread-1 (]: Began compiling node model.projet_trivial.int_responses
[0m09:41:04.834810 [debug] [Thread-1 (]: Writing injected SQL for node "model.projet_trivial.int_responses"
[0m09:41:04.837127 [debug] [Thread-1 (]: Began executing node model.projet_trivial.int_responses
[0m09:41:04.895578 [debug] [Thread-1 (]: Writing runtime sql for node "model.projet_trivial.int_responses"
[0m09:41:04.897894 [debug] [Thread-1 (]: Using duckdb connection "model.projet_trivial.int_responses"
[0m09:41:04.898567 [debug] [Thread-1 (]: On model.projet_trivial.int_responses: BEGIN
[0m09:41:04.899116 [debug] [Thread-1 (]: Opening a new connection, currently in state closed
[0m09:41:04.900308 [debug] [Thread-1 (]: SQL status: OK in 0.001 seconds
[0m09:41:04.901029 [debug] [Thread-1 (]: Using duckdb connection "model.projet_trivial.int_responses"
[0m09:41:04.901649 [debug] [Thread-1 (]: On model.projet_trivial.int_responses: /* {"app": "dbt", "dbt_version": "1.12.5", "profile_name": "trivial_tp", "target_name": "dev", "node_id": "model.projet_trivial.int_responses"} */

    

    create  table
      "trivial"."main"."int_responses__dbt_tmp"
  
    
    as (
      select
    question_id,
    category,
    difficulty,
    type,
    model,
    prompt_version,
    ai_correct,
    response_time,

    case
        when ai_correct = true then 1
        else 0
    end as correct_flag

from "trivial"."main"."stg_responses"
    );
    
  
[0m09:41:04.936265 [debug] [Thread-1 (]: SQL status: OK in 0.034 seconds
[0m09:41:04.939682 [debug] [Thread-1 (]: Using duckdb connection "model.projet_trivial.int_responses"
[0m09:41:04.940274 [debug] [Thread-1 (]: On model.projet_trivial.int_responses: /* {"app": "dbt", "dbt_version": "1.12.5", "profile_name": "trivial_tp", "target_name": "dev", "node_id": "model.projet_trivial.int_responses"} */
alter table "trivial"."main"."int_responses__dbt_tmp" rename to "int_responses"
[0m09:41:04.941593 [debug] [Thread-1 (]: SQL status: OK in 0.001 seconds
[0m09:41:04.949123 [debug] [Thread-1 (]: On model.projet_trivial.int_responses: COMMIT
[0m09:41:04.949708 [debug] [Thread-1 (]: Using duckdb connection "model.projet_trivial.int_responses"
[0m09:41:04.950239 [debug] [Thread-1 (]: On model.projet_trivial.int_responses: COMMIT
[0m09:41:04.961688 [debug] [Thread-1 (]: SQL status: OK in 0.011 seconds
[0m09:41:04.964283 [debug] [Thread-1 (]: Using duckdb connection "model.projet_trivial.int_responses"
[0m09:41:04.964878 [debug] [Thread-1 (]: On model.projet_trivial.int_responses: /* {"app": "dbt", "dbt_version": "1.12.5", "profile_name": "trivial_tp", "target_name": "dev", "node_id": "model.projet_trivial.int_responses"} */

      drop table if exists "trivial"."main"."int_responses__dbt_backup" cascade
    
[0m09:41:04.965900 [debug] [Thread-1 (]: SQL status: OK in 0.000 seconds
[0m09:41:04.967819 [debug] [Thread-1 (]: On model.projet_trivial.int_responses: Close
[0m09:41:04.968702 [debug] [Thread-1 (]: Sending event: {'category': 'dbt', 'action': 'run_model', 'label': '017321b8-13db-4721-9927-a6fad85588ca', 'context': [<snowplow_tracker.self_describing_json.SelfDescribingJson object at 0x000001FA677F9B20>]}
[0m09:41:04.969617 [info ] [Thread-1 (]: 2 of 6 OK created sql table model main.int_responses ........................... [[32mOK[0m in 0.14s]
[0m09:41:04.970682 [debug] [Thread-1 (]: Finished running node model.projet_trivial.int_responses
[0m09:41:04.971829 [debug] [Thread-1 (]: Began running node model.projet_trivial.mart_category_performance
[0m09:41:04.972579 [info ] [Thread-1 (]: 3 of 6 START sql table model main_gold.mart_category_performance ............... [RUN]
[0m09:41:04.973584 [debug] [Thread-1 (]: Re-using an available connection from the pool (formerly model.projet_trivial.int_responses, now model.projet_trivial.mart_category_performance)
[0m09:41:04.974241 [debug] [Thread-1 (]: Began compiling node model.projet_trivial.mart_category_performance
[0m09:41:04.977038 [debug] [Thread-1 (]: Writing injected SQL for node "model.projet_trivial.mart_category_performance"
[0m09:41:04.979387 [debug] [Thread-1 (]: Began executing node model.projet_trivial.mart_category_performance
[0m09:41:04.984132 [debug] [Thread-1 (]: Writing runtime sql for node "model.projet_trivial.mart_category_performance"
[0m09:41:04.986334 [debug] [Thread-1 (]: Using duckdb connection "model.projet_trivial.mart_category_performance"
[0m09:41:04.987023 [debug] [Thread-1 (]: On model.projet_trivial.mart_category_performance: BEGIN
[0m09:41:04.987733 [debug] [Thread-1 (]: Opening a new connection, currently in state closed
[0m09:41:04.988720 [debug] [Thread-1 (]: SQL status: OK in 0.001 seconds
[0m09:41:04.989285 [debug] [Thread-1 (]: Using duckdb connection "model.projet_trivial.mart_category_performance"
[0m09:41:04.989852 [debug] [Thread-1 (]: On model.projet_trivial.mart_category_performance: /* {"app": "dbt", "dbt_version": "1.12.5", "profile_name": "trivial_tp", "target_name": "dev", "node_id": "model.projet_trivial.mart_category_performance"} */

    

    create  table
      "trivial"."main_gold"."mart_category_performance__dbt_tmp"
  
    
    as (
      select
    model,
    category,
    count(*) as total_questions,
    sum(correct_flag) as correct_answers,
    avg(correct_flag) * 100 as accuracy

from "trivial"."main"."int_responses"

group by model, category
    );
    
  
[0m09:41:05.002615 [debug] [Thread-1 (]: SQL status: OK in 0.012 seconds
[0m09:41:05.006081 [debug] [Thread-1 (]: Using duckdb connection "model.projet_trivial.mart_category_performance"
[0m09:41:05.006700 [debug] [Thread-1 (]: On model.projet_trivial.mart_category_performance: /* {"app": "dbt", "dbt_version": "1.12.5", "profile_name": "trivial_tp", "target_name": "dev", "node_id": "model.projet_trivial.mart_category_performance"} */
alter table "trivial"."main_gold"."mart_category_performance__dbt_tmp" rename to "mart_category_performance"
[0m09:41:05.007921 [debug] [Thread-1 (]: SQL status: OK in 0.001 seconds
[0m09:41:05.010397 [debug] [Thread-1 (]: On model.projet_trivial.mart_category_performance: COMMIT
[0m09:41:05.011013 [debug] [Thread-1 (]: Using duckdb connection "model.projet_trivial.mart_category_performance"
[0m09:41:05.011555 [debug] [Thread-1 (]: On model.projet_trivial.mart_category_performance: COMMIT
[0m09:41:05.014764 [debug] [Thread-1 (]: SQL status: OK in 0.003 seconds
[0m09:41:05.017465 [debug] [Thread-1 (]: Using duckdb connection "model.projet_trivial.mart_category_performance"
[0m09:41:05.018072 [debug] [Thread-1 (]: On model.projet_trivial.mart_category_performance: /* {"app": "dbt", "dbt_version": "1.12.5", "profile_name": "trivial_tp", "target_name": "dev", "node_id": "model.projet_trivial.mart_category_performance"} */

      drop table if exists "trivial"."main_gold"."mart_category_performance__dbt_backup" cascade
    
[0m09:41:05.019026 [debug] [Thread-1 (]: SQL status: OK in 0.000 seconds
[0m09:41:05.020899 [debug] [Thread-1 (]: On model.projet_trivial.mart_category_performance: Close
[0m09:41:05.021735 [debug] [Thread-1 (]: Sending event: {'category': 'dbt', 'action': 'run_model', 'label': '017321b8-13db-4721-9927-a6fad85588ca', 'context': [<snowplow_tracker.self_describing_json.SelfDescribingJson object at 0x000001FA678D9130>]}
[0m09:41:05.022636 [info ] [Thread-1 (]: 3 of 6 OK created sql table model main_gold.mart_category_performance .......... [[32mOK[0m in 0.05s]
[0m09:41:05.023840 [debug] [Thread-1 (]: Finished running node model.projet_trivial.mart_category_performance
[0m09:41:05.024531 [debug] [Thread-1 (]: Began running node model.projet_trivial.mart_difficulty_performance
[0m09:41:05.025399 [info ] [Thread-1 (]: 4 of 6 START sql table model main_gold.mart_difficulty_performance ............. [RUN]
[0m09:41:05.026446 [debug] [Thread-1 (]: Re-using an available connection from the pool (formerly model.projet_trivial.mart_category_performance, now model.projet_trivial.mart_difficulty_performance)
[0m09:41:05.027045 [debug] [Thread-1 (]: Began compiling node model.projet_trivial.mart_difficulty_performance
[0m09:41:05.029774 [debug] [Thread-1 (]: Writing injected SQL for node "model.projet_trivial.mart_difficulty_performance"
[0m09:41:05.031705 [debug] [Thread-1 (]: Began executing node model.projet_trivial.mart_difficulty_performance
[0m09:41:05.035775 [debug] [Thread-1 (]: Writing runtime sql for node "model.projet_trivial.mart_difficulty_performance"
[0m09:41:05.037625 [debug] [Thread-1 (]: Using duckdb connection "model.projet_trivial.mart_difficulty_performance"
[0m09:41:05.038220 [debug] [Thread-1 (]: On model.projet_trivial.mart_difficulty_performance: BEGIN
[0m09:41:05.038823 [debug] [Thread-1 (]: Opening a new connection, currently in state closed
[0m09:41:05.039879 [debug] [Thread-1 (]: SQL status: OK in 0.001 seconds
[0m09:41:05.040446 [debug] [Thread-1 (]: Using duckdb connection "model.projet_trivial.mart_difficulty_performance"
[0m09:41:05.040981 [debug] [Thread-1 (]: On model.projet_trivial.mart_difficulty_performance: /* {"app": "dbt", "dbt_version": "1.12.5", "profile_name": "trivial_tp", "target_name": "dev", "node_id": "model.projet_trivial.mart_difficulty_performance"} */

    

    create  table
      "trivial"."main_gold"."mart_difficulty_performance__dbt_tmp"
  
    
    as (
      select
    model,
    difficulty,
    count(*) as total_questions,
    sum(correct_flag) as correct_answers,
    avg(correct_flag) * 100 as accuracy,
    avg(response_time) as avg_response_time

from "trivial"."main"."int_responses"

group by model, difficulty
    );
    
  
[0m09:41:05.048312 [debug] [Thread-1 (]: SQL status: OK in 0.007 seconds
[0m09:41:05.052584 [debug] [Thread-1 (]: Using duckdb connection "model.projet_trivial.mart_difficulty_performance"
[0m09:41:05.053221 [debug] [Thread-1 (]: On model.projet_trivial.mart_difficulty_performance: /* {"app": "dbt", "dbt_version": "1.12.5", "profile_name": "trivial_tp", "target_name": "dev", "node_id": "model.projet_trivial.mart_difficulty_performance"} */
alter table "trivial"."main_gold"."mart_difficulty_performance__dbt_tmp" rename to "mart_difficulty_performance"
[0m09:41:05.054405 [debug] [Thread-1 (]: SQL status: OK in 0.001 seconds
[0m09:41:05.056827 [debug] [Thread-1 (]: On model.projet_trivial.mart_difficulty_performance: COMMIT
[0m09:41:05.057427 [debug] [Thread-1 (]: Using duckdb connection "model.projet_trivial.mart_difficulty_performance"
[0m09:41:05.057986 [debug] [Thread-1 (]: On model.projet_trivial.mart_difficulty_performance: COMMIT
[0m09:41:05.060736 [debug] [Thread-1 (]: SQL status: OK in 0.002 seconds
[0m09:41:05.063454 [debug] [Thread-1 (]: Using duckdb connection "model.projet_trivial.mart_difficulty_performance"
[0m09:41:05.064047 [debug] [Thread-1 (]: On model.projet_trivial.mart_difficulty_performance: /* {"app": "dbt", "dbt_version": "1.12.5", "profile_name": "trivial_tp", "target_name": "dev", "node_id": "model.projet_trivial.mart_difficulty_performance"} */

      drop table if exists "trivial"."main_gold"."mart_difficulty_performance__dbt_backup" cascade
    
[0m09:41:05.065189 [debug] [Thread-1 (]: SQL status: OK in 0.000 seconds
[0m09:41:05.067157 [debug] [Thread-1 (]: On model.projet_trivial.mart_difficulty_performance: Close
[0m09:41:05.068012 [debug] [Thread-1 (]: Sending event: {'category': 'dbt', 'action': 'run_model', 'label': '017321b8-13db-4721-9927-a6fad85588ca', 'context': [<snowplow_tracker.self_describing_json.SelfDescribingJson object at 0x000001FA677DFE50>]}
[0m09:41:05.069026 [info ] [Thread-1 (]: 4 of 6 OK created sql table model main_gold.mart_difficulty_performance ........ [[32mOK[0m in 0.04s]
[0m09:41:05.070148 [debug] [Thread-1 (]: Finished running node model.projet_trivial.mart_difficulty_performance
[0m09:41:05.070778 [debug] [Thread-1 (]: Began running node model.projet_trivial.mart_prompt_performance
[0m09:41:05.071564 [info ] [Thread-1 (]: 5 of 6 START sql table model main_gold.mart_prompt_performance ................. [RUN]
[0m09:41:05.072416 [debug] [Thread-1 (]: Re-using an available connection from the pool (formerly model.projet_trivial.mart_difficulty_performance, now model.projet_trivial.mart_prompt_performance)
[0m09:41:05.073101 [debug] [Thread-1 (]: Began compiling node model.projet_trivial.mart_prompt_performance
[0m09:41:05.075877 [debug] [Thread-1 (]: Writing injected SQL for node "model.projet_trivial.mart_prompt_performance"
[0m09:41:05.078470 [debug] [Thread-1 (]: Began executing node model.projet_trivial.mart_prompt_performance
[0m09:41:05.082662 [debug] [Thread-1 (]: Writing runtime sql for node "model.projet_trivial.mart_prompt_performance"
[0m09:41:05.084564 [debug] [Thread-1 (]: Using duckdb connection "model.projet_trivial.mart_prompt_performance"
[0m09:41:05.085210 [debug] [Thread-1 (]: On model.projet_trivial.mart_prompt_performance: BEGIN
[0m09:41:05.085735 [debug] [Thread-1 (]: Opening a new connection, currently in state closed
[0m09:41:05.086778 [debug] [Thread-1 (]: SQL status: OK in 0.001 seconds
[0m09:41:05.087413 [debug] [Thread-1 (]: Using duckdb connection "model.projet_trivial.mart_prompt_performance"
[0m09:41:05.088023 [debug] [Thread-1 (]: On model.projet_trivial.mart_prompt_performance: /* {"app": "dbt", "dbt_version": "1.12.5", "profile_name": "trivial_tp", "target_name": "dev", "node_id": "model.projet_trivial.mart_prompt_performance"} */

    

    create  table
      "trivial"."main_gold"."mart_prompt_performance__dbt_tmp"
  
    
    as (
      select
    model,
    prompt_version,
    count(*) as total_questions,
    sum(correct_flag) as correct_answers,
    avg(correct_flag) * 100 as accuracy,
    avg(response_time) as avg_response_time

from "trivial"."main"."int_responses"

group by
    model,
    prompt_version
    );
    
  
[0m09:41:05.094251 [debug] [Thread-1 (]: SQL status: OK in 0.006 seconds
[0m09:41:05.097481 [debug] [Thread-1 (]: Using duckdb connection "model.projet_trivial.mart_prompt_performance"
[0m09:41:05.098042 [debug] [Thread-1 (]: On model.projet_trivial.mart_prompt_performance: /* {"app": "dbt", "dbt_version": "1.12.5", "profile_name": "trivial_tp", "target_name": "dev", "node_id": "model.projet_trivial.mart_prompt_performance"} */
alter table "trivial"."main_gold"."mart_prompt_performance__dbt_tmp" rename to "mart_prompt_performance"
[0m09:41:05.099144 [debug] [Thread-1 (]: SQL status: OK in 0.000 seconds
[0m09:41:05.101625 [debug] [Thread-1 (]: On model.projet_trivial.mart_prompt_performance: COMMIT
[0m09:41:05.102193 [debug] [Thread-1 (]: Using duckdb connection "model.projet_trivial.mart_prompt_performance"
[0m09:41:05.102700 [debug] [Thread-1 (]: On model.projet_trivial.mart_prompt_performance: COMMIT
[0m09:41:05.105293 [debug] [Thread-1 (]: SQL status: OK in 0.002 seconds
[0m09:41:05.107605 [debug] [Thread-1 (]: Using duckdb connection "model.projet_trivial.mart_prompt_performance"
[0m09:41:05.108195 [debug] [Thread-1 (]: On model.projet_trivial.mart_prompt_performance: /* {"app": "dbt", "dbt_version": "1.12.5", "profile_name": "trivial_tp", "target_name": "dev", "node_id": "model.projet_trivial.mart_prompt_performance"} */

      drop table if exists "trivial"."main_gold"."mart_prompt_performance__dbt_backup" cascade
    
[0m09:41:05.109151 [debug] [Thread-1 (]: SQL status: OK in 0.000 seconds
[0m09:41:05.112019 [debug] [Thread-1 (]: On model.projet_trivial.mart_prompt_performance: Close
[0m09:41:05.112887 [debug] [Thread-1 (]: Sending event: {'category': 'dbt', 'action': 'run_model', 'label': '017321b8-13db-4721-9927-a6fad85588ca', 'context': [<snowplow_tracker.self_describing_json.SelfDescribingJson object at 0x000001FA67553B60>]}
[0m09:41:05.113859 [info ] [Thread-1 (]: 5 of 6 OK created sql table model main_gold.mart_prompt_performance ............ [[32mOK[0m in 0.04s]
[0m09:41:05.115060 [debug] [Thread-1 (]: Finished running node model.projet_trivial.mart_prompt_performance
[0m09:41:05.115685 [debug] [Thread-1 (]: Began running node model.projet_trivial.mart_type_performance
[0m09:41:05.116499 [info ] [Thread-1 (]: 6 of 6 START sql table model main_gold.mart_type_performance ................... [RUN]
[0m09:41:05.117371 [debug] [Thread-1 (]: Re-using an available connection from the pool (formerly model.projet_trivial.mart_prompt_performance, now model.projet_trivial.mart_type_performance)
[0m09:41:05.117908 [debug] [Thread-1 (]: Began compiling node model.projet_trivial.mart_type_performance
[0m09:41:05.120652 [debug] [Thread-1 (]: Writing injected SQL for node "model.projet_trivial.mart_type_performance"
[0m09:41:05.122453 [debug] [Thread-1 (]: Began executing node model.projet_trivial.mart_type_performance
[0m09:41:05.126887 [debug] [Thread-1 (]: Writing runtime sql for node "model.projet_trivial.mart_type_performance"
[0m09:41:05.128958 [debug] [Thread-1 (]: Using duckdb connection "model.projet_trivial.mart_type_performance"
[0m09:41:05.129604 [debug] [Thread-1 (]: On model.projet_trivial.mart_type_performance: BEGIN
[0m09:41:05.130132 [debug] [Thread-1 (]: Opening a new connection, currently in state closed
[0m09:41:05.131109 [debug] [Thread-1 (]: SQL status: OK in 0.001 seconds
[0m09:41:05.131683 [debug] [Thread-1 (]: Using duckdb connection "model.projet_trivial.mart_type_performance"
[0m09:41:05.132295 [debug] [Thread-1 (]: On model.projet_trivial.mart_type_performance: /* {"app": "dbt", "dbt_version": "1.12.5", "profile_name": "trivial_tp", "target_name": "dev", "node_id": "model.projet_trivial.mart_type_performance"} */

    

    create  table
      "trivial"."main_gold"."mart_type_performance__dbt_tmp"
  
    
    as (
      select
    model,
    type,
    count(*) as total_questions,
    sum(correct_flag) as correct_answers,
    avg(correct_flag) * 100 as accuracy,
    avg(response_time) as avg_response_time

from "trivial"."main"."int_responses"

group by model, type
    );
    
  
[0m09:41:05.138698 [debug] [Thread-1 (]: SQL status: OK in 0.006 seconds
[0m09:41:05.142165 [debug] [Thread-1 (]: Using duckdb connection "model.projet_trivial.mart_type_performance"
[0m09:41:05.142775 [debug] [Thread-1 (]: On model.projet_trivial.mart_type_performance: /* {"app": "dbt", "dbt_version": "1.12.5", "profile_name": "trivial_tp", "target_name": "dev", "node_id": "model.projet_trivial.mart_type_performance"} */
alter table "trivial"."main_gold"."mart_type_performance__dbt_tmp" rename to "mart_type_performance"
[0m09:41:05.143946 [debug] [Thread-1 (]: SQL status: OK in 0.001 seconds
[0m09:41:05.146442 [debug] [Thread-1 (]: On model.projet_trivial.mart_type_performance: COMMIT
[0m09:41:05.147025 [debug] [Thread-1 (]: Using duckdb connection "model.projet_trivial.mart_type_performance"
[0m09:41:05.147532 [debug] [Thread-1 (]: On model.projet_trivial.mart_type_performance: COMMIT
[0m09:41:05.150474 [debug] [Thread-1 (]: SQL status: OK in 0.002 seconds
[0m09:41:05.152752 [debug] [Thread-1 (]: Using duckdb connection "model.projet_trivial.mart_type_performance"
[0m09:41:05.153310 [debug] [Thread-1 (]: On model.projet_trivial.mart_type_performance: /* {"app": "dbt", "dbt_version": "1.12.5", "profile_name": "trivial_tp", "target_name": "dev", "node_id": "model.projet_trivial.mart_type_performance"} */

      drop table if exists "trivial"."main_gold"."mart_type_performance__dbt_backup" cascade
    
[0m09:41:05.154240 [debug] [Thread-1 (]: SQL status: OK in 0.000 seconds
[0m09:41:05.156049 [debug] [Thread-1 (]: On model.projet_trivial.mart_type_performance: Close
[0m09:41:05.156952 [debug] [Thread-1 (]: Sending event: {'category': 'dbt', 'action': 'run_model', 'label': '017321b8-13db-4721-9927-a6fad85588ca', 'context': [<snowplow_tracker.self_describing_json.SelfDescribingJson object at 0x000001FA678C67B0>]}
[0m09:41:05.157906 [info ] [Thread-1 (]: 6 of 6 OK created sql table model main_gold.mart_type_performance .............. [[32mOK[0m in 0.04s]
[0m09:41:05.159053 [debug] [Thread-1 (]: Finished running node model.projet_trivial.mart_type_performance
[0m09:41:05.160974 [debug] [MainThread]: Using duckdb connection "master"
[0m09:41:05.161529 [debug] [MainThread]: On master: BEGIN
[0m09:41:05.161976 [debug] [MainThread]: Opening a new connection, currently in state closed
[0m09:41:05.162954 [debug] [MainThread]: SQL status: OK in 0.001 seconds
[0m09:41:05.163513 [debug] [MainThread]: On master: COMMIT
[0m09:41:05.163953 [debug] [MainThread]: Using duckdb connection "master"
[0m09:41:05.164368 [debug] [MainThread]: On master: COMMIT
[0m09:41:05.165288 [debug] [MainThread]: SQL status: OK in 0.000 seconds
[0m09:41:05.165789 [debug] [MainThread]: On master: Close
[0m09:41:05.166434 [debug] [MainThread]: Connection 'master' was properly closed.
[0m09:41:05.166856 [debug] [MainThread]: Connection 'create_trivial_main_gold' was properly closed.
[0m09:41:05.167246 [debug] [MainThread]: Connection 'list_trivial_main_gold' was properly closed.
[0m09:41:05.167702 [debug] [MainThread]: Connection 'model.projet_trivial.mart_type_performance' was properly closed.
[0m09:41:05.168271 [info ] [MainThread]: 
[0m09:41:05.168968 [info ] [MainThread]: Finished running 5 table models, 1 view model in 0 hours 0 minutes and 0.83 seconds (0.83s).
[0m09:41:05.171147 [debug] [MainThread]: Command end result
[0m09:41:05.224923 [debug] [MainThread]: Wrote artifact WritableManifest to C:\Users\Utilisateur\Documents\MasteredataIA\COURS\datalakes\projetTrivialPoursuite\target\manifest.json
[0m09:41:05.231171 [debug] [MainThread]: Wrote artifact SemanticManifest to C:\Users\Utilisateur\Documents\MasteredataIA\COURS\datalakes\projetTrivialPoursuite\target\semantic_manifest.json
[0m09:41:05.237573 [debug] [MainThread]: Wrote artifact OsiDocument to C:\Users\Utilisateur\Documents\MasteredataIA\COURS\datalakes\projetTrivialPoursuite\target\osi_document.json
[0m09:41:05.248912 [debug] [MainThread]: Wrote artifact RunExecutionResult to C:\Users\Utilisateur\Documents\MasteredataIA\COURS\datalakes\projetTrivialPoursuite\target\run_results.json
[0m09:41:05.249471 [info ] [MainThread]: 
[0m09:41:05.250219 [info ] [MainThread]: [32mCompleted successfully[0m
[0m09:41:05.250911 [info ] [MainThread]: 
[0m09:41:05.251773 [info ] [MainThread]: Done. PASS=6 WARN=0 ERROR=0 SKIP=0 NO-OP=0 REUSED=0 TOTAL=6
[0m09:41:05.253537 [debug] [MainThread]: Command `dbt run` succeeded at 09:41:05.253338 after 9.83 seconds
[0m09:41:05.254209 [debug] [MainThread]: Sending event: {'category': 'dbt', 'action': 'invocation', 'label': 'end', 'context': [<snowplow_tracker.self_describing_json.SelfDescribingJson object at 0x000001FA67399DF0>, <snowplow_tracker.self_describing_json.SelfDescribingJson object at 0x000001FA6585BF50>, <snowplow_tracker.self_describing_json.SelfDescribingJson object at 0x000001FA6779E7B0>]}
[0m09:41:05.254837 [debug] [MainThread]: Flushing usage events
[0m09:41:05.817700 [debug] [MainThread]: An error was encountered while trying to flush usage events
[0m09:48:43.367235 [debug] [MainThread]: Sending event: {'category': 'dbt', 'action': 'invocation', 'label': 'start', 'context': [<snowplow_tracker.self_describing_json.SelfDescribingJson object at 0x0000028B01F3A3C0>, <snowplow_tracker.self_describing_json.SelfDescribingJson object at 0x0000028B7FAB4410>, <snowplow_tracker.self_describing_json.SelfDescribingJson object at 0x0000028B04913890>]}


============================== 09:48:43.372358 | 6a140f3f-9a14-4255-b541-89d62bacb146 ==============================
[0m09:48:43.372358 [info ] [MainThread]: Running with dbt=1.12.5
[0m09:48:43.373168 [debug] [MainThread]: running dbt with arguments {'static_parser': 'True', 'no_print': 'None', 'maximum_seed_size_mib': '1', 'target_path': 'None', 'version_check': 'True', 'warn_error_options': 'WarnErrorOptionsV2(error=[], warn=[], silence=[])', 'printer_width': '80', 'write_json': 'True', 'empty': 'False', 'log_cache_events': 'False', 'introspect': 'True', 'cache_selected_only': 'False', 'fail_fast': 'False', 'debug': 'False', 'log_format': 'default', 'partial_parse': 'True', 'send_anonymous_usage_stats': 'True', 'quiet': 'False', 'warn_error': 'None', 'profiles_dir': 'C:\\Users\\Utilisateur\\Documents\\MasteredataIA\\COURS\\datalakes\\projetTrivialPoursuite', 'indirect_selection': 'eager', 'hints_enabled': 'True', 'use_colors': 'True', 'use_experimental_parser': 'False', 'invocation_command': 'dbt run', 'log_path': 'C:\\Users\\Utilisateur\\Documents\\MasteredataIA\\COURS\\datalakes\\projetTrivialPoursuite\\logs'}
[0m09:48:43.654530 [debug] [MainThread]: Sending event: {'category': 'dbt', 'action': 'project_id', 'label': '6a140f3f-9a14-4255-b541-89d62bacb146', 'context': [<snowplow_tracker.self_describing_json.SelfDescribingJson object at 0x0000028B049C2FD0>]}
[0m09:48:43.737503 [debug] [MainThread]: Sending event: {'category': 'dbt', 'action': 'adapter_info', 'label': '6a140f3f-9a14-4255-b541-89d62bacb146', 'context': [<snowplow_tracker.self_describing_json.SelfDescribingJson object at 0x0000028B04B74E20>]}
[0m09:48:43.740759 [info ] [MainThread]: Registered adapter: duckdb=1.11.0
[0m09:48:44.041639 [debug] [MainThread]: checksum: 0942d943003f3fccaeb7c0773b635c3723a3df5117ad06592b70e020d80bc06e, vars: {}, profile: trivial_tp, target: dev, version: 1.12.5
[0m09:48:44.179611 [debug] [MainThread]: Partial parsing enabled: 0 files deleted, 0 files added, 0 files changed.
[0m09:48:44.180072 [debug] [MainThread]: Nothing changed, skipping partial parsing.
[0m09:48:44.180365 [debug] [MainThread]: Partial parsing enabled, no changes found, skipping parsing
[0m09:48:44.190090 [debug] [MainThread]: Sending event: {'category': 'dbt', 'action': 'load_project', 'label': '6a140f3f-9a14-4255-b541-89d62bacb146', 'context': [<snowplow_tracker.self_describing_json.SelfDescribingJson object at 0x0000028B04F0E750>]}
[0m09:48:44.291710 [debug] [MainThread]: Wrote artifact WritableManifest to C:\Users\Utilisateur\Documents\MasteredataIA\COURS\datalakes\projetTrivialPoursuite\target\manifest.json
[0m09:48:44.295207 [debug] [MainThread]: Wrote artifact SemanticManifest to C:\Users\Utilisateur\Documents\MasteredataIA\COURS\datalakes\projetTrivialPoursuite\target\semantic_manifest.json
[0m09:48:44.322427 [debug] [MainThread]: Wrote artifact OsiDocument to C:\Users\Utilisateur\Documents\MasteredataIA\COURS\datalakes\projetTrivialPoursuite\target\osi_document.json
[0m09:48:44.334824 [debug] [MainThread]: Sending event: {'category': 'dbt', 'action': 'resource_counts', 'label': '6a140f3f-9a14-4255-b541-89d62bacb146', 'context': [<snowplow_tracker.self_describing_json.SelfDescribingJson object at 0x0000028B061636B0>]}
[0m09:48:44.335273 [info ] [MainThread]: Found 6 models, 2 sources, 500 macros
[0m09:48:44.335698 [debug] [MainThread]: Sending event: {'category': 'dbt', 'action': 'runnable_timing', 'label': '6a140f3f-9a14-4255-b541-89d62bacb146', 'context': [<snowplow_tracker.self_describing_json.SelfDescribingJson object at 0x0000028B061F44B0>]}
[0m09:48:44.337693 [info ] [MainThread]: 
[0m09:48:44.338143 [info ] [MainThread]: Concurrency: 1 threads (target='dev')
[0m09:48:44.338550 [info ] [MainThread]: 
[0m09:48:44.339177 [debug] [MainThread]: Acquiring new duckdb connection 'master'
[0m09:48:44.343638 [debug] [ThreadPool]: Acquiring new duckdb connection 'list_trivial'
[0m09:48:44.436217 [debug] [ThreadPool]: Using duckdb connection "list_trivial"
[0m09:48:44.436615 [debug] [ThreadPool]: On list_trivial: /* {"app": "dbt", "dbt_version": "1.12.5", "profile_name": "trivial_tp", "target_name": "dev", "connection_name": "list_trivial"} */

    
    select schema_name
    from system.information_schema.schemata
    
    where lower(catalog_name) = '"trivial"'
    
  
  
[0m09:48:44.436894 [debug] [ThreadPool]: Opening a new connection, currently in state init
[0m09:48:44.451955 [debug] [ThreadPool]: SQL status: OK in 0.015 seconds
[0m09:48:44.453198 [debug] [ThreadPool]: On list_trivial: Close
[0m09:48:44.454710 [debug] [ThreadPool]: Using duckdb connection "list_trivial"
[0m09:48:44.455086 [debug] [ThreadPool]: On list_trivial: /* {"app": "dbt", "dbt_version": "1.12.5", "profile_name": "trivial_tp", "target_name": "dev", "connection_name": "list_trivial"} */

    
    select schema_name
    from system.information_schema.schemata
    
    where lower(catalog_name) = '"trivial"'
    
  
  
[0m09:48:44.455371 [debug] [ThreadPool]: Opening a new connection, currently in state closed
[0m09:48:44.456140 [debug] [ThreadPool]: SQL status: OK in 0.001 seconds
[0m09:48:44.457026 [debug] [ThreadPool]: On list_trivial: Close
[0m09:48:44.457627 [debug] [ThreadPool]: Re-using an available connection from the pool (formerly list_trivial, now create_trivial_main)
[0m09:48:44.458040 [debug] [ThreadPool]: Creating schema "database: "trivial"
schema: "main"
"
[0m09:48:44.464208 [debug] [ThreadPool]: Using duckdb connection "create_trivial_main"
[0m09:48:44.464500 [debug] [ThreadPool]: On create_trivial_main: /* {"app": "dbt", "dbt_version": "1.12.5", "profile_name": "trivial_tp", "target_name": "dev", "connection_name": "create_trivial_main"} */

    
        select type from duckdb_databases()
        where lower(database_name)='trivial'
        and type != 'duckdb'
    
  
[0m09:48:44.464756 [debug] [ThreadPool]: Opening a new connection, currently in state closed
[0m09:48:44.465563 [debug] [ThreadPool]: SQL status: OK in 0.001 seconds
[0m09:48:44.466630 [debug] [ThreadPool]: Using duckdb connection "create_trivial_main"
[0m09:48:44.466941 [debug] [ThreadPool]: On create_trivial_main: BEGIN
[0m09:48:44.467452 [debug] [ThreadPool]: SQL status: OK in 0.000 seconds
[0m09:48:44.467784 [debug] [ThreadPool]: Using duckdb connection "create_trivial_main"
[0m09:48:44.468097 [debug] [ThreadPool]: On create_trivial_main: /* {"app": "dbt", "dbt_version": "1.12.5", "profile_name": "trivial_tp", "target_name": "dev", "connection_name": "create_trivial_main"} */

    
    
        create schema if not exists "trivial"."main"
    
[0m09:48:44.468621 [debug] [ThreadPool]: SQL status: OK in 0.000 seconds
[0m09:48:44.469225 [debug] [ThreadPool]: On create_trivial_main: COMMIT
[0m09:48:44.469491 [debug] [ThreadPool]: Using duckdb connection "create_trivial_main"
[0m09:48:44.469723 [debug] [ThreadPool]: On create_trivial_main: COMMIT
[0m09:48:44.470121 [debug] [ThreadPool]: SQL status: OK in 0.000 seconds
[0m09:48:44.470377 [debug] [ThreadPool]: On create_trivial_main: Close
[0m09:48:44.470843 [debug] [ThreadPool]: Re-using an available connection from the pool (formerly create_trivial_main, now create_trivial_main_gold)
[0m09:48:44.471244 [debug] [ThreadPool]: Creating schema "database: "trivial"
schema: "main_gold"
"
[0m09:48:44.472166 [debug] [ThreadPool]: Using duckdb connection "create_trivial_main_gold"
[0m09:48:44.472423 [debug] [ThreadPool]: On create_trivial_main_gold: /* {"app": "dbt", "dbt_version": "1.12.5", "profile_name": "trivial_tp", "target_name": "dev", "connection_name": "create_trivial_main_gold"} */

    
        select type from duckdb_databases()
        where lower(database_name)='trivial'
        and type != 'duckdb'
    
  
[0m09:48:44.472660 [debug] [ThreadPool]: Opening a new connection, currently in state closed
[0m09:48:44.473336 [debug] [ThreadPool]: SQL status: OK in 0.001 seconds
[0m09:48:44.474207 [debug] [ThreadPool]: Using duckdb connection "create_trivial_main_gold"
[0m09:48:44.474458 [debug] [ThreadPool]: On create_trivial_main_gold: BEGIN
[0m09:48:44.474833 [debug] [ThreadPool]: SQL status: OK in 0.000 seconds
[0m09:48:44.475084 [debug] [ThreadPool]: Using duckdb connection "create_trivial_main_gold"
[0m09:48:44.475317 [debug] [ThreadPool]: On create_trivial_main_gold: /* {"app": "dbt", "dbt_version": "1.12.5", "profile_name": "trivial_tp", "target_name": "dev", "connection_name": "create_trivial_main_gold"} */

    
    
        create schema if not exists "trivial"."main_gold"
    
[0m09:48:44.475718 [debug] [ThreadPool]: SQL status: OK in 0.000 seconds
[0m09:48:44.476329 [debug] [ThreadPool]: On create_trivial_main_gold: COMMIT
[0m09:48:44.476599 [debug] [ThreadPool]: Using duckdb connection "create_trivial_main_gold"
[0m09:48:44.476839 [debug] [ThreadPool]: On create_trivial_main_gold: COMMIT
[0m09:48:44.477238 [debug] [ThreadPool]: SQL status: OK in 0.000 seconds
[0m09:48:44.477489 [debug] [ThreadPool]: On create_trivial_main_gold: Close
[0m09:48:44.479004 [debug] [ThreadPool]: Acquiring new duckdb connection 'list_trivial_main'
[0m09:48:44.483561 [debug] [ThreadPool]: Using duckdb connection "list_trivial_main"
[0m09:48:44.483831 [debug] [ThreadPool]: On list_trivial_main: BEGIN
[0m09:48:44.484067 [debug] [ThreadPool]: Opening a new connection, currently in state init
[0m09:48:44.484502 [debug] [ThreadPool]: SQL status: OK in 0.000 seconds
[0m09:48:44.484756 [debug] [ThreadPool]: Using duckdb connection "list_trivial_main"
[0m09:48:44.485001 [debug] [ThreadPool]: On list_trivial_main: /* {"app": "dbt", "dbt_version": "1.12.5", "profile_name": "trivial_tp", "target_name": "dev", "connection_name": "list_trivial_main"} */
select
      'trivial' as database,
      table_name as name,
      table_schema as schema,
      CASE table_type
        WHEN 'BASE TABLE' THEN 'table'
        WHEN 'VIEW' THEN 'view'
        WHEN 'LOCAL TEMPORARY' THEN 'table'
        END as type
    from system.information_schema.tables
    where lower(table_schema) = 'main'
    and lower(table_catalog) = 'trivial'
  
[0m09:48:44.495383 [debug] [ThreadPool]: SQL status: OK in 0.010 seconds
[0m09:48:44.496552 [debug] [ThreadPool]: On list_trivial_main: ROLLBACK
[0m09:48:44.496990 [debug] [ThreadPool]: On list_trivial_main: Close
[0m09:48:44.497425 [debug] [ThreadPool]: Re-using an available connection from the pool (formerly list_trivial_main, now list_trivial_main_gold)
[0m09:48:44.498731 [debug] [ThreadPool]: Using duckdb connection "list_trivial_main_gold"
[0m09:48:44.498990 [debug] [ThreadPool]: On list_trivial_main_gold: BEGIN
[0m09:48:44.499217 [debug] [ThreadPool]: Opening a new connection, currently in state closed
[0m09:48:44.499590 [debug] [ThreadPool]: SQL status: OK in 0.000 seconds
[0m09:48:44.499839 [debug] [ThreadPool]: Using duckdb connection "list_trivial_main_gold"
[0m09:48:44.500108 [debug] [ThreadPool]: On list_trivial_main_gold: /* {"app": "dbt", "dbt_version": "1.12.5", "profile_name": "trivial_tp", "target_name": "dev", "connection_name": "list_trivial_main_gold"} */
select
      'trivial' as database,
      table_name as name,
      table_schema as schema,
      CASE table_type
        WHEN 'BASE TABLE' THEN 'table'
        WHEN 'VIEW' THEN 'view'
        WHEN 'LOCAL TEMPORARY' THEN 'table'
        END as type
    from system.information_schema.tables
    where lower(table_schema) = 'main_gold'
    and lower(table_catalog) = 'trivial'
  
[0m09:48:44.501533 [debug] [ThreadPool]: SQL status: OK in 0.001 seconds
[0m09:48:44.502409 [debug] [ThreadPool]: On list_trivial_main_gold: ROLLBACK
[0m09:48:44.502826 [debug] [ThreadPool]: On list_trivial_main_gold: Close
[0m09:48:44.504240 [debug] [MainThread]: Sending event: {'category': 'dbt', 'action': 'runnable_timing', 'label': '6a140f3f-9a14-4255-b541-89d62bacb146', 'context': [<snowplow_tracker.self_describing_json.SelfDescribingJson object at 0x0000028B064C18B0>]}
[0m09:48:44.504782 [debug] [MainThread]: Using duckdb connection "master"
[0m09:48:44.505035 [debug] [MainThread]: On master: BEGIN
[0m09:48:44.505264 [debug] [MainThread]: Opening a new connection, currently in state init
[0m09:48:44.505654 [debug] [MainThread]: SQL status: OK in 0.000 seconds
[0m09:48:44.505906 [debug] [MainThread]: On master: COMMIT
[0m09:48:44.506146 [debug] [MainThread]: Using duckdb connection "master"
[0m09:48:44.506383 [debug] [MainThread]: On master: COMMIT
[0m09:48:44.506810 [debug] [MainThread]: SQL status: OK in 0.000 seconds
[0m09:48:44.507146 [debug] [MainThread]: On master: Close
[0m09:48:44.510669 [debug] [Thread-1 (]: Began running node model.projet_trivial.stg_responses
[0m09:48:44.511130 [info ] [Thread-1 (]: 1 of 6 START sql view model main.stg_responses ................................. [RUN]
[0m09:48:44.511679 [debug] [Thread-1 (]: Acquiring new duckdb connection 'model.projet_trivial.stg_responses'
[0m09:48:44.511975 [debug] [Thread-1 (]: Began compiling node model.projet_trivial.stg_responses
[0m09:48:44.517298 [debug] [Thread-1 (]: Writing injected SQL for node "model.projet_trivial.stg_responses"
[0m09:48:44.518150 [debug] [Thread-1 (]: Began executing node model.projet_trivial.stg_responses
[0m09:48:44.545854 [debug] [Thread-1 (]: Writing runtime sql for node "model.projet_trivial.stg_responses"
[0m09:48:44.547122 [debug] [Thread-1 (]: Using duckdb connection "model.projet_trivial.stg_responses"
[0m09:48:44.547533 [debug] [Thread-1 (]: On model.projet_trivial.stg_responses: BEGIN
[0m09:48:44.547827 [debug] [Thread-1 (]: Opening a new connection, currently in state init
[0m09:48:44.548655 [debug] [Thread-1 (]: SQL status: OK in 0.001 seconds
[0m09:48:44.548973 [debug] [Thread-1 (]: Using duckdb connection "model.projet_trivial.stg_responses"
[0m09:48:44.549296 [debug] [Thread-1 (]: On model.projet_trivial.stg_responses: /* {"app": "dbt", "dbt_version": "1.12.5", "profile_name": "trivial_tp", "target_name": "dev", "node_id": "model.projet_trivial.stg_responses"} */

  
  create view "trivial"."main"."stg_responses__dbt_tmp" as (
    with responses as (

    select *
    from read_parquet('data/silver/responses.parquet')

),

questions as (

    select *
    from read_parquet('data/silver/questions_clean.parquet')

)

select
    r.question_id,

    q.category,
    q.difficulty,
    q.type,
    q.question,
    q.correct_answer,

    r.ai_answer_raw,
    r.ai_answer_letter,
    r.correct_letter,
    r.ai_correct,
    r.response_time,
    r.model,
    r.prompt_version,
    r.status

from responses r

left join questions q
    on r.question_id = q.question_id

where r.status = 'success'
  );

[0m09:48:44.551145 [debug] [Thread-1 (]: SQL status: OK in 0.002 seconds
[0m09:48:44.555907 [debug] [Thread-1 (]: Using duckdb connection "model.projet_trivial.stg_responses"
[0m09:48:44.556277 [debug] [Thread-1 (]: On model.projet_trivial.stg_responses: /* {"app": "dbt", "dbt_version": "1.12.5", "profile_name": "trivial_tp", "target_name": "dev", "node_id": "model.projet_trivial.stg_responses"} */
alter view "trivial"."main"."stg_responses" rename to "stg_responses__dbt_backup"
[0m09:48:44.557016 [debug] [Thread-1 (]: SQL status: OK in 0.000 seconds
[0m09:48:44.559032 [debug] [Thread-1 (]: Using duckdb connection "model.projet_trivial.stg_responses"
[0m09:48:44.559420 [debug] [Thread-1 (]: On model.projet_trivial.stg_responses: /* {"app": "dbt", "dbt_version": "1.12.5", "profile_name": "trivial_tp", "target_name": "dev", "node_id": "model.projet_trivial.stg_responses"} */
alter view "trivial"."main"."stg_responses__dbt_tmp" rename to "stg_responses"
[0m09:48:44.559984 [debug] [Thread-1 (]: SQL status: OK in 0.000 seconds
[0m09:48:44.571760 [debug] [Thread-1 (]: On model.projet_trivial.stg_responses: COMMIT
[0m09:48:44.572127 [debug] [Thread-1 (]: Using duckdb connection "model.projet_trivial.stg_responses"
[0m09:48:44.572432 [debug] [Thread-1 (]: On model.projet_trivial.stg_responses: COMMIT
[0m09:48:44.575565 [debug] [Thread-1 (]: SQL status: OK in 0.003 seconds
[0m09:48:44.579585 [debug] [Thread-1 (]: Using duckdb connection "model.projet_trivial.stg_responses"
[0m09:48:44.579913 [debug] [Thread-1 (]: On model.projet_trivial.stg_responses: /* {"app": "dbt", "dbt_version": "1.12.5", "profile_name": "trivial_tp", "target_name": "dev", "node_id": "model.projet_trivial.stg_responses"} */

      drop view if exists "trivial"."main"."stg_responses__dbt_backup" cascade
    
[0m09:48:44.581641 [debug] [Thread-1 (]: SQL status: OK in 0.001 seconds
[0m09:48:44.583580 [debug] [Thread-1 (]: On model.projet_trivial.stg_responses: Close
[0m09:48:44.585655 [debug] [Thread-1 (]: Sending event: {'category': 'dbt', 'action': 'run_model', 'label': '6a140f3f-9a14-4255-b541-89d62bacb146', 'context': [<snowplow_tracker.self_describing_json.SelfDescribingJson object at 0x0000028B0648A090>]}
[0m09:48:44.586254 [info ] [Thread-1 (]: 1 of 6 OK created sql view model main.stg_responses ............................ [[32mOK[0m in 0.07s]
[0m09:48:44.586892 [debug] [Thread-1 (]: Finished running node model.projet_trivial.stg_responses
[0m09:48:44.587533 [debug] [Thread-1 (]: Began running node model.projet_trivial.int_responses
[0m09:48:44.587954 [info ] [Thread-1 (]: 2 of 6 START sql table model main.int_responses ................................ [RUN]
[0m09:48:44.588463 [debug] [Thread-1 (]: Re-using an available connection from the pool (formerly model.projet_trivial.stg_responses, now model.projet_trivial.int_responses)
[0m09:48:44.588790 [debug] [Thread-1 (]: Began compiling node model.projet_trivial.int_responses
[0m09:48:44.590360 [debug] [Thread-1 (]: Writing injected SQL for node "model.projet_trivial.int_responses"
[0m09:48:44.591188 [debug] [Thread-1 (]: Began executing node model.projet_trivial.int_responses
[0m09:48:44.625115 [debug] [Thread-1 (]: Writing runtime sql for node "model.projet_trivial.int_responses"
[0m09:48:44.626328 [debug] [Thread-1 (]: Using duckdb connection "model.projet_trivial.int_responses"
[0m09:48:44.626707 [debug] [Thread-1 (]: On model.projet_trivial.int_responses: BEGIN
[0m09:48:44.627055 [debug] [Thread-1 (]: Opening a new connection, currently in state closed
[0m09:48:44.627713 [debug] [Thread-1 (]: SQL status: OK in 0.001 seconds
[0m09:48:44.628022 [debug] [Thread-1 (]: Using duckdb connection "model.projet_trivial.int_responses"
[0m09:48:44.628316 [debug] [Thread-1 (]: On model.projet_trivial.int_responses: /* {"app": "dbt", "dbt_version": "1.12.5", "profile_name": "trivial_tp", "target_name": "dev", "node_id": "model.projet_trivial.int_responses"} */

    

    create  table
      "trivial"."main"."int_responses__dbt_tmp"
  
    
    as (
      select
    question_id,
    category,
    difficulty,
    type,
    model,
    prompt_version,
    ai_correct,
    response_time,

    case
        when ai_correct = true then 1
        else 0
    end as correct_flag

from "trivial"."main"."stg_responses"
    );
    
  
[0m09:48:44.640908 [debug] [Thread-1 (]: SQL status: OK in 0.012 seconds
[0m09:48:44.645324 [debug] [Thread-1 (]: Using duckdb connection "model.projet_trivial.int_responses"
[0m09:48:44.645660 [debug] [Thread-1 (]: On model.projet_trivial.int_responses: /* {"app": "dbt", "dbt_version": "1.12.5", "profile_name": "trivial_tp", "target_name": "dev", "node_id": "model.projet_trivial.int_responses"} */

    SELECT index_name
    FROM duckdb_indexes()
    WHERE database_name = 'trivial'
      AND schema_name = 'main'
      AND table_name = 'int_responses'
  
[0m09:48:44.646439 [debug] [Thread-1 (]: SQL status: OK in 0.000 seconds
[0m09:48:44.648318 [debug] [Thread-1 (]: Using duckdb connection "model.projet_trivial.int_responses"
[0m09:48:44.648638 [debug] [Thread-1 (]: On model.projet_trivial.int_responses: /* {"app": "dbt", "dbt_version": "1.12.5", "profile_name": "trivial_tp", "target_name": "dev", "node_id": "model.projet_trivial.int_responses"} */
alter table "trivial"."main"."int_responses" rename to "int_responses__dbt_backup"
[0m09:48:44.649261 [debug] [Thread-1 (]: SQL status: OK in 0.000 seconds
[0m09:48:44.650966 [debug] [Thread-1 (]: Using duckdb connection "model.projet_trivial.int_responses"
[0m09:48:44.651269 [debug] [Thread-1 (]: On model.projet_trivial.int_responses: /* {"app": "dbt", "dbt_version": "1.12.5", "profile_name": "trivial_tp", "target_name": "dev", "node_id": "model.projet_trivial.int_responses"} */
alter table "trivial"."main"."int_responses__dbt_tmp" rename to "int_responses"
[0m09:48:44.651806 [debug] [Thread-1 (]: SQL status: OK in 0.000 seconds
[0m09:48:44.655960 [debug] [Thread-1 (]: On model.projet_trivial.int_responses: COMMIT
[0m09:48:44.656271 [debug] [Thread-1 (]: Using duckdb connection "model.projet_trivial.int_responses"
[0m09:48:44.656551 [debug] [Thread-1 (]: On model.projet_trivial.int_responses: COMMIT
[0m09:48:44.663701 [debug] [Thread-1 (]: SQL status: OK in 0.007 seconds
[0m09:48:44.665130 [debug] [Thread-1 (]: Using duckdb connection "model.projet_trivial.int_responses"
[0m09:48:44.665440 [debug] [Thread-1 (]: On model.projet_trivial.int_responses: /* {"app": "dbt", "dbt_version": "1.12.5", "profile_name": "trivial_tp", "target_name": "dev", "node_id": "model.projet_trivial.int_responses"} */

      drop table if exists "trivial"."main"."int_responses__dbt_backup" cascade
    
[0m09:48:44.667026 [debug] [Thread-1 (]: SQL status: OK in 0.001 seconds
[0m09:48:44.668111 [debug] [Thread-1 (]: On model.projet_trivial.int_responses: Close
[0m09:48:44.668612 [debug] [Thread-1 (]: Sending event: {'category': 'dbt', 'action': 'run_model', 'label': '6a140f3f-9a14-4255-b541-89d62bacb146', 'context': [<snowplow_tracker.self_describing_json.SelfDescribingJson object at 0x0000028B065D2570>]}
[0m09:48:44.669160 [info ] [Thread-1 (]: 2 of 6 OK created sql table model main.int_responses ........................... [[32mOK[0m in 0.08s]
[0m09:48:44.669869 [debug] [Thread-1 (]: Finished running node model.projet_trivial.int_responses
[0m09:48:44.670602 [debug] [Thread-1 (]: Began running node model.projet_trivial.mart_category_performance
[0m09:48:44.671060 [info ] [Thread-1 (]: 3 of 6 START sql table model main_gold.mart_category_performance ............... [RUN]
[0m09:48:44.671554 [debug] [Thread-1 (]: Re-using an available connection from the pool (formerly model.projet_trivial.int_responses, now model.projet_trivial.mart_category_performance)
[0m09:48:44.671913 [debug] [Thread-1 (]: Began compiling node model.projet_trivial.mart_category_performance
[0m09:48:44.673407 [debug] [Thread-1 (]: Writing injected SQL for node "model.projet_trivial.mart_category_performance"
[0m09:48:44.674228 [debug] [Thread-1 (]: Began executing node model.projet_trivial.mart_category_performance
[0m09:48:44.676847 [debug] [Thread-1 (]: Writing runtime sql for node "model.projet_trivial.mart_category_performance"
[0m09:48:44.677908 [debug] [Thread-1 (]: Using duckdb connection "model.projet_trivial.mart_category_performance"
[0m09:48:44.678266 [debug] [Thread-1 (]: On model.projet_trivial.mart_category_performance: BEGIN
[0m09:48:44.678551 [debug] [Thread-1 (]: Opening a new connection, currently in state closed
[0m09:48:44.679189 [debug] [Thread-1 (]: SQL status: OK in 0.001 seconds
[0m09:48:44.679499 [debug] [Thread-1 (]: Using duckdb connection "model.projet_trivial.mart_category_performance"
[0m09:48:44.679792 [debug] [Thread-1 (]: On model.projet_trivial.mart_category_performance: /* {"app": "dbt", "dbt_version": "1.12.5", "profile_name": "trivial_tp", "target_name": "dev", "node_id": "model.projet_trivial.mart_category_performance"} */

    

    create  table
      "trivial"."main_gold"."mart_category_performance__dbt_tmp"
  
    
    as (
      select
    model,
    category,
    count(*) as total_questions,
    sum(correct_flag) as correct_answers,
    avg(correct_flag) * 100 as accuracy

from "trivial"."main"."int_responses"

group by model, category
    );
    
  
[0m09:48:44.685875 [debug] [Thread-1 (]: SQL status: OK in 0.006 seconds
[0m09:48:44.687074 [debug] [Thread-1 (]: Using duckdb connection "model.projet_trivial.mart_category_performance"
[0m09:48:44.687419 [debug] [Thread-1 (]: On model.projet_trivial.mart_category_performance: /* {"app": "dbt", "dbt_version": "1.12.5", "profile_name": "trivial_tp", "target_name": "dev", "node_id": "model.projet_trivial.mart_category_performance"} */

    SELECT index_name
    FROM duckdb_indexes()
    WHERE database_name = 'trivial'
      AND schema_name = 'main_gold'
      AND table_name = 'mart_category_performance'
  
[0m09:48:44.688282 [debug] [Thread-1 (]: SQL status: OK in 0.001 seconds
[0m09:48:44.690184 [debug] [Thread-1 (]: Using duckdb connection "model.projet_trivial.mart_category_performance"
[0m09:48:44.690503 [debug] [Thread-1 (]: On model.projet_trivial.mart_category_performance: /* {"app": "dbt", "dbt_version": "1.12.5", "profile_name": "trivial_tp", "target_name": "dev", "node_id": "model.projet_trivial.mart_category_performance"} */
alter table "trivial"."main_gold"."mart_category_performance" rename to "mart_category_performance__dbt_backup"
[0m09:48:44.691066 [debug] [Thread-1 (]: SQL status: OK in 0.000 seconds
[0m09:48:44.692579 [debug] [Thread-1 (]: Using duckdb connection "model.projet_trivial.mart_category_performance"
[0m09:48:44.692916 [debug] [Thread-1 (]: On model.projet_trivial.mart_category_performance: /* {"app": "dbt", "dbt_version": "1.12.5", "profile_name": "trivial_tp", "target_name": "dev", "node_id": "model.projet_trivial.mart_category_performance"} */
alter table "trivial"."main_gold"."mart_category_performance__dbt_tmp" rename to "mart_category_performance"
[0m09:48:44.693475 [debug] [Thread-1 (]: SQL status: OK in 0.000 seconds
[0m09:48:44.694846 [debug] [Thread-1 (]: On model.projet_trivial.mart_category_performance: COMMIT
[0m09:48:44.695150 [debug] [Thread-1 (]: Using duckdb connection "model.projet_trivial.mart_category_performance"
[0m09:48:44.695439 [debug] [Thread-1 (]: On model.projet_trivial.mart_category_performance: COMMIT
[0m09:48:44.698185 [debug] [Thread-1 (]: SQL status: OK in 0.002 seconds
[0m09:48:44.699469 [debug] [Thread-1 (]: Using duckdb connection "model.projet_trivial.mart_category_performance"
[0m09:48:44.699808 [debug] [Thread-1 (]: On model.projet_trivial.mart_category_performance: /* {"app": "dbt", "dbt_version": "1.12.5", "profile_name": "trivial_tp", "target_name": "dev", "node_id": "model.projet_trivial.mart_category_performance"} */

      drop table if exists "trivial"."main_gold"."mart_category_performance__dbt_backup" cascade
    
[0m09:48:44.701415 [debug] [Thread-1 (]: SQL status: OK in 0.001 seconds
[0m09:48:44.702620 [debug] [Thread-1 (]: On model.projet_trivial.mart_category_performance: Close
[0m09:48:44.703185 [debug] [Thread-1 (]: Sending event: {'category': 'dbt', 'action': 'run_model', 'label': '6a140f3f-9a14-4255-b541-89d62bacb146', 'context': [<snowplow_tracker.self_describing_json.SelfDescribingJson object at 0x0000028B06678050>]}
[0m09:48:44.703708 [info ] [Thread-1 (]: 3 of 6 OK created sql table model main_gold.mart_category_performance .......... [[32mOK[0m in 0.03s]
[0m09:48:44.704446 [debug] [Thread-1 (]: Finished running node model.projet_trivial.mart_category_performance
[0m09:48:44.704885 [debug] [Thread-1 (]: Began running node model.projet_trivial.mart_difficulty_performance
[0m09:48:44.705332 [info ] [Thread-1 (]: 4 of 6 START sql table model main_gold.mart_difficulty_performance ............. [RUN]
[0m09:48:44.705768 [debug] [Thread-1 (]: Re-using an available connection from the pool (formerly model.projet_trivial.mart_category_performance, now model.projet_trivial.mart_difficulty_performance)
[0m09:48:44.706073 [debug] [Thread-1 (]: Began compiling node model.projet_trivial.mart_difficulty_performance
[0m09:48:44.707784 [debug] [Thread-1 (]: Writing injected SQL for node "model.projet_trivial.mart_difficulty_performance"
[0m09:48:44.708744 [debug] [Thread-1 (]: Began executing node model.projet_trivial.mart_difficulty_performance
[0m09:48:44.711540 [debug] [Thread-1 (]: Writing runtime sql for node "model.projet_trivial.mart_difficulty_performance"
[0m09:48:44.712445 [debug] [Thread-1 (]: Using duckdb connection "model.projet_trivial.mart_difficulty_performance"
[0m09:48:44.712766 [debug] [Thread-1 (]: On model.projet_trivial.mart_difficulty_performance: BEGIN
[0m09:48:44.713063 [debug] [Thread-1 (]: Opening a new connection, currently in state closed
[0m09:48:44.713689 [debug] [Thread-1 (]: SQL status: OK in 0.001 seconds
[0m09:48:44.713993 [debug] [Thread-1 (]: Using duckdb connection "model.projet_trivial.mart_difficulty_performance"
[0m09:48:44.714289 [debug] [Thread-1 (]: On model.projet_trivial.mart_difficulty_performance: /* {"app": "dbt", "dbt_version": "1.12.5", "profile_name": "trivial_tp", "target_name": "dev", "node_id": "model.projet_trivial.mart_difficulty_performance"} */

    

    create  table
      "trivial"."main_gold"."mart_difficulty_performance__dbt_tmp"
  
    
    as (
      select
    model,
    difficulty,
    count(*) as total_questions,
    sum(correct_flag) as correct_answers,
    avg(correct_flag) * 100 as accuracy,
    avg(response_time) as avg_response_time

from "trivial"."main"."int_responses"

group by model, difficulty
    );
    
  
[0m09:48:44.717951 [debug] [Thread-1 (]: SQL status: OK in 0.003 seconds
[0m09:48:44.718893 [debug] [Thread-1 (]: Using duckdb connection "model.projet_trivial.mart_difficulty_performance"
[0m09:48:44.719207 [debug] [Thread-1 (]: On model.projet_trivial.mart_difficulty_performance: /* {"app": "dbt", "dbt_version": "1.12.5", "profile_name": "trivial_tp", "target_name": "dev", "node_id": "model.projet_trivial.mart_difficulty_performance"} */

    SELECT index_name
    FROM duckdb_indexes()
    WHERE database_name = 'trivial'
      AND schema_name = 'main_gold'
      AND table_name = 'mart_difficulty_performance'
  
[0m09:48:44.719910 [debug] [Thread-1 (]: SQL status: OK in 0.000 seconds
[0m09:48:44.721655 [debug] [Thread-1 (]: Using duckdb connection "model.projet_trivial.mart_difficulty_performance"
[0m09:48:44.721966 [debug] [Thread-1 (]: On model.projet_trivial.mart_difficulty_performance: /* {"app": "dbt", "dbt_version": "1.12.5", "profile_name": "trivial_tp", "target_name": "dev", "node_id": "model.projet_trivial.mart_difficulty_performance"} */
alter table "trivial"."main_gold"."mart_difficulty_performance" rename to "mart_difficulty_performance__dbt_backup"
[0m09:48:44.722505 [debug] [Thread-1 (]: SQL status: OK in 0.000 seconds
[0m09:48:44.723989 [debug] [Thread-1 (]: Using duckdb connection "model.projet_trivial.mart_difficulty_performance"
[0m09:48:44.724295 [debug] [Thread-1 (]: On model.projet_trivial.mart_difficulty_performance: /* {"app": "dbt", "dbt_version": "1.12.5", "profile_name": "trivial_tp", "target_name": "dev", "node_id": "model.projet_trivial.mart_difficulty_performance"} */
alter table "trivial"."main_gold"."mart_difficulty_performance__dbt_tmp" rename to "mart_difficulty_performance"
[0m09:48:44.724818 [debug] [Thread-1 (]: SQL status: OK in 0.000 seconds
[0m09:48:44.726189 [debug] [Thread-1 (]: On model.projet_trivial.mart_difficulty_performance: COMMIT
[0m09:48:44.726510 [debug] [Thread-1 (]: Using duckdb connection "model.projet_trivial.mart_difficulty_performance"
[0m09:48:44.726794 [debug] [Thread-1 (]: On model.projet_trivial.mart_difficulty_performance: COMMIT
[0m09:48:44.728971 [debug] [Thread-1 (]: SQL status: OK in 0.002 seconds
[0m09:48:44.730367 [debug] [Thread-1 (]: Using duckdb connection "model.projet_trivial.mart_difficulty_performance"
[0m09:48:44.730750 [debug] [Thread-1 (]: On model.projet_trivial.mart_difficulty_performance: /* {"app": "dbt", "dbt_version": "1.12.5", "profile_name": "trivial_tp", "target_name": "dev", "node_id": "model.projet_trivial.mart_difficulty_performance"} */

      drop table if exists "trivial"."main_gold"."mart_difficulty_performance__dbt_backup" cascade
    
[0m09:48:44.732609 [debug] [Thread-1 (]: SQL status: OK in 0.001 seconds
[0m09:48:44.734126 [debug] [Thread-1 (]: On model.projet_trivial.mart_difficulty_performance: Close
[0m09:48:44.734747 [debug] [Thread-1 (]: Sending event: {'category': 'dbt', 'action': 'run_model', 'label': '6a140f3f-9a14-4255-b541-89d62bacb146', 'context': [<snowplow_tracker.self_describing_json.SelfDescribingJson object at 0x0000028B064F94D0>]}
[0m09:48:44.735324 [info ] [Thread-1 (]: 4 of 6 OK created sql table model main_gold.mart_difficulty_performance ........ [[32mOK[0m in 0.03s]
[0m09:48:44.735959 [debug] [Thread-1 (]: Finished running node model.projet_trivial.mart_difficulty_performance
[0m09:48:44.736395 [debug] [Thread-1 (]: Began running node model.projet_trivial.mart_prompt_performance
[0m09:48:44.736973 [info ] [Thread-1 (]: 5 of 6 START sql table model main_gold.mart_prompt_performance ................. [RUN]
[0m09:48:44.737524 [debug] [Thread-1 (]: Re-using an available connection from the pool (formerly model.projet_trivial.mart_difficulty_performance, now model.projet_trivial.mart_prompt_performance)
[0m09:48:44.737902 [debug] [Thread-1 (]: Began compiling node model.projet_trivial.mart_prompt_performance
[0m09:48:44.739557 [debug] [Thread-1 (]: Writing injected SQL for node "model.projet_trivial.mart_prompt_performance"
[0m09:48:44.740643 [debug] [Thread-1 (]: Began executing node model.projet_trivial.mart_prompt_performance
[0m09:48:44.743656 [debug] [Thread-1 (]: Writing runtime sql for node "model.projet_trivial.mart_prompt_performance"
[0m09:48:44.744634 [debug] [Thread-1 (]: Using duckdb connection "model.projet_trivial.mart_prompt_performance"
[0m09:48:44.745041 [debug] [Thread-1 (]: On model.projet_trivial.mart_prompt_performance: BEGIN
[0m09:48:44.745371 [debug] [Thread-1 (]: Opening a new connection, currently in state closed
[0m09:48:44.745944 [debug] [Thread-1 (]: SQL status: OK in 0.001 seconds
[0m09:48:44.746321 [debug] [Thread-1 (]: Using duckdb connection "model.projet_trivial.mart_prompt_performance"
[0m09:48:44.746713 [debug] [Thread-1 (]: On model.projet_trivial.mart_prompt_performance: /* {"app": "dbt", "dbt_version": "1.12.5", "profile_name": "trivial_tp", "target_name": "dev", "node_id": "model.projet_trivial.mart_prompt_performance"} */

    

    create  table
      "trivial"."main_gold"."mart_prompt_performance__dbt_tmp"
  
    
    as (
      select
    model,
    prompt_version,
    count(*) as total_questions,
    sum(correct_flag) as correct_answers,
    avg(correct_flag) * 100 as accuracy,
    avg(response_time) as avg_response_time

from "trivial"."main"."int_responses"

group by
    model,
    prompt_version
    );
    
  
[0m09:48:44.750216 [debug] [Thread-1 (]: SQL status: OK in 0.003 seconds
[0m09:48:44.751399 [debug] [Thread-1 (]: Using duckdb connection "model.projet_trivial.mart_prompt_performance"
[0m09:48:44.751746 [debug] [Thread-1 (]: On model.projet_trivial.mart_prompt_performance: /* {"app": "dbt", "dbt_version": "1.12.5", "profile_name": "trivial_tp", "target_name": "dev", "node_id": "model.projet_trivial.mart_prompt_performance"} */

    SELECT index_name
    FROM duckdb_indexes()
    WHERE database_name = 'trivial'
      AND schema_name = 'main_gold'
      AND table_name = 'mart_prompt_performance'
  
[0m09:48:44.752509 [debug] [Thread-1 (]: SQL status: OK in 0.000 seconds
[0m09:48:44.754304 [debug] [Thread-1 (]: Using duckdb connection "model.projet_trivial.mart_prompt_performance"
[0m09:48:44.754615 [debug] [Thread-1 (]: On model.projet_trivial.mart_prompt_performance: /* {"app": "dbt", "dbt_version": "1.12.5", "profile_name": "trivial_tp", "target_name": "dev", "node_id": "model.projet_trivial.mart_prompt_performance"} */
alter table "trivial"."main_gold"."mart_prompt_performance" rename to "mart_prompt_performance__dbt_backup"
[0m09:48:44.755159 [debug] [Thread-1 (]: SQL status: OK in 0.000 seconds
[0m09:48:44.756792 [debug] [Thread-1 (]: Using duckdb connection "model.projet_trivial.mart_prompt_performance"
[0m09:48:44.757110 [debug] [Thread-1 (]: On model.projet_trivial.mart_prompt_performance: /* {"app": "dbt", "dbt_version": "1.12.5", "profile_name": "trivial_tp", "target_name": "dev", "node_id": "model.projet_trivial.mart_prompt_performance"} */
alter table "trivial"."main_gold"."mart_prompt_performance__dbt_tmp" rename to "mart_prompt_performance"
[0m09:48:44.757685 [debug] [Thread-1 (]: SQL status: OK in 0.000 seconds
[0m09:48:44.759105 [debug] [Thread-1 (]: On model.projet_trivial.mart_prompt_performance: COMMIT
[0m09:48:44.759411 [debug] [Thread-1 (]: Using duckdb connection "model.projet_trivial.mart_prompt_performance"
[0m09:48:44.759700 [debug] [Thread-1 (]: On model.projet_trivial.mart_prompt_performance: COMMIT
[0m09:48:44.761614 [debug] [Thread-1 (]: SQL status: OK in 0.002 seconds
[0m09:48:44.763261 [debug] [Thread-1 (]: Using duckdb connection "model.projet_trivial.mart_prompt_performance"
[0m09:48:44.763616 [debug] [Thread-1 (]: On model.projet_trivial.mart_prompt_performance: /* {"app": "dbt", "dbt_version": "1.12.5", "profile_name": "trivial_tp", "target_name": "dev", "node_id": "model.projet_trivial.mart_prompt_performance"} */

      drop table if exists "trivial"."main_gold"."mart_prompt_performance__dbt_backup" cascade
    
[0m09:48:44.765823 [debug] [Thread-1 (]: SQL status: OK in 0.002 seconds
[0m09:48:44.767177 [debug] [Thread-1 (]: On model.projet_trivial.mart_prompt_performance: Close
[0m09:48:44.767757 [debug] [Thread-1 (]: Sending event: {'category': 'dbt', 'action': 'run_model', 'label': '6a140f3f-9a14-4255-b541-89d62bacb146', 'context': [<snowplow_tracker.self_describing_json.SelfDescribingJson object at 0x0000028B0623B460>]}
[0m09:48:44.768383 [info ] [Thread-1 (]: 5 of 6 OK created sql table model main_gold.mart_prompt_performance ............ [[32mOK[0m in 0.03s]
[0m09:48:44.769162 [debug] [Thread-1 (]: Finished running node model.projet_trivial.mart_prompt_performance
[0m09:48:44.769691 [debug] [Thread-1 (]: Began running node model.projet_trivial.mart_type_performance
[0m09:48:44.770403 [info ] [Thread-1 (]: 6 of 6 START sql table model main_gold.mart_type_performance ................... [RUN]
[0m09:48:44.771152 [debug] [Thread-1 (]: Re-using an available connection from the pool (formerly model.projet_trivial.mart_prompt_performance, now model.projet_trivial.mart_type_performance)
[0m09:48:44.771482 [debug] [Thread-1 (]: Began compiling node model.projet_trivial.mart_type_performance
[0m09:48:44.773766 [debug] [Thread-1 (]: Writing injected SQL for node "model.projet_trivial.mart_type_performance"
[0m09:48:44.774822 [debug] [Thread-1 (]: Began executing node model.projet_trivial.mart_type_performance
[0m09:48:44.777182 [debug] [Thread-1 (]: Writing runtime sql for node "model.projet_trivial.mart_type_performance"
[0m09:48:44.778217 [debug] [Thread-1 (]: Using duckdb connection "model.projet_trivial.mart_type_performance"
[0m09:48:44.778919 [debug] [Thread-1 (]: On model.projet_trivial.mart_type_performance: BEGIN
[0m09:48:44.779345 [debug] [Thread-1 (]: Opening a new connection, currently in state closed
[0m09:48:44.779917 [debug] [Thread-1 (]: SQL status: OK in 0.001 seconds
[0m09:48:44.780211 [debug] [Thread-1 (]: Using duckdb connection "model.projet_trivial.mart_type_performance"
[0m09:48:44.780496 [debug] [Thread-1 (]: On model.projet_trivial.mart_type_performance: /* {"app": "dbt", "dbt_version": "1.12.5", "profile_name": "trivial_tp", "target_name": "dev", "node_id": "model.projet_trivial.mart_type_performance"} */

    

    create  table
      "trivial"."main_gold"."mart_type_performance__dbt_tmp"
  
    
    as (
      select
    model,
    type,
    count(*) as total_questions,
    sum(correct_flag) as correct_answers,
    avg(correct_flag) * 100 as accuracy,
    avg(response_time) as avg_response_time

from "trivial"."main"."int_responses"

group by model, type
    );
    
  
[0m09:48:44.784077 [debug] [Thread-1 (]: SQL status: OK in 0.003 seconds
[0m09:48:44.785105 [debug] [Thread-1 (]: Using duckdb connection "model.projet_trivial.mart_type_performance"
[0m09:48:44.785434 [debug] [Thread-1 (]: On model.projet_trivial.mart_type_performance: /* {"app": "dbt", "dbt_version": "1.12.5", "profile_name": "trivial_tp", "target_name": "dev", "node_id": "model.projet_trivial.mart_type_performance"} */

    SELECT index_name
    FROM duckdb_indexes()
    WHERE database_name = 'trivial'
      AND schema_name = 'main_gold'
      AND table_name = 'mart_type_performance'
  
[0m09:48:44.786725 [debug] [Thread-1 (]: SQL status: OK in 0.000 seconds
[0m09:48:44.788567 [debug] [Thread-1 (]: Using duckdb connection "model.projet_trivial.mart_type_performance"
[0m09:48:44.788920 [debug] [Thread-1 (]: On model.projet_trivial.mart_type_performance: /* {"app": "dbt", "dbt_version": "1.12.5", "profile_name": "trivial_tp", "target_name": "dev", "node_id": "model.projet_trivial.mart_type_performance"} */
alter table "trivial"."main_gold"."mart_type_performance" rename to "mart_type_performance__dbt_backup"
[0m09:48:44.789544 [debug] [Thread-1 (]: SQL status: OK in 0.000 seconds
[0m09:48:44.791285 [debug] [Thread-1 (]: Using duckdb connection "model.projet_trivial.mart_type_performance"
[0m09:48:44.791617 [debug] [Thread-1 (]: On model.projet_trivial.mart_type_performance: /* {"app": "dbt", "dbt_version": "1.12.5", "profile_name": "trivial_tp", "target_name": "dev", "node_id": "model.projet_trivial.mart_type_performance"} */
alter table "trivial"."main_gold"."mart_type_performance__dbt_tmp" rename to "mart_type_performance"
[0m09:48:44.792226 [debug] [Thread-1 (]: SQL status: OK in 0.000 seconds
[0m09:48:44.793598 [debug] [Thread-1 (]: On model.projet_trivial.mart_type_performance: COMMIT
[0m09:48:44.793904 [debug] [Thread-1 (]: Using duckdb connection "model.projet_trivial.mart_type_performance"
[0m09:48:44.794182 [debug] [Thread-1 (]: On model.projet_trivial.mart_type_performance: COMMIT
[0m09:48:44.796394 [debug] [Thread-1 (]: SQL status: OK in 0.002 seconds
[0m09:48:44.797696 [debug] [Thread-1 (]: Using duckdb connection "model.projet_trivial.mart_type_performance"
[0m09:48:44.798003 [debug] [Thread-1 (]: On model.projet_trivial.mart_type_performance: /* {"app": "dbt", "dbt_version": "1.12.5", "profile_name": "trivial_tp", "target_name": "dev", "node_id": "model.projet_trivial.mart_type_performance"} */

      drop table if exists "trivial"."main_gold"."mart_type_performance__dbt_backup" cascade
    
[0m09:48:44.799938 [debug] [Thread-1 (]: SQL status: OK in 0.001 seconds
[0m09:48:44.801379 [debug] [Thread-1 (]: On model.projet_trivial.mart_type_performance: Close
[0m09:48:44.801920 [debug] [Thread-1 (]: Sending event: {'category': 'dbt', 'action': 'run_model', 'label': '6a140f3f-9a14-4255-b541-89d62bacb146', 'context': [<snowplow_tracker.self_describing_json.SelfDescribingJson object at 0x0000028B0653AB70>]}
[0m09:48:44.802478 [info ] [Thread-1 (]: 6 of 6 OK created sql table model main_gold.mart_type_performance .............. [[32mOK[0m in 0.03s]
[0m09:48:44.803291 [debug] [Thread-1 (]: Finished running node model.projet_trivial.mart_type_performance
[0m09:48:44.804442 [debug] [MainThread]: Using duckdb connection "master"
[0m09:48:44.804717 [debug] [MainThread]: On master: BEGIN
[0m09:48:44.804971 [debug] [MainThread]: Opening a new connection, currently in state closed
[0m09:48:44.805479 [debug] [MainThread]: SQL status: OK in 0.000 seconds
[0m09:48:44.805735 [debug] [MainThread]: On master: COMMIT
[0m09:48:44.805976 [debug] [MainThread]: Using duckdb connection "master"
[0m09:48:44.806206 [debug] [MainThread]: On master: COMMIT
[0m09:48:44.806594 [debug] [MainThread]: SQL status: OK in 0.000 seconds
[0m09:48:44.806848 [debug] [MainThread]: On master: Close
[0m09:48:44.807196 [debug] [MainThread]: Connection 'master' was properly closed.
[0m09:48:44.807428 [debug] [MainThread]: Connection 'create_trivial_main_gold' was properly closed.
[0m09:48:44.807641 [debug] [MainThread]: Connection 'list_trivial_main_gold' was properly closed.
[0m09:48:44.807848 [debug] [MainThread]: Connection 'model.projet_trivial.mart_type_performance' was properly closed.
[0m09:48:44.808149 [info ] [MainThread]: 
[0m09:48:44.808540 [info ] [MainThread]: Finished running 5 table models, 1 view model in 0 hours 0 minutes and 0.47 seconds (0.47s).
[0m09:48:44.810087 [debug] [MainThread]: Command end result
[0m09:48:44.840558 [debug] [MainThread]: Wrote artifact WritableManifest to C:\Users\Utilisateur\Documents\MasteredataIA\COURS\datalakes\projetTrivialPoursuite\target\manifest.json
[0m09:48:44.844064 [debug] [MainThread]: Wrote artifact SemanticManifest to C:\Users\Utilisateur\Documents\MasteredataIA\COURS\datalakes\projetTrivialPoursuite\target\semantic_manifest.json
[0m09:48:44.847212 [debug] [MainThread]: Wrote artifact OsiDocument to C:\Users\Utilisateur\Documents\MasteredataIA\COURS\datalakes\projetTrivialPoursuite\target\osi_document.json
[0m09:48:44.854265 [debug] [MainThread]: Wrote artifact RunExecutionResult to C:\Users\Utilisateur\Documents\MasteredataIA\COURS\datalakes\projetTrivialPoursuite\target\run_results.json
[0m09:48:44.854620 [info ] [MainThread]: 
[0m09:48:44.855082 [info ] [MainThread]: [32mCompleted successfully[0m
[0m09:48:44.855461 [info ] [MainThread]: 
[0m09:48:44.855860 [info ] [MainThread]: Done. PASS=6 WARN=0 ERROR=0 SKIP=0 NO-OP=0 REUSED=0 TOTAL=6
[0m09:48:44.857008 [debug] [MainThread]: Command `dbt run` succeeded at 09:48:44.856891 after 1.65 seconds
[0m09:48:44.857377 [debug] [MainThread]: Sending event: {'category': 'dbt', 'action': 'invocation', 'label': 'end', 'context': [<snowplow_tracker.self_describing_json.SelfDescribingJson object at 0x0000028B0653A3F0>, <snowplow_tracker.self_describing_json.SelfDescribingJson object at 0x0000028B046724B0>, <snowplow_tracker.self_describing_json.SelfDescribingJson object at 0x0000028B06653710>]}
[0m09:48:44.857689 [debug] [MainThread]: Flushing usage events
[0m09:48:45.398447 [debug] [MainThread]: An error was encountered while trying to flush usage events
[0m10:04:33.855430 [debug] [MainThread]: Sending event: {'category': 'dbt', 'action': 'invocation', 'label': 'start', 'context': [<snowplow_tracker.self_describing_json.SelfDescribingJson object at 0x0000017BEC8AA3C0>, <snowplow_tracker.self_describing_json.SelfDescribingJson object at 0x0000017BEA4B4410>, <snowplow_tracker.self_describing_json.SelfDescribingJson object at 0x0000017BEF287890>]}


============================== 10:04:33.860160 | 9310a9e3-24ba-4d70-a12e-1778bf71d5cc ==============================
[0m10:04:33.860160 [info ] [MainThread]: Running with dbt=1.12.5
[0m10:04:33.860734 [debug] [MainThread]: running dbt with arguments {'maximum_seed_size_mib': '1', 'no_print': 'None', 'version_check': 'True', 'target_path': 'None', 'warn_error_options': 'WarnErrorOptionsV2(error=[], warn=[], silence=[])', 'static_parser': 'True', 'printer_width': '80', 'write_json': 'True', 'empty': 'False', 'log_cache_events': 'False', 'introspect': 'True', 'cache_selected_only': 'False', 'log_format': 'default', 'debug': 'False', 'fail_fast': 'False', 'profiles_dir': 'C:\\Users\\Utilisateur\\Documents\\MasteredataIA\\COURS\\datalakes\\projetTrivialPoursuite', 'send_anonymous_usage_stats': 'True', 'quiet': 'False', 'warn_error': 'None', 'partial_parse': 'True', 'invocation_command': 'dbt run', 'hints_enabled': 'True', 'use_colors': 'True', 'use_experimental_parser': 'False', 'indirect_selection': 'eager', 'log_path': 'C:\\Users\\Utilisateur\\Documents\\MasteredataIA\\COURS\\datalakes\\projetTrivialPoursuite\\logs'}
[0m10:04:34.125704 [debug] [MainThread]: Sending event: {'category': 'dbt', 'action': 'project_id', 'label': '9310a9e3-24ba-4d70-a12e-1778bf71d5cc', 'context': [<snowplow_tracker.self_describing_json.SelfDescribingJson object at 0x0000017BEF332FD0>]}
[0m10:04:34.207884 [debug] [MainThread]: Sending event: {'category': 'dbt', 'action': 'adapter_info', 'label': '9310a9e3-24ba-4d70-a12e-1778bf71d5cc', 'context': [<snowplow_tracker.self_describing_json.SelfDescribingJson object at 0x0000017BEF4E4E20>]}
[0m10:04:34.211091 [info ] [MainThread]: Registered adapter: duckdb=1.11.0
[0m10:04:34.515764 [debug] [MainThread]: checksum: 0942d943003f3fccaeb7c0773b635c3723a3df5117ad06592b70e020d80bc06e, vars: {}, profile: trivial_tp, target: dev, version: 1.12.5
[0m10:04:34.648968 [debug] [MainThread]: Partial parsing enabled: 0 files deleted, 0 files added, 1 files changed.
[0m10:04:34.649590 [debug] [MainThread]: Partial parsing: updated file: projet_trivial://src/models\mart\mart_category_performance.sql
[0m10:04:34.963790 [debug] [MainThread]: Sending event: {'category': 'dbt', 'action': 'load_project', 'label': '9310a9e3-24ba-4d70-a12e-1778bf71d5cc', 'context': [<snowplow_tracker.self_describing_json.SelfDescribingJson object at 0x0000017BEF881E50>]}
[0m10:04:35.047642 [debug] [MainThread]: Wrote artifact WritableManifest to C:\Users\Utilisateur\Documents\MasteredataIA\COURS\datalakes\projetTrivialPoursuite\target\manifest.json
[0m10:04:35.051316 [debug] [MainThread]: Wrote artifact SemanticManifest to C:\Users\Utilisateur\Documents\MasteredataIA\COURS\datalakes\projetTrivialPoursuite\target\semantic_manifest.json
[0m10:04:35.081203 [debug] [MainThread]: Wrote artifact OsiDocument to C:\Users\Utilisateur\Documents\MasteredataIA\COURS\datalakes\projetTrivialPoursuite\target\osi_document.json
[0m10:04:35.093745 [debug] [MainThread]: Sending event: {'category': 'dbt', 'action': 'resource_counts', 'label': '9310a9e3-24ba-4d70-a12e-1778bf71d5cc', 'context': [<snowplow_tracker.self_describing_json.SelfDescribingJson object at 0x0000017BF0DA34D0>]}
[0m10:04:35.094192 [info ] [MainThread]: Found 6 models, 2 sources, 500 macros
[0m10:04:35.094622 [debug] [MainThread]: Sending event: {'category': 'dbt', 'action': 'runnable_timing', 'label': '9310a9e3-24ba-4d70-a12e-1778bf71d5cc', 'context': [<snowplow_tracker.self_describing_json.SelfDescribingJson object at 0x0000017BF0D6B770>]}
[0m10:04:35.096466 [info ] [MainThread]: 
[0m10:04:35.096957 [info ] [MainThread]: Concurrency: 1 threads (target='dev')
[0m10:04:35.097382 [info ] [MainThread]: 
[0m10:04:35.097980 [debug] [MainThread]: Acquiring new duckdb connection 'master'
[0m10:04:35.102691 [debug] [ThreadPool]: Acquiring new duckdb connection 'list_trivial'
[0m10:04:35.211196 [debug] [ThreadPool]: Using duckdb connection "list_trivial"
[0m10:04:35.211608 [debug] [ThreadPool]: On list_trivial: /* {"app": "dbt", "dbt_version": "1.12.5", "profile_name": "trivial_tp", "target_name": "dev", "connection_name": "list_trivial"} */

    
    select schema_name
    from system.information_schema.schemata
    
    where lower(catalog_name) = '"trivial"'
    
  
  
[0m10:04:35.211907 [debug] [ThreadPool]: Opening a new connection, currently in state init
[0m10:04:35.226462 [debug] [ThreadPool]: SQL status: OK in 0.014 seconds
[0m10:04:35.227646 [debug] [ThreadPool]: On list_trivial: Close
[0m10:04:35.229080 [debug] [ThreadPool]: Using duckdb connection "list_trivial"
[0m10:04:35.229419 [debug] [ThreadPool]: On list_trivial: /* {"app": "dbt", "dbt_version": "1.12.5", "profile_name": "trivial_tp", "target_name": "dev", "connection_name": "list_trivial"} */

    
    select schema_name
    from system.information_schema.schemata
    
    where lower(catalog_name) = '"trivial"'
    
  
  
[0m10:04:35.229684 [debug] [ThreadPool]: Opening a new connection, currently in state closed
[0m10:04:35.230441 [debug] [ThreadPool]: SQL status: OK in 0.001 seconds
[0m10:04:35.231278 [debug] [ThreadPool]: On list_trivial: Close
[0m10:04:35.231870 [debug] [ThreadPool]: Re-using an available connection from the pool (formerly list_trivial, now create_trivial_main)
[0m10:04:35.232551 [debug] [ThreadPool]: Creating schema "database: "trivial"
schema: "main"
"
[0m10:04:35.238706 [debug] [ThreadPool]: Using duckdb connection "create_trivial_main"
[0m10:04:35.238989 [debug] [ThreadPool]: On create_trivial_main: /* {"app": "dbt", "dbt_version": "1.12.5", "profile_name": "trivial_tp", "target_name": "dev", "connection_name": "create_trivial_main"} */

    
        select type from duckdb_databases()
        where lower(database_name)='trivial'
        and type != 'duckdb'
    
  
[0m10:04:35.239237 [debug] [ThreadPool]: Opening a new connection, currently in state closed
[0m10:04:35.239956 [debug] [ThreadPool]: SQL status: OK in 0.001 seconds
[0m10:04:35.240838 [debug] [ThreadPool]: Using duckdb connection "create_trivial_main"
[0m10:04:35.241112 [debug] [ThreadPool]: On create_trivial_main: BEGIN
[0m10:04:35.241563 [debug] [ThreadPool]: SQL status: OK in 0.000 seconds
[0m10:04:35.241837 [debug] [ThreadPool]: Using duckdb connection "create_trivial_main"
[0m10:04:35.242078 [debug] [ThreadPool]: On create_trivial_main: /* {"app": "dbt", "dbt_version": "1.12.5", "profile_name": "trivial_tp", "target_name": "dev", "connection_name": "create_trivial_main"} */

    
    
        create schema if not exists "trivial"."main"
    
[0m10:04:35.242547 [debug] [ThreadPool]: SQL status: OK in 0.000 seconds
[0m10:04:35.243231 [debug] [ThreadPool]: On create_trivial_main: COMMIT
[0m10:04:35.243494 [debug] [ThreadPool]: Using duckdb connection "create_trivial_main"
[0m10:04:35.243733 [debug] [ThreadPool]: On create_trivial_main: COMMIT
[0m10:04:35.244098 [debug] [ThreadPool]: SQL status: OK in 0.000 seconds
[0m10:04:35.244352 [debug] [ThreadPool]: On create_trivial_main: Close
[0m10:04:35.244868 [debug] [ThreadPool]: Re-using an available connection from the pool (formerly create_trivial_main, now create_trivial_main_gold)
[0m10:04:35.245317 [debug] [ThreadPool]: Creating schema "database: "trivial"
schema: "main_gold"
"
[0m10:04:35.246208 [debug] [ThreadPool]: Using duckdb connection "create_trivial_main_gold"
[0m10:04:35.246472 [debug] [ThreadPool]: On create_trivial_main_gold: /* {"app": "dbt", "dbt_version": "1.12.5", "profile_name": "trivial_tp", "target_name": "dev", "connection_name": "create_trivial_main_gold"} */

    
        select type from duckdb_databases()
        where lower(database_name)='trivial'
        and type != 'duckdb'
    
  
[0m10:04:35.246712 [debug] [ThreadPool]: Opening a new connection, currently in state closed
[0m10:04:35.247374 [debug] [ThreadPool]: SQL status: OK in 0.001 seconds
[0m10:04:35.248235 [debug] [ThreadPool]: Using duckdb connection "create_trivial_main_gold"
[0m10:04:35.248504 [debug] [ThreadPool]: On create_trivial_main_gold: BEGIN
[0m10:04:35.248988 [debug] [ThreadPool]: SQL status: OK in 0.000 seconds
[0m10:04:35.249319 [debug] [ThreadPool]: Using duckdb connection "create_trivial_main_gold"
[0m10:04:35.249624 [debug] [ThreadPool]: On create_trivial_main_gold: /* {"app": "dbt", "dbt_version": "1.12.5", "profile_name": "trivial_tp", "target_name": "dev", "connection_name": "create_trivial_main_gold"} */

    
    
        create schema if not exists "trivial"."main_gold"
    
[0m10:04:35.250146 [debug] [ThreadPool]: SQL status: OK in 0.000 seconds
[0m10:04:35.250722 [debug] [ThreadPool]: On create_trivial_main_gold: COMMIT
[0m10:04:35.250973 [debug] [ThreadPool]: Using duckdb connection "create_trivial_main_gold"
[0m10:04:35.251203 [debug] [ThreadPool]: On create_trivial_main_gold: COMMIT
[0m10:04:35.251642 [debug] [ThreadPool]: SQL status: OK in 0.000 seconds
[0m10:04:35.252010 [debug] [ThreadPool]: On create_trivial_main_gold: Close
[0m10:04:35.254207 [debug] [ThreadPool]: Acquiring new duckdb connection 'list_trivial_main'
[0m10:04:35.258602 [debug] [ThreadPool]: Using duckdb connection "list_trivial_main"
[0m10:04:35.258883 [debug] [ThreadPool]: On list_trivial_main: BEGIN
[0m10:04:35.259125 [debug] [ThreadPool]: Opening a new connection, currently in state init
[0m10:04:35.259620 [debug] [ThreadPool]: SQL status: OK in 0.000 seconds
[0m10:04:35.259957 [debug] [ThreadPool]: Using duckdb connection "list_trivial_main"
[0m10:04:35.260257 [debug] [ThreadPool]: On list_trivial_main: /* {"app": "dbt", "dbt_version": "1.12.5", "profile_name": "trivial_tp", "target_name": "dev", "connection_name": "list_trivial_main"} */
select
      'trivial' as database,
      table_name as name,
      table_schema as schema,
      CASE table_type
        WHEN 'BASE TABLE' THEN 'table'
        WHEN 'VIEW' THEN 'view'
        WHEN 'LOCAL TEMPORARY' THEN 'table'
        END as type
    from system.information_schema.tables
    where lower(table_schema) = 'main'
    and lower(table_catalog) = 'trivial'
  
[0m10:04:35.263525 [debug] [ThreadPool]: SQL status: OK in 0.003 seconds
[0m10:04:35.264481 [debug] [ThreadPool]: On list_trivial_main: ROLLBACK
[0m10:04:35.264909 [debug] [ThreadPool]: On list_trivial_main: Close
[0m10:04:35.265389 [debug] [ThreadPool]: Re-using an available connection from the pool (formerly list_trivial_main, now list_trivial_main_gold)
[0m10:04:35.266886 [debug] [ThreadPool]: Using duckdb connection "list_trivial_main_gold"
[0m10:04:35.267217 [debug] [ThreadPool]: On list_trivial_main_gold: BEGIN
[0m10:04:35.267458 [debug] [ThreadPool]: Opening a new connection, currently in state closed
[0m10:04:35.267927 [debug] [ThreadPool]: SQL status: OK in 0.000 seconds
[0m10:04:35.268180 [debug] [ThreadPool]: Using duckdb connection "list_trivial_main_gold"
[0m10:04:35.268426 [debug] [ThreadPool]: On list_trivial_main_gold: /* {"app": "dbt", "dbt_version": "1.12.5", "profile_name": "trivial_tp", "target_name": "dev", "connection_name": "list_trivial_main_gold"} */
select
      'trivial' as database,
      table_name as name,
      table_schema as schema,
      CASE table_type
        WHEN 'BASE TABLE' THEN 'table'
        WHEN 'VIEW' THEN 'view'
        WHEN 'LOCAL TEMPORARY' THEN 'table'
        END as type
    from system.information_schema.tables
    where lower(table_schema) = 'main_gold'
    and lower(table_catalog) = 'trivial'
  
[0m10:04:35.269887 [debug] [ThreadPool]: SQL status: OK in 0.001 seconds
[0m10:04:35.270777 [debug] [ThreadPool]: On list_trivial_main_gold: ROLLBACK
[0m10:04:35.271161 [debug] [ThreadPool]: On list_trivial_main_gold: Close
[0m10:04:35.272242 [debug] [MainThread]: Sending event: {'category': 'dbt', 'action': 'runnable_timing', 'label': '9310a9e3-24ba-4d70-a12e-1778bf71d5cc', 'context': [<snowplow_tracker.self_describing_json.SelfDescribingJson object at 0x0000017BF10454A0>]}
[0m10:04:35.272700 [debug] [MainThread]: Using duckdb connection "master"
[0m10:04:35.272971 [debug] [MainThread]: On master: BEGIN
[0m10:04:35.273222 [debug] [MainThread]: Opening a new connection, currently in state init
[0m10:04:35.273646 [debug] [MainThread]: SQL status: OK in 0.000 seconds
[0m10:04:35.273909 [debug] [MainThread]: On master: COMMIT
[0m10:04:35.274149 [debug] [MainThread]: Using duckdb connection "master"
[0m10:04:35.274389 [debug] [MainThread]: On master: COMMIT
[0m10:04:35.274772 [debug] [MainThread]: SQL status: OK in 0.000 seconds
[0m10:04:35.275034 [debug] [MainThread]: On master: Close
[0m10:04:35.278699 [debug] [Thread-1 (]: Began running node model.projet_trivial.stg_responses
[0m10:04:35.279183 [info ] [Thread-1 (]: 1 of 6 START sql view model main.stg_responses ................................. [RUN]
[0m10:04:35.279725 [debug] [Thread-1 (]: Acquiring new duckdb connection 'model.projet_trivial.stg_responses'
[0m10:04:35.280034 [debug] [Thread-1 (]: Began compiling node model.projet_trivial.stg_responses
[0m10:04:35.285463 [debug] [Thread-1 (]: Writing injected SQL for node "model.projet_trivial.stg_responses"
[0m10:04:35.286437 [debug] [Thread-1 (]: Began executing node model.projet_trivial.stg_responses
[0m10:04:35.313239 [debug] [Thread-1 (]: Writing runtime sql for node "model.projet_trivial.stg_responses"
[0m10:04:35.314576 [debug] [Thread-1 (]: Using duckdb connection "model.projet_trivial.stg_responses"
[0m10:04:35.315021 [debug] [Thread-1 (]: On model.projet_trivial.stg_responses: BEGIN
[0m10:04:35.315342 [debug] [Thread-1 (]: Opening a new connection, currently in state init
[0m10:04:35.316166 [debug] [Thread-1 (]: SQL status: OK in 0.001 seconds
[0m10:04:35.316554 [debug] [Thread-1 (]: Using duckdb connection "model.projet_trivial.stg_responses"
[0m10:04:35.316938 [debug] [Thread-1 (]: On model.projet_trivial.stg_responses: /* {"app": "dbt", "dbt_version": "1.12.5", "profile_name": "trivial_tp", "target_name": "dev", "node_id": "model.projet_trivial.stg_responses"} */

  
  create view "trivial"."main"."stg_responses__dbt_tmp" as (
    with responses as (

    select *
    from read_parquet('data/silver/responses.parquet')

),

questions as (

    select *
    from read_parquet('data/silver/questions_clean.parquet')

)

select
    r.question_id,

    q.category,
    q.difficulty,
    q.type,
    q.question,
    q.correct_answer,

    r.ai_answer_raw,
    r.ai_answer_letter,
    r.correct_letter,
    r.ai_correct,
    r.response_time,
    r.model,
    r.prompt_version,
    r.status

from responses r

left join questions q
    on r.question_id = q.question_id

where r.status = 'success'
  );

[0m10:04:35.319103 [debug] [Thread-1 (]: SQL status: OK in 0.002 seconds
[0m10:04:35.323961 [debug] [Thread-1 (]: Using duckdb connection "model.projet_trivial.stg_responses"
[0m10:04:35.324316 [debug] [Thread-1 (]: On model.projet_trivial.stg_responses: /* {"app": "dbt", "dbt_version": "1.12.5", "profile_name": "trivial_tp", "target_name": "dev", "node_id": "model.projet_trivial.stg_responses"} */
alter view "trivial"."main"."stg_responses" rename to "stg_responses__dbt_backup"
[0m10:04:35.324978 [debug] [Thread-1 (]: SQL status: OK in 0.000 seconds
[0m10:04:35.326998 [debug] [Thread-1 (]: Using duckdb connection "model.projet_trivial.stg_responses"
[0m10:04:35.327347 [debug] [Thread-1 (]: On model.projet_trivial.stg_responses: /* {"app": "dbt", "dbt_version": "1.12.5", "profile_name": "trivial_tp", "target_name": "dev", "node_id": "model.projet_trivial.stg_responses"} */
alter view "trivial"."main"."stg_responses__dbt_tmp" rename to "stg_responses"
[0m10:04:35.327872 [debug] [Thread-1 (]: SQL status: OK in 0.000 seconds
[0m10:04:35.340542 [debug] [Thread-1 (]: On model.projet_trivial.stg_responses: COMMIT
[0m10:04:35.340898 [debug] [Thread-1 (]: Using duckdb connection "model.projet_trivial.stg_responses"
[0m10:04:35.341183 [debug] [Thread-1 (]: On model.projet_trivial.stg_responses: COMMIT
[0m10:04:35.350024 [debug] [Thread-1 (]: SQL status: OK in 0.008 seconds
[0m10:04:35.354338 [debug] [Thread-1 (]: Using duckdb connection "model.projet_trivial.stg_responses"
[0m10:04:35.354663 [debug] [Thread-1 (]: On model.projet_trivial.stg_responses: /* {"app": "dbt", "dbt_version": "1.12.5", "profile_name": "trivial_tp", "target_name": "dev", "node_id": "model.projet_trivial.stg_responses"} */

      drop view if exists "trivial"."main"."stg_responses__dbt_backup" cascade
    
[0m10:04:35.356487 [debug] [Thread-1 (]: SQL status: OK in 0.002 seconds
[0m10:04:35.358491 [debug] [Thread-1 (]: On model.projet_trivial.stg_responses: Close
[0m10:04:35.360499 [debug] [Thread-1 (]: Sending event: {'category': 'dbt', 'action': 'run_model', 'label': '9310a9e3-24ba-4d70-a12e-1778bf71d5cc', 'context': [<snowplow_tracker.self_describing_json.SelfDescribingJson object at 0x0000017BF0D67E90>]}
[0m10:04:35.361160 [info ] [Thread-1 (]: 1 of 6 OK created sql view model main.stg_responses ............................ [[32mOK[0m in 0.08s]
[0m10:04:35.361905 [debug] [Thread-1 (]: Finished running node model.projet_trivial.stg_responses
[0m10:04:35.362583 [debug] [Thread-1 (]: Began running node model.projet_trivial.int_responses
[0m10:04:35.362994 [info ] [Thread-1 (]: 2 of 6 START sql table model main.int_responses ................................ [RUN]
[0m10:04:35.363506 [debug] [Thread-1 (]: Re-using an available connection from the pool (formerly model.projet_trivial.stg_responses, now model.projet_trivial.int_responses)
[0m10:04:35.363834 [debug] [Thread-1 (]: Began compiling node model.projet_trivial.int_responses
[0m10:04:35.365332 [debug] [Thread-1 (]: Writing injected SQL for node "model.projet_trivial.int_responses"
[0m10:04:35.366418 [debug] [Thread-1 (]: Began executing node model.projet_trivial.int_responses
[0m10:04:35.398852 [debug] [Thread-1 (]: Writing runtime sql for node "model.projet_trivial.int_responses"
[0m10:04:35.400090 [debug] [Thread-1 (]: Using duckdb connection "model.projet_trivial.int_responses"
[0m10:04:35.400501 [debug] [Thread-1 (]: On model.projet_trivial.int_responses: BEGIN
[0m10:04:35.400885 [debug] [Thread-1 (]: Opening a new connection, currently in state closed
[0m10:04:35.401542 [debug] [Thread-1 (]: SQL status: OK in 0.001 seconds
[0m10:04:35.401855 [debug] [Thread-1 (]: Using duckdb connection "model.projet_trivial.int_responses"
[0m10:04:35.402165 [debug] [Thread-1 (]: On model.projet_trivial.int_responses: /* {"app": "dbt", "dbt_version": "1.12.5", "profile_name": "trivial_tp", "target_name": "dev", "node_id": "model.projet_trivial.int_responses"} */

    

    create  table
      "trivial"."main"."int_responses__dbt_tmp"
  
    
    as (
      select
    question_id,
    category,
    difficulty,
    type,
    model,
    prompt_version,
    ai_correct,
    response_time,

    case
        when ai_correct = true then 1
        else 0
    end as correct_flag

from "trivial"."main"."stg_responses"
    );
    
  
[0m10:04:35.414895 [debug] [Thread-1 (]: SQL status: OK in 0.012 seconds
[0m10:04:35.419501 [debug] [Thread-1 (]: Using duckdb connection "model.projet_trivial.int_responses"
[0m10:04:35.419885 [debug] [Thread-1 (]: On model.projet_trivial.int_responses: /* {"app": "dbt", "dbt_version": "1.12.5", "profile_name": "trivial_tp", "target_name": "dev", "node_id": "model.projet_trivial.int_responses"} */

    SELECT index_name
    FROM duckdb_indexes()
    WHERE database_name = 'trivial'
      AND schema_name = 'main'
      AND table_name = 'int_responses'
  
[0m10:04:35.420766 [debug] [Thread-1 (]: SQL status: OK in 0.001 seconds
[0m10:04:35.422742 [debug] [Thread-1 (]: Using duckdb connection "model.projet_trivial.int_responses"
[0m10:04:35.423088 [debug] [Thread-1 (]: On model.projet_trivial.int_responses: /* {"app": "dbt", "dbt_version": "1.12.5", "profile_name": "trivial_tp", "target_name": "dev", "node_id": "model.projet_trivial.int_responses"} */
alter table "trivial"."main"."int_responses" rename to "int_responses__dbt_backup"
[0m10:04:35.423640 [debug] [Thread-1 (]: SQL status: OK in 0.000 seconds
[0m10:04:35.425829 [debug] [Thread-1 (]: Using duckdb connection "model.projet_trivial.int_responses"
[0m10:04:35.426143 [debug] [Thread-1 (]: On model.projet_trivial.int_responses: /* {"app": "dbt", "dbt_version": "1.12.5", "profile_name": "trivial_tp", "target_name": "dev", "node_id": "model.projet_trivial.int_responses"} */
alter table "trivial"."main"."int_responses__dbt_tmp" rename to "int_responses"
[0m10:04:35.426759 [debug] [Thread-1 (]: SQL status: OK in 0.000 seconds
[0m10:04:35.431250 [debug] [Thread-1 (]: On model.projet_trivial.int_responses: COMMIT
[0m10:04:35.431554 [debug] [Thread-1 (]: Using duckdb connection "model.projet_trivial.int_responses"
[0m10:04:35.431825 [debug] [Thread-1 (]: On model.projet_trivial.int_responses: COMMIT
[0m10:04:35.438585 [debug] [Thread-1 (]: SQL status: OK in 0.006 seconds
[0m10:04:35.440530 [debug] [Thread-1 (]: Using duckdb connection "model.projet_trivial.int_responses"
[0m10:04:35.440838 [debug] [Thread-1 (]: On model.projet_trivial.int_responses: /* {"app": "dbt", "dbt_version": "1.12.5", "profile_name": "trivial_tp", "target_name": "dev", "node_id": "model.projet_trivial.int_responses"} */

      drop table if exists "trivial"."main"."int_responses__dbt_backup" cascade
    
[0m10:04:35.442434 [debug] [Thread-1 (]: SQL status: OK in 0.001 seconds
[0m10:04:35.443562 [debug] [Thread-1 (]: On model.projet_trivial.int_responses: Close
[0m10:04:35.444067 [debug] [Thread-1 (]: Sending event: {'category': 'dbt', 'action': 'run_model', 'label': '9310a9e3-24ba-4d70-a12e-1778bf71d5cc', 'context': [<snowplow_tracker.self_describing_json.SelfDescribingJson object at 0x0000017BF0E1F280>]}
[0m10:04:35.444599 [info ] [Thread-1 (]: 2 of 6 OK created sql table model main.int_responses ........................... [[32mOK[0m in 0.08s]
[0m10:04:35.445313 [debug] [Thread-1 (]: Finished running node model.projet_trivial.int_responses
[0m10:04:35.445949 [debug] [Thread-1 (]: Began running node model.projet_trivial.mart_category_performance
[0m10:04:35.446348 [info ] [Thread-1 (]: 3 of 6 START sql table model main_gold.mart_category_performance ............... [RUN]
[0m10:04:35.446917 [debug] [Thread-1 (]: Re-using an available connection from the pool (formerly model.projet_trivial.int_responses, now model.projet_trivial.mart_category_performance)
[0m10:04:35.447371 [debug] [Thread-1 (]: Began compiling node model.projet_trivial.mart_category_performance
[0m10:04:35.448911 [debug] [Thread-1 (]: Writing injected SQL for node "model.projet_trivial.mart_category_performance"
[0m10:04:35.449920 [debug] [Thread-1 (]: Began executing node model.projet_trivial.mart_category_performance
[0m10:04:35.452231 [debug] [Thread-1 (]: Writing runtime sql for node "model.projet_trivial.mart_category_performance"
[0m10:04:35.453177 [debug] [Thread-1 (]: Using duckdb connection "model.projet_trivial.mart_category_performance"
[0m10:04:35.453564 [debug] [Thread-1 (]: On model.projet_trivial.mart_category_performance: BEGIN
[0m10:04:35.453845 [debug] [Thread-1 (]: Opening a new connection, currently in state closed
[0m10:04:35.454371 [debug] [Thread-1 (]: SQL status: OK in 0.001 seconds
[0m10:04:35.454667 [debug] [Thread-1 (]: Using duckdb connection "model.projet_trivial.mart_category_performance"
[0m10:04:35.454955 [debug] [Thread-1 (]: On model.projet_trivial.mart_category_performance: /* {"app": "dbt", "dbt_version": "1.12.5", "profile_name": "trivial_tp", "target_name": "dev", "node_id": "model.projet_trivial.mart_category_performance"} */

    

    create  table
      "trivial"."main_gold"."mart_category_performance__dbt_tmp"
  
    
    as (
      select
    category,
    count(*) as total_questions,
    sum(correct_flag) as correct_answers,
    round(avg(correct_flag) * 100, 2) as accuracy

from "trivial"."main"."int_responses"

group by category
    );
    
  
[0m10:04:35.459688 [debug] [Thread-1 (]: SQL status: OK in 0.004 seconds
[0m10:04:35.460743 [debug] [Thread-1 (]: Using duckdb connection "model.projet_trivial.mart_category_performance"
[0m10:04:35.461087 [debug] [Thread-1 (]: On model.projet_trivial.mart_category_performance: /* {"app": "dbt", "dbt_version": "1.12.5", "profile_name": "trivial_tp", "target_name": "dev", "node_id": "model.projet_trivial.mart_category_performance"} */

    SELECT index_name
    FROM duckdb_indexes()
    WHERE database_name = 'trivial'
      AND schema_name = 'main_gold'
      AND table_name = 'mart_category_performance'
  
[0m10:04:35.461950 [debug] [Thread-1 (]: SQL status: OK in 0.001 seconds
[0m10:04:35.463872 [debug] [Thread-1 (]: Using duckdb connection "model.projet_trivial.mart_category_performance"
[0m10:04:35.464183 [debug] [Thread-1 (]: On model.projet_trivial.mart_category_performance: /* {"app": "dbt", "dbt_version": "1.12.5", "profile_name": "trivial_tp", "target_name": "dev", "node_id": "model.projet_trivial.mart_category_performance"} */
alter table "trivial"."main_gold"."mart_category_performance" rename to "mart_category_performance__dbt_backup"
[0m10:04:35.464820 [debug] [Thread-1 (]: SQL status: OK in 0.000 seconds
[0m10:04:35.467596 [debug] [Thread-1 (]: Using duckdb connection "model.projet_trivial.mart_category_performance"
[0m10:04:35.468036 [debug] [Thread-1 (]: On model.projet_trivial.mart_category_performance: /* {"app": "dbt", "dbt_version": "1.12.5", "profile_name": "trivial_tp", "target_name": "dev", "node_id": "model.projet_trivial.mart_category_performance"} */
alter table "trivial"."main_gold"."mart_category_performance__dbt_tmp" rename to "mart_category_performance"
[0m10:04:35.468730 [debug] [Thread-1 (]: SQL status: OK in 0.000 seconds
[0m10:04:35.470387 [debug] [Thread-1 (]: On model.projet_trivial.mart_category_performance: COMMIT
[0m10:04:35.470714 [debug] [Thread-1 (]: Using duckdb connection "model.projet_trivial.mart_category_performance"
[0m10:04:35.471018 [debug] [Thread-1 (]: On model.projet_trivial.mart_category_performance: COMMIT
[0m10:04:35.473380 [debug] [Thread-1 (]: SQL status: OK in 0.002 seconds
[0m10:04:35.474895 [debug] [Thread-1 (]: Using duckdb connection "model.projet_trivial.mart_category_performance"
[0m10:04:35.475208 [debug] [Thread-1 (]: On model.projet_trivial.mart_category_performance: /* {"app": "dbt", "dbt_version": "1.12.5", "profile_name": "trivial_tp", "target_name": "dev", "node_id": "model.projet_trivial.mart_category_performance"} */

      drop table if exists "trivial"."main_gold"."mart_category_performance__dbt_backup" cascade
    
[0m10:04:35.476984 [debug] [Thread-1 (]: SQL status: OK in 0.001 seconds
[0m10:04:35.478150 [debug] [Thread-1 (]: On model.projet_trivial.mart_category_performance: Close
[0m10:04:35.478630 [debug] [Thread-1 (]: Sending event: {'category': 'dbt', 'action': 'run_model', 'label': '9310a9e3-24ba-4d70-a12e-1778bf71d5cc', 'context': [<snowplow_tracker.self_describing_json.SelfDescribingJson object at 0x0000017BF1206B70>]}
[0m10:04:35.479155 [info ] [Thread-1 (]: 3 of 6 OK created sql table model main_gold.mart_category_performance .......... [[32mOK[0m in 0.03s]
[0m10:04:35.479837 [debug] [Thread-1 (]: Finished running node model.projet_trivial.mart_category_performance
[0m10:04:35.480270 [debug] [Thread-1 (]: Began running node model.projet_trivial.mart_difficulty_performance
[0m10:04:35.480796 [info ] [Thread-1 (]: 4 of 6 START sql table model main_gold.mart_difficulty_performance ............. [RUN]
[0m10:04:35.481278 [debug] [Thread-1 (]: Re-using an available connection from the pool (formerly model.projet_trivial.mart_category_performance, now model.projet_trivial.mart_difficulty_performance)
[0m10:04:35.481601 [debug] [Thread-1 (]: Began compiling node model.projet_trivial.mart_difficulty_performance
[0m10:04:35.483138 [debug] [Thread-1 (]: Writing injected SQL for node "model.projet_trivial.mart_difficulty_performance"
[0m10:04:35.484035 [debug] [Thread-1 (]: Began executing node model.projet_trivial.mart_difficulty_performance
[0m10:04:35.486319 [debug] [Thread-1 (]: Writing runtime sql for node "model.projet_trivial.mart_difficulty_performance"
[0m10:04:35.487307 [debug] [Thread-1 (]: Using duckdb connection "model.projet_trivial.mart_difficulty_performance"
[0m10:04:35.487701 [debug] [Thread-1 (]: On model.projet_trivial.mart_difficulty_performance: BEGIN
[0m10:04:35.488018 [debug] [Thread-1 (]: Opening a new connection, currently in state closed
[0m10:04:35.488638 [debug] [Thread-1 (]: SQL status: OK in 0.001 seconds
[0m10:04:35.488940 [debug] [Thread-1 (]: Using duckdb connection "model.projet_trivial.mart_difficulty_performance"
[0m10:04:35.489234 [debug] [Thread-1 (]: On model.projet_trivial.mart_difficulty_performance: /* {"app": "dbt", "dbt_version": "1.12.5", "profile_name": "trivial_tp", "target_name": "dev", "node_id": "model.projet_trivial.mart_difficulty_performance"} */

    

    create  table
      "trivial"."main_gold"."mart_difficulty_performance__dbt_tmp"
  
    
    as (
      select
    model,
    difficulty,
    count(*) as total_questions,
    sum(correct_flag) as correct_answers,
    avg(correct_flag) * 100 as accuracy,
    avg(response_time) as avg_response_time

from "trivial"."main"."int_responses"

group by model, difficulty
    );
    
  
[0m10:04:35.493499 [debug] [Thread-1 (]: SQL status: OK in 0.004 seconds
[0m10:04:35.495036 [debug] [Thread-1 (]: Using duckdb connection "model.projet_trivial.mart_difficulty_performance"
[0m10:04:35.495533 [debug] [Thread-1 (]: On model.projet_trivial.mart_difficulty_performance: /* {"app": "dbt", "dbt_version": "1.12.5", "profile_name": "trivial_tp", "target_name": "dev", "node_id": "model.projet_trivial.mart_difficulty_performance"} */

    SELECT index_name
    FROM duckdb_indexes()
    WHERE database_name = 'trivial'
      AND schema_name = 'main_gold'
      AND table_name = 'mart_difficulty_performance'
  
[0m10:04:35.496667 [debug] [Thread-1 (]: SQL status: OK in 0.001 seconds
[0m10:04:35.498859 [debug] [Thread-1 (]: Using duckdb connection "model.projet_trivial.mart_difficulty_performance"
[0m10:04:35.499247 [debug] [Thread-1 (]: On model.projet_trivial.mart_difficulty_performance: /* {"app": "dbt", "dbt_version": "1.12.5", "profile_name": "trivial_tp", "target_name": "dev", "node_id": "model.projet_trivial.mart_difficulty_performance"} */
alter table "trivial"."main_gold"."mart_difficulty_performance" rename to "mart_difficulty_performance__dbt_backup"
[0m10:04:35.499921 [debug] [Thread-1 (]: SQL status: OK in 0.000 seconds
[0m10:04:35.501611 [debug] [Thread-1 (]: Using duckdb connection "model.projet_trivial.mart_difficulty_performance"
[0m10:04:35.501932 [debug] [Thread-1 (]: On model.projet_trivial.mart_difficulty_performance: /* {"app": "dbt", "dbt_version": "1.12.5", "profile_name": "trivial_tp", "target_name": "dev", "node_id": "model.projet_trivial.mart_difficulty_performance"} */
alter table "trivial"."main_gold"."mart_difficulty_performance__dbt_tmp" rename to "mart_difficulty_performance"
[0m10:04:35.502542 [debug] [Thread-1 (]: SQL status: OK in 0.000 seconds
[0m10:04:35.504612 [debug] [Thread-1 (]: On model.projet_trivial.mart_difficulty_performance: COMMIT
[0m10:04:35.504933 [debug] [Thread-1 (]: Using duckdb connection "model.projet_trivial.mart_difficulty_performance"
[0m10:04:35.505236 [debug] [Thread-1 (]: On model.projet_trivial.mart_difficulty_performance: COMMIT
[0m10:04:35.507510 [debug] [Thread-1 (]: SQL status: OK in 0.002 seconds
[0m10:04:35.508858 [debug] [Thread-1 (]: Using duckdb connection "model.projet_trivial.mart_difficulty_performance"
[0m10:04:35.509185 [debug] [Thread-1 (]: On model.projet_trivial.mart_difficulty_performance: /* {"app": "dbt", "dbt_version": "1.12.5", "profile_name": "trivial_tp", "target_name": "dev", "node_id": "model.projet_trivial.mart_difficulty_performance"} */

      drop table if exists "trivial"."main_gold"."mart_difficulty_performance__dbt_backup" cascade
    
[0m10:04:35.510927 [debug] [Thread-1 (]: SQL status: OK in 0.001 seconds
[0m10:04:35.511970 [debug] [Thread-1 (]: On model.projet_trivial.mart_difficulty_performance: Close
[0m10:04:35.512455 [debug] [Thread-1 (]: Sending event: {'category': 'dbt', 'action': 'run_model', 'label': '9310a9e3-24ba-4d70-a12e-1778bf71d5cc', 'context': [<snowplow_tracker.self_describing_json.SelfDescribingJson object at 0x0000017BF10C14D0>]}
[0m10:04:35.512971 [info ] [Thread-1 (]: 4 of 6 OK created sql table model main_gold.mart_difficulty_performance ........ [[32mOK[0m in 0.03s]
[0m10:04:35.513671 [debug] [Thread-1 (]: Finished running node model.projet_trivial.mart_difficulty_performance
[0m10:04:35.514097 [debug] [Thread-1 (]: Began running node model.projet_trivial.mart_prompt_performance
[0m10:04:35.514619 [info ] [Thread-1 (]: 5 of 6 START sql table model main_gold.mart_prompt_performance ................. [RUN]
[0m10:04:35.515100 [debug] [Thread-1 (]: Re-using an available connection from the pool (formerly model.projet_trivial.mart_difficulty_performance, now model.projet_trivial.mart_prompt_performance)
[0m10:04:35.515407 [debug] [Thread-1 (]: Began compiling node model.projet_trivial.mart_prompt_performance
[0m10:04:35.517024 [debug] [Thread-1 (]: Writing injected SQL for node "model.projet_trivial.mart_prompt_performance"
[0m10:04:35.518107 [debug] [Thread-1 (]: Began executing node model.projet_trivial.mart_prompt_performance
[0m10:04:35.520645 [debug] [Thread-1 (]: Writing runtime sql for node "model.projet_trivial.mart_prompt_performance"
[0m10:04:35.522175 [debug] [Thread-1 (]: Using duckdb connection "model.projet_trivial.mart_prompt_performance"
[0m10:04:35.526226 [debug] [Thread-1 (]: On model.projet_trivial.mart_prompt_performance: BEGIN
[0m10:04:35.526617 [debug] [Thread-1 (]: Opening a new connection, currently in state closed
[0m10:04:35.527257 [debug] [Thread-1 (]: SQL status: OK in 0.001 seconds
[0m10:04:35.527586 [debug] [Thread-1 (]: Using duckdb connection "model.projet_trivial.mart_prompt_performance"
[0m10:04:35.527892 [debug] [Thread-1 (]: On model.projet_trivial.mart_prompt_performance: /* {"app": "dbt", "dbt_version": "1.12.5", "profile_name": "trivial_tp", "target_name": "dev", "node_id": "model.projet_trivial.mart_prompt_performance"} */

    

    create  table
      "trivial"."main_gold"."mart_prompt_performance__dbt_tmp"
  
    
    as (
      select
    model,
    prompt_version,
    count(*) as total_questions,
    sum(correct_flag) as correct_answers,
    avg(correct_flag) * 100 as accuracy,
    avg(response_time) as avg_response_time

from "trivial"."main"."int_responses"

group by
    model,
    prompt_version
    );
    
  
[0m10:04:35.531767 [debug] [Thread-1 (]: SQL status: OK in 0.004 seconds
[0m10:04:35.532804 [debug] [Thread-1 (]: Using duckdb connection "model.projet_trivial.mart_prompt_performance"
[0m10:04:35.533125 [debug] [Thread-1 (]: On model.projet_trivial.mart_prompt_performance: /* {"app": "dbt", "dbt_version": "1.12.5", "profile_name": "trivial_tp", "target_name": "dev", "node_id": "model.projet_trivial.mart_prompt_performance"} */

    SELECT index_name
    FROM duckdb_indexes()
    WHERE database_name = 'trivial'
      AND schema_name = 'main_gold'
      AND table_name = 'mart_prompt_performance'
  
[0m10:04:35.533870 [debug] [Thread-1 (]: SQL status: OK in 0.000 seconds
[0m10:04:35.535823 [debug] [Thread-1 (]: Using duckdb connection "model.projet_trivial.mart_prompt_performance"
[0m10:04:35.536188 [debug] [Thread-1 (]: On model.projet_trivial.mart_prompt_performance: /* {"app": "dbt", "dbt_version": "1.12.5", "profile_name": "trivial_tp", "target_name": "dev", "node_id": "model.projet_trivial.mart_prompt_performance"} */
alter table "trivial"."main_gold"."mart_prompt_performance" rename to "mart_prompt_performance__dbt_backup"
[0m10:04:35.536841 [debug] [Thread-1 (]: SQL status: OK in 0.000 seconds
[0m10:04:35.538616 [debug] [Thread-1 (]: Using duckdb connection "model.projet_trivial.mart_prompt_performance"
[0m10:04:35.538928 [debug] [Thread-1 (]: On model.projet_trivial.mart_prompt_performance: /* {"app": "dbt", "dbt_version": "1.12.5", "profile_name": "trivial_tp", "target_name": "dev", "node_id": "model.projet_trivial.mart_prompt_performance"} */
alter table "trivial"."main_gold"."mart_prompt_performance__dbt_tmp" rename to "mart_prompt_performance"
[0m10:04:35.539491 [debug] [Thread-1 (]: SQL status: OK in 0.000 seconds
[0m10:04:35.540871 [debug] [Thread-1 (]: On model.projet_trivial.mart_prompt_performance: COMMIT
[0m10:04:35.541177 [debug] [Thread-1 (]: Using duckdb connection "model.projet_trivial.mart_prompt_performance"
[0m10:04:35.541463 [debug] [Thread-1 (]: On model.projet_trivial.mart_prompt_performance: COMMIT
[0m10:04:35.543105 [debug] [Thread-1 (]: SQL status: OK in 0.001 seconds
[0m10:04:35.544829 [debug] [Thread-1 (]: Using duckdb connection "model.projet_trivial.mart_prompt_performance"
[0m10:04:35.545144 [debug] [Thread-1 (]: On model.projet_trivial.mart_prompt_performance: /* {"app": "dbt", "dbt_version": "1.12.5", "profile_name": "trivial_tp", "target_name": "dev", "node_id": "model.projet_trivial.mart_prompt_performance"} */

      drop table if exists "trivial"."main_gold"."mart_prompt_performance__dbt_backup" cascade
    
[0m10:04:35.546846 [debug] [Thread-1 (]: SQL status: OK in 0.001 seconds
[0m10:04:35.547837 [debug] [Thread-1 (]: On model.projet_trivial.mart_prompt_performance: Close
[0m10:04:35.548358 [debug] [Thread-1 (]: Sending event: {'category': 'dbt', 'action': 'run_model', 'label': '9310a9e3-24ba-4d70-a12e-1778bf71d5cc', 'context': [<snowplow_tracker.self_describing_json.SelfDescribingJson object at 0x0000017BF0DF6510>]}
[0m10:04:35.548872 [info ] [Thread-1 (]: 5 of 6 OK created sql table model main_gold.mart_prompt_performance ............ [[32mOK[0m in 0.03s]
[0m10:04:35.549578 [debug] [Thread-1 (]: Finished running node model.projet_trivial.mart_prompt_performance
[0m10:04:35.550009 [debug] [Thread-1 (]: Began running node model.projet_trivial.mart_type_performance
[0m10:04:35.550551 [info ] [Thread-1 (]: 6 of 6 START sql table model main_gold.mart_type_performance ................... [RUN]
[0m10:04:35.551403 [debug] [Thread-1 (]: Re-using an available connection from the pool (formerly model.projet_trivial.mart_prompt_performance, now model.projet_trivial.mart_type_performance)
[0m10:04:35.551897 [debug] [Thread-1 (]: Began compiling node model.projet_trivial.mart_type_performance
[0m10:04:35.553601 [debug] [Thread-1 (]: Writing injected SQL for node "model.projet_trivial.mart_type_performance"
[0m10:04:35.554697 [debug] [Thread-1 (]: Began executing node model.projet_trivial.mart_type_performance
[0m10:04:35.557128 [debug] [Thread-1 (]: Writing runtime sql for node "model.projet_trivial.mart_type_performance"
[0m10:04:35.558021 [debug] [Thread-1 (]: Using duckdb connection "model.projet_trivial.mart_type_performance"
[0m10:04:35.558342 [debug] [Thread-1 (]: On model.projet_trivial.mart_type_performance: BEGIN
[0m10:04:35.558620 [debug] [Thread-1 (]: Opening a new connection, currently in state closed
[0m10:04:35.559186 [debug] [Thread-1 (]: SQL status: OK in 0.001 seconds
[0m10:04:35.559487 [debug] [Thread-1 (]: Using duckdb connection "model.projet_trivial.mart_type_performance"
[0m10:04:35.559791 [debug] [Thread-1 (]: On model.projet_trivial.mart_type_performance: /* {"app": "dbt", "dbt_version": "1.12.5", "profile_name": "trivial_tp", "target_name": "dev", "node_id": "model.projet_trivial.mart_type_performance"} */

    

    create  table
      "trivial"."main_gold"."mart_type_performance__dbt_tmp"
  
    
    as (
      select
    model,
    type,
    count(*) as total_questions,
    sum(correct_flag) as correct_answers,
    avg(correct_flag) * 100 as accuracy,
    avg(response_time) as avg_response_time

from "trivial"."main"."int_responses"

group by model, type
    );
    
  
[0m10:04:35.563832 [debug] [Thread-1 (]: SQL status: OK in 0.004 seconds
[0m10:04:35.564830 [debug] [Thread-1 (]: Using duckdb connection "model.projet_trivial.mart_type_performance"
[0m10:04:35.565155 [debug] [Thread-1 (]: On model.projet_trivial.mart_type_performance: /* {"app": "dbt", "dbt_version": "1.12.5", "profile_name": "trivial_tp", "target_name": "dev", "node_id": "model.projet_trivial.mart_type_performance"} */

    SELECT index_name
    FROM duckdb_indexes()
    WHERE database_name = 'trivial'
      AND schema_name = 'main_gold'
      AND table_name = 'mart_type_performance'
  
[0m10:04:35.565857 [debug] [Thread-1 (]: SQL status: OK in 0.000 seconds
[0m10:04:35.567611 [debug] [Thread-1 (]: Using duckdb connection "model.projet_trivial.mart_type_performance"
[0m10:04:35.567921 [debug] [Thread-1 (]: On model.projet_trivial.mart_type_performance: /* {"app": "dbt", "dbt_version": "1.12.5", "profile_name": "trivial_tp", "target_name": "dev", "node_id": "model.projet_trivial.mart_type_performance"} */
alter table "trivial"."main_gold"."mart_type_performance" rename to "mart_type_performance__dbt_backup"
[0m10:04:35.568454 [debug] [Thread-1 (]: SQL status: OK in 0.000 seconds
[0m10:04:35.570009 [debug] [Thread-1 (]: Using duckdb connection "model.projet_trivial.mart_type_performance"
[0m10:04:35.570336 [debug] [Thread-1 (]: On model.projet_trivial.mart_type_performance: /* {"app": "dbt", "dbt_version": "1.12.5", "profile_name": "trivial_tp", "target_name": "dev", "node_id": "model.projet_trivial.mart_type_performance"} */
alter table "trivial"."main_gold"."mart_type_performance__dbt_tmp" rename to "mart_type_performance"
[0m10:04:35.570944 [debug] [Thread-1 (]: SQL status: OK in 0.000 seconds
[0m10:04:35.572464 [debug] [Thread-1 (]: On model.projet_trivial.mart_type_performance: COMMIT
[0m10:04:35.572893 [debug] [Thread-1 (]: Using duckdb connection "model.projet_trivial.mart_type_performance"
[0m10:04:35.573256 [debug] [Thread-1 (]: On model.projet_trivial.mart_type_performance: COMMIT
[0m10:04:35.575544 [debug] [Thread-1 (]: SQL status: OK in 0.002 seconds
[0m10:04:35.577034 [debug] [Thread-1 (]: Using duckdb connection "model.projet_trivial.mart_type_performance"
[0m10:04:35.577348 [debug] [Thread-1 (]: On model.projet_trivial.mart_type_performance: /* {"app": "dbt", "dbt_version": "1.12.5", "profile_name": "trivial_tp", "target_name": "dev", "node_id": "model.projet_trivial.mart_type_performance"} */

      drop table if exists "trivial"."main_gold"."mart_type_performance__dbt_backup" cascade
    
[0m10:04:35.579157 [debug] [Thread-1 (]: SQL status: OK in 0.002 seconds
[0m10:04:35.580656 [debug] [Thread-1 (]: On model.projet_trivial.mart_type_performance: Close
[0m10:04:35.581141 [debug] [Thread-1 (]: Sending event: {'category': 'dbt', 'action': 'run_model', 'label': '9310a9e3-24ba-4d70-a12e-1778bf71d5cc', 'context': [<snowplow_tracker.self_describing_json.SelfDescribingJson object at 0x0000017BF11F0350>]}
[0m10:04:35.581661 [info ] [Thread-1 (]: 6 of 6 OK created sql table model main_gold.mart_type_performance .............. [[32mOK[0m in 0.03s]
[0m10:04:35.582339 [debug] [Thread-1 (]: Finished running node model.projet_trivial.mart_type_performance
[0m10:04:35.583411 [debug] [MainThread]: Using duckdb connection "master"
[0m10:04:35.583682 [debug] [MainThread]: On master: BEGIN
[0m10:04:35.583924 [debug] [MainThread]: Opening a new connection, currently in state closed
[0m10:04:35.584386 [debug] [MainThread]: SQL status: OK in 0.000 seconds
[0m10:04:35.584649 [debug] [MainThread]: On master: COMMIT
[0m10:04:35.584905 [debug] [MainThread]: Using duckdb connection "master"
[0m10:04:35.585143 [debug] [MainThread]: On master: COMMIT
[0m10:04:35.585514 [debug] [MainThread]: SQL status: OK in 0.000 seconds
[0m10:04:35.585780 [debug] [MainThread]: On master: Close
[0m10:04:35.586182 [debug] [MainThread]: Connection 'master' was properly closed.
[0m10:04:35.586427 [debug] [MainThread]: Connection 'create_trivial_main_gold' was properly closed.
[0m10:04:35.586649 [debug] [MainThread]: Connection 'list_trivial_main_gold' was properly closed.
[0m10:04:35.586863 [debug] [MainThread]: Connection 'model.projet_trivial.mart_type_performance' was properly closed.
[0m10:04:35.587185 [info ] [MainThread]: 
[0m10:04:35.587614 [info ] [MainThread]: Finished running 5 table models, 1 view model in 0 hours 0 minutes and 0.49 seconds (0.49s).
[0m10:04:35.589781 [debug] [MainThread]: Command end result
[0m10:04:35.619292 [debug] [MainThread]: Wrote artifact WritableManifest to C:\Users\Utilisateur\Documents\MasteredataIA\COURS\datalakes\projetTrivialPoursuite\target\manifest.json
[0m10:04:35.623171 [debug] [MainThread]: Wrote artifact SemanticManifest to C:\Users\Utilisateur\Documents\MasteredataIA\COURS\datalakes\projetTrivialPoursuite\target\semantic_manifest.json
[0m10:04:35.626578 [debug] [MainThread]: Wrote artifact OsiDocument to C:\Users\Utilisateur\Documents\MasteredataIA\COURS\datalakes\projetTrivialPoursuite\target\osi_document.json
[0m10:04:35.633526 [debug] [MainThread]: Wrote artifact RunExecutionResult to C:\Users\Utilisateur\Documents\MasteredataIA\COURS\datalakes\projetTrivialPoursuite\target\run_results.json
[0m10:04:35.633843 [info ] [MainThread]: 
[0m10:04:35.634307 [info ] [MainThread]: [32mCompleted successfully[0m
[0m10:04:35.634745 [info ] [MainThread]: 
[0m10:04:35.635190 [info ] [MainThread]: Done. PASS=6 WARN=0 ERROR=0 SKIP=0 NO-OP=0 REUSED=0 TOTAL=6
[0m10:04:35.636324 [debug] [MainThread]: Command `dbt run` succeeded at 10:04:35.636223 after 1.93 seconds
[0m10:04:35.636669 [debug] [MainThread]: Sending event: {'category': 'dbt', 'action': 'invocation', 'label': 'end', 'context': [<snowplow_tracker.self_describing_json.SelfDescribingJson object at 0x0000017BEF280830>, <snowplow_tracker.self_describing_json.SelfDescribingJson object at 0x0000017BEF682990>, <snowplow_tracker.self_describing_json.SelfDescribingJson object at 0x0000017BF0C21610>]}
[0m10:04:35.636986 [debug] [MainThread]: Flushing usage events
[0m10:04:36.228370 [debug] [MainThread]: An error was encountered while trying to flush usage events
[0m10:07:58.641088 [debug] [MainThread]: Sending event: {'category': 'dbt', 'action': 'invocation', 'label': 'start', 'context': [<snowplow_tracker.self_describing_json.SelfDescribingJson object at 0x0000029F925CA3C0>, <snowplow_tracker.self_describing_json.SelfDescribingJson object at 0x0000029F90184410>, <snowplow_tracker.self_describing_json.SelfDescribingJson object at 0x0000029F94FA3890>]}


============================== 10:07:58.645262 | 524dc1eb-9028-492b-955e-be391f17b595 ==============================
[0m10:07:58.645262 [info ] [MainThread]: Running with dbt=1.12.5
[0m10:07:58.645799 [debug] [MainThread]: running dbt with arguments {'version_check': 'True', 'no_print': 'None', 'maximum_seed_size_mib': '1', 'warn_error_options': 'WarnErrorOptionsV2(error=[], warn=[], silence=[])', 'target_path': 'None', 'static_parser': 'True', 'printer_width': '80', 'write_json': 'True', 'introspect': 'True', 'log_cache_events': 'False', 'empty': 'False', 'cache_selected_only': 'False', 'fail_fast': 'False', 'debug': 'False', 'log_format': 'default', 'partial_parse': 'True', 'send_anonymous_usage_stats': 'True', 'quiet': 'False', 'warn_error': 'None', 'profiles_dir': 'C:\\Users\\Utilisateur\\Documents\\MasteredataIA\\COURS\\datalakes\\projetTrivialPoursuite', 'indirect_selection': 'eager', 'hints_enabled': 'True', 'invocation_command': 'dbt run', 'use_experimental_parser': 'False', 'use_colors': 'True', 'log_path': 'C:\\Users\\Utilisateur\\Documents\\MasteredataIA\\COURS\\datalakes\\projetTrivialPoursuite\\logs'}
[0m10:07:58.912583 [debug] [MainThread]: Sending event: {'category': 'dbt', 'action': 'project_id', 'label': '524dc1eb-9028-492b-955e-be391f17b595', 'context': [<snowplow_tracker.self_describing_json.SelfDescribingJson object at 0x0000029F95052FD0>]}
[0m10:07:58.996089 [debug] [MainThread]: Sending event: {'category': 'dbt', 'action': 'adapter_info', 'label': '524dc1eb-9028-492b-955e-be391f17b595', 'context': [<snowplow_tracker.self_describing_json.SelfDescribingJson object at 0x0000029F95220E20>]}
[0m10:07:58.999277 [info ] [MainThread]: Registered adapter: duckdb=1.11.0
[0m10:07:59.294541 [debug] [MainThread]: checksum: 0942d943003f3fccaeb7c0773b635c3723a3df5117ad06592b70e020d80bc06e, vars: {}, profile: trivial_tp, target: dev, version: 1.12.5
[0m10:07:59.428513 [debug] [MainThread]: Partial parsing enabled: 0 files deleted, 0 files added, 1 files changed.
[0m10:07:59.429093 [debug] [MainThread]: Partial parsing: updated file: projet_trivial://src/models\mart\mart_category_performance.sql
[0m10:07:59.748594 [debug] [MainThread]: Sending event: {'category': 'dbt', 'action': 'load_project', 'label': '524dc1eb-9028-492b-955e-be391f17b595', 'context': [<snowplow_tracker.self_describing_json.SelfDescribingJson object at 0x0000029F955BDE50>]}
[0m10:07:59.832052 [debug] [MainThread]: Wrote artifact WritableManifest to C:\Users\Utilisateur\Documents\MasteredataIA\COURS\datalakes\projetTrivialPoursuite\target\manifest.json
[0m10:07:59.836060 [debug] [MainThread]: Wrote artifact SemanticManifest to C:\Users\Utilisateur\Documents\MasteredataIA\COURS\datalakes\projetTrivialPoursuite\target\semantic_manifest.json
[0m10:07:59.862846 [debug] [MainThread]: Wrote artifact OsiDocument to C:\Users\Utilisateur\Documents\MasteredataIA\COURS\datalakes\projetTrivialPoursuite\target\osi_document.json
[0m10:07:59.875519 [debug] [MainThread]: Sending event: {'category': 'dbt', 'action': 'resource_counts', 'label': '524dc1eb-9028-492b-955e-be391f17b595', 'context': [<snowplow_tracker.self_describing_json.SelfDescribingJson object at 0x0000029F96ACB3E0>]}
[0m10:07:59.875993 [info ] [MainThread]: Found 6 models, 2 sources, 500 macros
[0m10:07:59.876410 [debug] [MainThread]: Sending event: {'category': 'dbt', 'action': 'runnable_timing', 'label': '524dc1eb-9028-492b-955e-be391f17b595', 'context': [<snowplow_tracker.self_describing_json.SelfDescribingJson object at 0x0000029F96AAB770>]}
[0m10:07:59.878317 [info ] [MainThread]: 
[0m10:07:59.878795 [info ] [MainThread]: Concurrency: 1 threads (target='dev')
[0m10:07:59.879193 [info ] [MainThread]: 
[0m10:07:59.879766 [debug] [MainThread]: Acquiring new duckdb connection 'master'
[0m10:07:59.884370 [debug] [ThreadPool]: Acquiring new duckdb connection 'list_trivial'
[0m10:07:59.978011 [debug] [ThreadPool]: Using duckdb connection "list_trivial"
[0m10:07:59.978421 [debug] [ThreadPool]: On list_trivial: /* {"app": "dbt", "dbt_version": "1.12.5", "profile_name": "trivial_tp", "target_name": "dev", "connection_name": "list_trivial"} */

    
    select schema_name
    from system.information_schema.schemata
    
    where lower(catalog_name) = '"trivial"'
    
  
  
[0m10:07:59.978710 [debug] [ThreadPool]: Opening a new connection, currently in state init
[0m10:07:59.993384 [debug] [ThreadPool]: SQL status: OK in 0.015 seconds
[0m10:07:59.994520 [debug] [ThreadPool]: On list_trivial: Close
[0m10:07:59.995805 [debug] [ThreadPool]: Using duckdb connection "list_trivial"
[0m10:07:59.996238 [debug] [ThreadPool]: On list_trivial: /* {"app": "dbt", "dbt_version": "1.12.5", "profile_name": "trivial_tp", "target_name": "dev", "connection_name": "list_trivial"} */

    
    select schema_name
    from system.information_schema.schemata
    
    where lower(catalog_name) = '"trivial"'
    
  
  
[0m10:07:59.996518 [debug] [ThreadPool]: Opening a new connection, currently in state closed
[0m10:07:59.997259 [debug] [ThreadPool]: SQL status: OK in 0.001 seconds
[0m10:07:59.998075 [debug] [ThreadPool]: On list_trivial: Close
[0m10:07:59.998712 [debug] [ThreadPool]: Re-using an available connection from the pool (formerly list_trivial, now create_trivial_main_gold)
[0m10:07:59.999128 [debug] [ThreadPool]: Creating schema "database: "trivial"
schema: "main_gold"
"
[0m10:08:00.004850 [debug] [ThreadPool]: Using duckdb connection "create_trivial_main_gold"
[0m10:08:00.005119 [debug] [ThreadPool]: On create_trivial_main_gold: /* {"app": "dbt", "dbt_version": "1.12.5", "profile_name": "trivial_tp", "target_name": "dev", "connection_name": "create_trivial_main_gold"} */

    
        select type from duckdb_databases()
        where lower(database_name)='trivial'
        and type != 'duckdb'
    
  
[0m10:08:00.005405 [debug] [ThreadPool]: Opening a new connection, currently in state closed
[0m10:08:00.006065 [debug] [ThreadPool]: SQL status: OK in 0.001 seconds
[0m10:08:00.007206 [debug] [ThreadPool]: Using duckdb connection "create_trivial_main_gold"
[0m10:08:00.008342 [debug] [ThreadPool]: On create_trivial_main_gold: BEGIN
[0m10:08:00.009203 [debug] [ThreadPool]: SQL status: OK in 0.000 seconds
[0m10:08:00.009624 [debug] [ThreadPool]: Using duckdb connection "create_trivial_main_gold"
[0m10:08:00.009890 [debug] [ThreadPool]: On create_trivial_main_gold: /* {"app": "dbt", "dbt_version": "1.12.5", "profile_name": "trivial_tp", "target_name": "dev", "connection_name": "create_trivial_main_gold"} */

    
    
        create schema if not exists "trivial"."main_gold"
    
[0m10:08:00.010506 [debug] [ThreadPool]: SQL status: OK in 0.000 seconds
[0m10:08:00.011353 [debug] [ThreadPool]: On create_trivial_main_gold: COMMIT
[0m10:08:00.011651 [debug] [ThreadPool]: Using duckdb connection "create_trivial_main_gold"
[0m10:08:00.011898 [debug] [ThreadPool]: On create_trivial_main_gold: COMMIT
[0m10:08:00.012386 [debug] [ThreadPool]: SQL status: OK in 0.000 seconds
[0m10:08:00.012667 [debug] [ThreadPool]: On create_trivial_main_gold: Close
[0m10:08:00.013264 [debug] [ThreadPool]: Re-using an available connection from the pool (formerly create_trivial_main_gold, now create_trivial_main)
[0m10:08:00.013718 [debug] [ThreadPool]: Creating schema "database: "trivial"
schema: "main"
"
[0m10:08:00.015031 [debug] [ThreadPool]: Using duckdb connection "create_trivial_main"
[0m10:08:00.015358 [debug] [ThreadPool]: On create_trivial_main: /* {"app": "dbt", "dbt_version": "1.12.5", "profile_name": "trivial_tp", "target_name": "dev", "connection_name": "create_trivial_main"} */

    
        select type from duckdb_databases()
        where lower(database_name)='trivial'
        and type != 'duckdb'
    
  
[0m10:08:00.015684 [debug] [ThreadPool]: Opening a new connection, currently in state closed
[0m10:08:00.016624 [debug] [ThreadPool]: SQL status: OK in 0.001 seconds
[0m10:08:00.017665 [debug] [ThreadPool]: Using duckdb connection "create_trivial_main"
[0m10:08:00.017928 [debug] [ThreadPool]: On create_trivial_main: BEGIN
[0m10:08:00.018359 [debug] [ThreadPool]: SQL status: OK in 0.000 seconds
[0m10:08:00.018612 [debug] [ThreadPool]: Using duckdb connection "create_trivial_main"
[0m10:08:00.018853 [debug] [ThreadPool]: On create_trivial_main: /* {"app": "dbt", "dbt_version": "1.12.5", "profile_name": "trivial_tp", "target_name": "dev", "connection_name": "create_trivial_main"} */

    
    
        create schema if not exists "trivial"."main"
    
[0m10:08:00.019268 [debug] [ThreadPool]: SQL status: OK in 0.000 seconds
[0m10:08:00.019879 [debug] [ThreadPool]: On create_trivial_main: COMMIT
[0m10:08:00.020133 [debug] [ThreadPool]: Using duckdb connection "create_trivial_main"
[0m10:08:00.020368 [debug] [ThreadPool]: On create_trivial_main: COMMIT
[0m10:08:00.020727 [debug] [ThreadPool]: SQL status: OK in 0.000 seconds
[0m10:08:00.020989 [debug] [ThreadPool]: On create_trivial_main: Close
[0m10:08:00.023067 [debug] [ThreadPool]: Acquiring new duckdb connection 'list_trivial_main_gold'
[0m10:08:00.027973 [debug] [ThreadPool]: Using duckdb connection "list_trivial_main_gold"
[0m10:08:00.028247 [debug] [ThreadPool]: On list_trivial_main_gold: BEGIN
[0m10:08:00.028537 [debug] [ThreadPool]: Opening a new connection, currently in state init
[0m10:08:00.028991 [debug] [ThreadPool]: SQL status: OK in 0.000 seconds
[0m10:08:00.029247 [debug] [ThreadPool]: Using duckdb connection "list_trivial_main_gold"
[0m10:08:00.029503 [debug] [ThreadPool]: On list_trivial_main_gold: /* {"app": "dbt", "dbt_version": "1.12.5", "profile_name": "trivial_tp", "target_name": "dev", "connection_name": "list_trivial_main_gold"} */
select
      'trivial' as database,
      table_name as name,
      table_schema as schema,
      CASE table_type
        WHEN 'BASE TABLE' THEN 'table'
        WHEN 'VIEW' THEN 'view'
        WHEN 'LOCAL TEMPORARY' THEN 'table'
        END as type
    from system.information_schema.tables
    where lower(table_schema) = 'main_gold'
    and lower(table_catalog) = 'trivial'
  
[0m10:08:00.032641 [debug] [ThreadPool]: SQL status: OK in 0.003 seconds
[0m10:08:00.033608 [debug] [ThreadPool]: On list_trivial_main_gold: ROLLBACK
[0m10:08:00.034039 [debug] [ThreadPool]: On list_trivial_main_gold: Close
[0m10:08:00.034489 [debug] [ThreadPool]: Re-using an available connection from the pool (formerly list_trivial_main_gold, now list_trivial_main)
[0m10:08:00.036107 [debug] [ThreadPool]: Using duckdb connection "list_trivial_main"
[0m10:08:00.036378 [debug] [ThreadPool]: On list_trivial_main: BEGIN
[0m10:08:00.036616 [debug] [ThreadPool]: Opening a new connection, currently in state closed
[0m10:08:00.037009 [debug] [ThreadPool]: SQL status: OK in 0.000 seconds
[0m10:08:00.037275 [debug] [ThreadPool]: Using duckdb connection "list_trivial_main"
[0m10:08:00.037520 [debug] [ThreadPool]: On list_trivial_main: /* {"app": "dbt", "dbt_version": "1.12.5", "profile_name": "trivial_tp", "target_name": "dev", "connection_name": "list_trivial_main"} */
select
      'trivial' as database,
      table_name as name,
      table_schema as schema,
      CASE table_type
        WHEN 'BASE TABLE' THEN 'table'
        WHEN 'VIEW' THEN 'view'
        WHEN 'LOCAL TEMPORARY' THEN 'table'
        END as type
    from system.information_schema.tables
    where lower(table_schema) = 'main'
    and lower(table_catalog) = 'trivial'
  
[0m10:08:00.039103 [debug] [ThreadPool]: SQL status: OK in 0.001 seconds
[0m10:08:00.040165 [debug] [ThreadPool]: On list_trivial_main: ROLLBACK
[0m10:08:00.040575 [debug] [ThreadPool]: On list_trivial_main: Close
[0m10:08:00.041464 [debug] [MainThread]: Sending event: {'category': 'dbt', 'action': 'runnable_timing', 'label': '524dc1eb-9028-492b-955e-be391f17b595', 'context': [<snowplow_tracker.self_describing_json.SelfDescribingJson object at 0x0000029F96D7D4A0>]}
[0m10:08:00.041920 [debug] [MainThread]: Using duckdb connection "master"
[0m10:08:00.042188 [debug] [MainThread]: On master: BEGIN
[0m10:08:00.042420 [debug] [MainThread]: Opening a new connection, currently in state init
[0m10:08:00.042841 [debug] [MainThread]: SQL status: OK in 0.000 seconds
[0m10:08:00.043101 [debug] [MainThread]: On master: COMMIT
[0m10:08:00.043336 [debug] [MainThread]: Using duckdb connection "master"
[0m10:08:00.043569 [debug] [MainThread]: On master: COMMIT
[0m10:08:00.043977 [debug] [MainThread]: SQL status: OK in 0.000 seconds
[0m10:08:00.044233 [debug] [MainThread]: On master: Close
[0m10:08:00.047543 [debug] [Thread-1 (]: Began running node model.projet_trivial.stg_responses
[0m10:08:00.048045 [info ] [Thread-1 (]: 1 of 6 START sql view model main.stg_responses ................................. [RUN]
[0m10:08:00.048707 [debug] [Thread-1 (]: Acquiring new duckdb connection 'model.projet_trivial.stg_responses'
[0m10:08:00.049046 [debug] [Thread-1 (]: Began compiling node model.projet_trivial.stg_responses
[0m10:08:00.054518 [debug] [Thread-1 (]: Writing injected SQL for node "model.projet_trivial.stg_responses"
[0m10:08:00.055731 [debug] [Thread-1 (]: Began executing node model.projet_trivial.stg_responses
[0m10:08:00.082639 [debug] [Thread-1 (]: Writing runtime sql for node "model.projet_trivial.stg_responses"
[0m10:08:00.083868 [debug] [Thread-1 (]: Using duckdb connection "model.projet_trivial.stg_responses"
[0m10:08:00.084255 [debug] [Thread-1 (]: On model.projet_trivial.stg_responses: BEGIN
[0m10:08:00.084585 [debug] [Thread-1 (]: Opening a new connection, currently in state init
[0m10:08:00.085413 [debug] [Thread-1 (]: SQL status: OK in 0.001 seconds
[0m10:08:00.085733 [debug] [Thread-1 (]: Using duckdb connection "model.projet_trivial.stg_responses"
[0m10:08:00.086128 [debug] [Thread-1 (]: On model.projet_trivial.stg_responses: /* {"app": "dbt", "dbt_version": "1.12.5", "profile_name": "trivial_tp", "target_name": "dev", "node_id": "model.projet_trivial.stg_responses"} */

  
  create view "trivial"."main"."stg_responses__dbt_tmp" as (
    with responses as (

    select *
    from read_parquet('data/silver/responses.parquet')

),

questions as (

    select *
    from read_parquet('data/silver/questions_clean.parquet')

)

select
    r.question_id,

    q.category,
    q.difficulty,
    q.type,
    q.question,
    q.correct_answer,

    r.ai_answer_raw,
    r.ai_answer_letter,
    r.correct_letter,
    r.ai_correct,
    r.response_time,
    r.model,
    r.prompt_version,
    r.status

from responses r

left join questions q
    on r.question_id = q.question_id

where r.status = 'success'
  );

[0m10:08:00.088168 [debug] [Thread-1 (]: SQL status: OK in 0.002 seconds
[0m10:08:00.093332 [debug] [Thread-1 (]: Using duckdb connection "model.projet_trivial.stg_responses"
[0m10:08:00.093666 [debug] [Thread-1 (]: On model.projet_trivial.stg_responses: /* {"app": "dbt", "dbt_version": "1.12.5", "profile_name": "trivial_tp", "target_name": "dev", "node_id": "model.projet_trivial.stg_responses"} */
alter view "trivial"."main"."stg_responses" rename to "stg_responses__dbt_backup"
[0m10:08:00.094338 [debug] [Thread-1 (]: SQL status: OK in 0.000 seconds
[0m10:08:00.096101 [debug] [Thread-1 (]: Using duckdb connection "model.projet_trivial.stg_responses"
[0m10:08:00.096419 [debug] [Thread-1 (]: On model.projet_trivial.stg_responses: /* {"app": "dbt", "dbt_version": "1.12.5", "profile_name": "trivial_tp", "target_name": "dev", "node_id": "model.projet_trivial.stg_responses"} */
alter view "trivial"."main"."stg_responses__dbt_tmp" rename to "stg_responses"
[0m10:08:00.097000 [debug] [Thread-1 (]: SQL status: OK in 0.000 seconds
[0m10:08:00.109031 [debug] [Thread-1 (]: On model.projet_trivial.stg_responses: COMMIT
[0m10:08:00.109368 [debug] [Thread-1 (]: Using duckdb connection "model.projet_trivial.stg_responses"
[0m10:08:00.109643 [debug] [Thread-1 (]: On model.projet_trivial.stg_responses: COMMIT
[0m10:08:00.112147 [debug] [Thread-1 (]: SQL status: OK in 0.002 seconds
[0m10:08:00.116049 [debug] [Thread-1 (]: Using duckdb connection "model.projet_trivial.stg_responses"
[0m10:08:00.116408 [debug] [Thread-1 (]: On model.projet_trivial.stg_responses: /* {"app": "dbt", "dbt_version": "1.12.5", "profile_name": "trivial_tp", "target_name": "dev", "node_id": "model.projet_trivial.stg_responses"} */

      drop view if exists "trivial"."main"."stg_responses__dbt_backup" cascade
    
[0m10:08:00.118056 [debug] [Thread-1 (]: SQL status: OK in 0.001 seconds
[0m10:08:00.120129 [debug] [Thread-1 (]: On model.projet_trivial.stg_responses: Close
[0m10:08:00.122091 [debug] [Thread-1 (]: Sending event: {'category': 'dbt', 'action': 'run_model', 'label': '524dc1eb-9028-492b-955e-be391f17b595', 'context': [<snowplow_tracker.self_describing_json.SelfDescribingJson object at 0x0000029F96AE7F50>]}
[0m10:08:00.122763 [info ] [Thread-1 (]: 1 of 6 OK created sql view model main.stg_responses ............................ [[32mOK[0m in 0.07s]
[0m10:08:00.123547 [debug] [Thread-1 (]: Finished running node model.projet_trivial.stg_responses
[0m10:08:00.124248 [debug] [Thread-1 (]: Began running node model.projet_trivial.int_responses
[0m10:08:00.124650 [info ] [Thread-1 (]: 2 of 6 START sql table model main.int_responses ................................ [RUN]
[0m10:08:00.125179 [debug] [Thread-1 (]: Re-using an available connection from the pool (formerly model.projet_trivial.stg_responses, now model.projet_trivial.int_responses)
[0m10:08:00.125516 [debug] [Thread-1 (]: Began compiling node model.projet_trivial.int_responses
[0m10:08:00.127010 [debug] [Thread-1 (]: Writing injected SQL for node "model.projet_trivial.int_responses"
[0m10:08:00.128060 [debug] [Thread-1 (]: Began executing node model.projet_trivial.int_responses
[0m10:08:00.161180 [debug] [Thread-1 (]: Writing runtime sql for node "model.projet_trivial.int_responses"
[0m10:08:00.162339 [debug] [Thread-1 (]: Using duckdb connection "model.projet_trivial.int_responses"
[0m10:08:00.162720 [debug] [Thread-1 (]: On model.projet_trivial.int_responses: BEGIN
[0m10:08:00.163118 [debug] [Thread-1 (]: Opening a new connection, currently in state closed
[0m10:08:00.163764 [debug] [Thread-1 (]: SQL status: OK in 0.001 seconds
[0m10:08:00.164119 [debug] [Thread-1 (]: Using duckdb connection "model.projet_trivial.int_responses"
[0m10:08:00.164432 [debug] [Thread-1 (]: On model.projet_trivial.int_responses: /* {"app": "dbt", "dbt_version": "1.12.5", "profile_name": "trivial_tp", "target_name": "dev", "node_id": "model.projet_trivial.int_responses"} */

    

    create  table
      "trivial"."main"."int_responses__dbt_tmp"
  
    
    as (
      select
    question_id,
    category,
    difficulty,
    type,
    model,
    prompt_version,
    ai_correct,
    response_time,

    case
        when ai_correct = true then 1
        else 0
    end as correct_flag

from "trivial"."main"."stg_responses"
    );
    
  
[0m10:08:00.177850 [debug] [Thread-1 (]: SQL status: OK in 0.013 seconds
[0m10:08:00.182967 [debug] [Thread-1 (]: Using duckdb connection "model.projet_trivial.int_responses"
[0m10:08:00.183357 [debug] [Thread-1 (]: On model.projet_trivial.int_responses: /* {"app": "dbt", "dbt_version": "1.12.5", "profile_name": "trivial_tp", "target_name": "dev", "node_id": "model.projet_trivial.int_responses"} */

    SELECT index_name
    FROM duckdb_indexes()
    WHERE database_name = 'trivial'
      AND schema_name = 'main'
      AND table_name = 'int_responses'
  
[0m10:08:00.184177 [debug] [Thread-1 (]: SQL status: OK in 0.000 seconds
[0m10:08:00.186254 [debug] [Thread-1 (]: Using duckdb connection "model.projet_trivial.int_responses"
[0m10:08:00.186567 [debug] [Thread-1 (]: On model.projet_trivial.int_responses: /* {"app": "dbt", "dbt_version": "1.12.5", "profile_name": "trivial_tp", "target_name": "dev", "node_id": "model.projet_trivial.int_responses"} */
alter table "trivial"."main"."int_responses" rename to "int_responses__dbt_backup"
[0m10:08:00.187099 [debug] [Thread-1 (]: SQL status: OK in 0.000 seconds
[0m10:08:00.189312 [debug] [Thread-1 (]: Using duckdb connection "model.projet_trivial.int_responses"
[0m10:08:00.189617 [debug] [Thread-1 (]: On model.projet_trivial.int_responses: /* {"app": "dbt", "dbt_version": "1.12.5", "profile_name": "trivial_tp", "target_name": "dev", "node_id": "model.projet_trivial.int_responses"} */
alter table "trivial"."main"."int_responses__dbt_tmp" rename to "int_responses"
[0m10:08:00.190158 [debug] [Thread-1 (]: SQL status: OK in 0.000 seconds
[0m10:08:00.194569 [debug] [Thread-1 (]: On model.projet_trivial.int_responses: COMMIT
[0m10:08:00.194943 [debug] [Thread-1 (]: Using duckdb connection "model.projet_trivial.int_responses"
[0m10:08:00.195316 [debug] [Thread-1 (]: On model.projet_trivial.int_responses: COMMIT
[0m10:08:00.203880 [debug] [Thread-1 (]: SQL status: OK in 0.008 seconds
[0m10:08:00.205572 [debug] [Thread-1 (]: Using duckdb connection "model.projet_trivial.int_responses"
[0m10:08:00.205879 [debug] [Thread-1 (]: On model.projet_trivial.int_responses: /* {"app": "dbt", "dbt_version": "1.12.5", "profile_name": "trivial_tp", "target_name": "dev", "node_id": "model.projet_trivial.int_responses"} */

      drop table if exists "trivial"."main"."int_responses__dbt_backup" cascade
    
[0m10:08:00.207543 [debug] [Thread-1 (]: SQL status: OK in 0.001 seconds
[0m10:08:00.208668 [debug] [Thread-1 (]: On model.projet_trivial.int_responses: Close
[0m10:08:00.209212 [debug] [Thread-1 (]: Sending event: {'category': 'dbt', 'action': 'run_model', 'label': '524dc1eb-9028-492b-955e-be391f17b595', 'context': [<snowplow_tracker.self_describing_json.SelfDescribingJson object at 0x0000029F96B5F330>]}
[0m10:08:00.209741 [info ] [Thread-1 (]: 2 of 6 OK created sql table model main.int_responses ........................... [[32mOK[0m in 0.08s]
[0m10:08:00.210659 [debug] [Thread-1 (]: Finished running node model.projet_trivial.int_responses
[0m10:08:00.211395 [debug] [Thread-1 (]: Began running node model.projet_trivial.mart_category_performance
[0m10:08:00.211815 [info ] [Thread-1 (]: 3 of 6 START sql table model main_gold.mart_category_performance ............... [RUN]
[0m10:08:00.212357 [debug] [Thread-1 (]: Re-using an available connection from the pool (formerly model.projet_trivial.int_responses, now model.projet_trivial.mart_category_performance)
[0m10:08:00.212785 [debug] [Thread-1 (]: Began compiling node model.projet_trivial.mart_category_performance
[0m10:08:00.214389 [debug] [Thread-1 (]: Writing injected SQL for node "model.projet_trivial.mart_category_performance"
[0m10:08:00.215465 [debug] [Thread-1 (]: Began executing node model.projet_trivial.mart_category_performance
[0m10:08:00.217993 [debug] [Thread-1 (]: Writing runtime sql for node "model.projet_trivial.mart_category_performance"
[0m10:08:00.218794 [debug] [Thread-1 (]: Using duckdb connection "model.projet_trivial.mart_category_performance"
[0m10:08:00.219125 [debug] [Thread-1 (]: On model.projet_trivial.mart_category_performance: BEGIN
[0m10:08:00.219407 [debug] [Thread-1 (]: Opening a new connection, currently in state closed
[0m10:08:00.219953 [debug] [Thread-1 (]: SQL status: OK in 0.001 seconds
[0m10:08:00.220251 [debug] [Thread-1 (]: Using duckdb connection "model.projet_trivial.mart_category_performance"
[0m10:08:00.220556 [debug] [Thread-1 (]: On model.projet_trivial.mart_category_performance: /* {"app": "dbt", "dbt_version": "1.12.5", "profile_name": "trivial_tp", "target_name": "dev", "node_id": "model.projet_trivial.mart_category_performance"} */

    

    create  table
      "trivial"."main_gold"."mart_category_performance__dbt_tmp"
  
    
    as (
      select
    category,
    count(*) as total_questions,
    sum(correct_flag) as correct_answers,
    round(avg(correct_flag) * 100, 2) as accuracy_percent,
    avg(response_time) as avg_response_time

from "trivial"."main"."int_responses"

group by category
    );
    
  
[0m10:08:00.225639 [debug] [Thread-1 (]: SQL status: OK in 0.005 seconds
[0m10:08:00.226642 [debug] [Thread-1 (]: Using duckdb connection "model.projet_trivial.mart_category_performance"
[0m10:08:00.226963 [debug] [Thread-1 (]: On model.projet_trivial.mart_category_performance: /* {"app": "dbt", "dbt_version": "1.12.5", "profile_name": "trivial_tp", "target_name": "dev", "node_id": "model.projet_trivial.mart_category_performance"} */

    SELECT index_name
    FROM duckdb_indexes()
    WHERE database_name = 'trivial'
      AND schema_name = 'main_gold'
      AND table_name = 'mart_category_performance'
  
[0m10:08:00.227756 [debug] [Thread-1 (]: SQL status: OK in 0.000 seconds
[0m10:08:00.229707 [debug] [Thread-1 (]: Using duckdb connection "model.projet_trivial.mart_category_performance"
[0m10:08:00.230017 [debug] [Thread-1 (]: On model.projet_trivial.mart_category_performance: /* {"app": "dbt", "dbt_version": "1.12.5", "profile_name": "trivial_tp", "target_name": "dev", "node_id": "model.projet_trivial.mart_category_performance"} */
alter table "trivial"."main_gold"."mart_category_performance" rename to "mart_category_performance__dbt_backup"
[0m10:08:00.230590 [debug] [Thread-1 (]: SQL status: OK in 0.000 seconds
[0m10:08:00.232954 [debug] [Thread-1 (]: Using duckdb connection "model.projet_trivial.mart_category_performance"
[0m10:08:00.233343 [debug] [Thread-1 (]: On model.projet_trivial.mart_category_performance: /* {"app": "dbt", "dbt_version": "1.12.5", "profile_name": "trivial_tp", "target_name": "dev", "node_id": "model.projet_trivial.mart_category_performance"} */
alter table "trivial"."main_gold"."mart_category_performance__dbt_tmp" rename to "mart_category_performance"
[0m10:08:00.234034 [debug] [Thread-1 (]: SQL status: OK in 0.000 seconds
[0m10:08:00.235574 [debug] [Thread-1 (]: On model.projet_trivial.mart_category_performance: COMMIT
[0m10:08:00.235901 [debug] [Thread-1 (]: Using duckdb connection "model.projet_trivial.mart_category_performance"
[0m10:08:00.236197 [debug] [Thread-1 (]: On model.projet_trivial.mart_category_performance: COMMIT
[0m10:08:00.238668 [debug] [Thread-1 (]: SQL status: OK in 0.002 seconds
[0m10:08:00.240028 [debug] [Thread-1 (]: Using duckdb connection "model.projet_trivial.mart_category_performance"
[0m10:08:00.240414 [debug] [Thread-1 (]: On model.projet_trivial.mart_category_performance: /* {"app": "dbt", "dbt_version": "1.12.5", "profile_name": "trivial_tp", "target_name": "dev", "node_id": "model.projet_trivial.mart_category_performance"} */

      drop table if exists "trivial"."main_gold"."mart_category_performance__dbt_backup" cascade
    
[0m10:08:00.242043 [debug] [Thread-1 (]: SQL status: OK in 0.001 seconds
[0m10:08:00.243108 [debug] [Thread-1 (]: On model.projet_trivial.mart_category_performance: Close
[0m10:08:00.243604 [debug] [Thread-1 (]: Sending event: {'category': 'dbt', 'action': 'run_model', 'label': '524dc1eb-9028-492b-955e-be391f17b595', 'context': [<snowplow_tracker.self_describing_json.SelfDescribingJson object at 0x0000029F96F46B70>]}
[0m10:08:00.244114 [info ] [Thread-1 (]: 3 of 6 OK created sql table model main_gold.mart_category_performance .......... [[32mOK[0m in 0.03s]
[0m10:08:00.244800 [debug] [Thread-1 (]: Finished running node model.projet_trivial.mart_category_performance
[0m10:08:00.245232 [debug] [Thread-1 (]: Began running node model.projet_trivial.mart_difficulty_performance
[0m10:08:00.245749 [info ] [Thread-1 (]: 4 of 6 START sql table model main_gold.mart_difficulty_performance ............. [RUN]
[0m10:08:00.246224 [debug] [Thread-1 (]: Re-using an available connection from the pool (formerly model.projet_trivial.mart_category_performance, now model.projet_trivial.mart_difficulty_performance)
[0m10:08:00.246594 [debug] [Thread-1 (]: Began compiling node model.projet_trivial.mart_difficulty_performance
[0m10:08:00.248557 [debug] [Thread-1 (]: Writing injected SQL for node "model.projet_trivial.mart_difficulty_performance"
[0m10:08:00.249852 [debug] [Thread-1 (]: Began executing node model.projet_trivial.mart_difficulty_performance
[0m10:08:00.252228 [debug] [Thread-1 (]: Writing runtime sql for node "model.projet_trivial.mart_difficulty_performance"
[0m10:08:00.253144 [debug] [Thread-1 (]: Using duckdb connection "model.projet_trivial.mart_difficulty_performance"
[0m10:08:00.253458 [debug] [Thread-1 (]: On model.projet_trivial.mart_difficulty_performance: BEGIN
[0m10:08:00.253741 [debug] [Thread-1 (]: Opening a new connection, currently in state closed
[0m10:08:00.254377 [debug] [Thread-1 (]: SQL status: OK in 0.001 seconds
[0m10:08:00.254681 [debug] [Thread-1 (]: Using duckdb connection "model.projet_trivial.mart_difficulty_performance"
[0m10:08:00.254975 [debug] [Thread-1 (]: On model.projet_trivial.mart_difficulty_performance: /* {"app": "dbt", "dbt_version": "1.12.5", "profile_name": "trivial_tp", "target_name": "dev", "node_id": "model.projet_trivial.mart_difficulty_performance"} */

    

    create  table
      "trivial"."main_gold"."mart_difficulty_performance__dbt_tmp"
  
    
    as (
      select
    model,
    difficulty,
    count(*) as total_questions,
    sum(correct_flag) as correct_answers,
    avg(correct_flag) * 100 as accuracy,
    avg(response_time) as avg_response_time

from "trivial"."main"."int_responses"

group by model, difficulty
    );
    
  
[0m10:08:00.258893 [debug] [Thread-1 (]: SQL status: OK in 0.004 seconds
[0m10:08:00.260029 [debug] [Thread-1 (]: Using duckdb connection "model.projet_trivial.mart_difficulty_performance"
[0m10:08:00.260412 [debug] [Thread-1 (]: On model.projet_trivial.mart_difficulty_performance: /* {"app": "dbt", "dbt_version": "1.12.5", "profile_name": "trivial_tp", "target_name": "dev", "node_id": "model.projet_trivial.mart_difficulty_performance"} */

    SELECT index_name
    FROM duckdb_indexes()
    WHERE database_name = 'trivial'
      AND schema_name = 'main_gold'
      AND table_name = 'mart_difficulty_performance'
  
[0m10:08:00.261472 [debug] [Thread-1 (]: SQL status: OK in 0.001 seconds
[0m10:08:00.263665 [debug] [Thread-1 (]: Using duckdb connection "model.projet_trivial.mart_difficulty_performance"
[0m10:08:00.264021 [debug] [Thread-1 (]: On model.projet_trivial.mart_difficulty_performance: /* {"app": "dbt", "dbt_version": "1.12.5", "profile_name": "trivial_tp", "target_name": "dev", "node_id": "model.projet_trivial.mart_difficulty_performance"} */
alter table "trivial"."main_gold"."mart_difficulty_performance" rename to "mart_difficulty_performance__dbt_backup"
[0m10:08:00.264650 [debug] [Thread-1 (]: SQL status: OK in 0.000 seconds
[0m10:08:00.266510 [debug] [Thread-1 (]: Using duckdb connection "model.projet_trivial.mart_difficulty_performance"
[0m10:08:00.266866 [debug] [Thread-1 (]: On model.projet_trivial.mart_difficulty_performance: /* {"app": "dbt", "dbt_version": "1.12.5", "profile_name": "trivial_tp", "target_name": "dev", "node_id": "model.projet_trivial.mart_difficulty_performance"} */
alter table "trivial"."main_gold"."mart_difficulty_performance__dbt_tmp" rename to "mart_difficulty_performance"
[0m10:08:00.267506 [debug] [Thread-1 (]: SQL status: OK in 0.000 seconds
[0m10:08:00.269604 [debug] [Thread-1 (]: On model.projet_trivial.mart_difficulty_performance: COMMIT
[0m10:08:00.269941 [debug] [Thread-1 (]: Using duckdb connection "model.projet_trivial.mart_difficulty_performance"
[0m10:08:00.270228 [debug] [Thread-1 (]: On model.projet_trivial.mart_difficulty_performance: COMMIT
[0m10:08:00.272493 [debug] [Thread-1 (]: SQL status: OK in 0.002 seconds
[0m10:08:00.274154 [debug] [Thread-1 (]: Using duckdb connection "model.projet_trivial.mart_difficulty_performance"
[0m10:08:00.274500 [debug] [Thread-1 (]: On model.projet_trivial.mart_difficulty_performance: /* {"app": "dbt", "dbt_version": "1.12.5", "profile_name": "trivial_tp", "target_name": "dev", "node_id": "model.projet_trivial.mart_difficulty_performance"} */

      drop table if exists "trivial"."main_gold"."mart_difficulty_performance__dbt_backup" cascade
    
[0m10:08:00.276280 [debug] [Thread-1 (]: SQL status: OK in 0.001 seconds
[0m10:08:00.277441 [debug] [Thread-1 (]: On model.projet_trivial.mart_difficulty_performance: Close
[0m10:08:00.277960 [debug] [Thread-1 (]: Sending event: {'category': 'dbt', 'action': 'run_model', 'label': '524dc1eb-9028-492b-955e-be391f17b595', 'context': [<snowplow_tracker.self_describing_json.SelfDescribingJson object at 0x0000029F96E014D0>]}
[0m10:08:00.278497 [info ] [Thread-1 (]: 4 of 6 OK created sql table model main_gold.mart_difficulty_performance ........ [[32mOK[0m in 0.03s]
[0m10:08:00.279292 [debug] [Thread-1 (]: Finished running node model.projet_trivial.mart_difficulty_performance
[0m10:08:00.279716 [debug] [Thread-1 (]: Began running node model.projet_trivial.mart_prompt_performance
[0m10:08:00.280188 [info ] [Thread-1 (]: 5 of 6 START sql table model main_gold.mart_prompt_performance ................. [RUN]
[0m10:08:00.280672 [debug] [Thread-1 (]: Re-using an available connection from the pool (formerly model.projet_trivial.mart_difficulty_performance, now model.projet_trivial.mart_prompt_performance)
[0m10:08:00.280999 [debug] [Thread-1 (]: Began compiling node model.projet_trivial.mart_prompt_performance
[0m10:08:00.282759 [debug] [Thread-1 (]: Writing injected SQL for node "model.projet_trivial.mart_prompt_performance"
[0m10:08:00.283882 [debug] [Thread-1 (]: Began executing node model.projet_trivial.mart_prompt_performance
[0m10:08:00.286975 [debug] [Thread-1 (]: Writing runtime sql for node "model.projet_trivial.mart_prompt_performance"
[0m10:08:00.288113 [debug] [Thread-1 (]: Using duckdb connection "model.projet_trivial.mart_prompt_performance"
[0m10:08:00.288467 [debug] [Thread-1 (]: On model.projet_trivial.mart_prompt_performance: BEGIN
[0m10:08:00.288777 [debug] [Thread-1 (]: Opening a new connection, currently in state closed
[0m10:08:00.289504 [debug] [Thread-1 (]: SQL status: OK in 0.001 seconds
[0m10:08:00.289901 [debug] [Thread-1 (]: Using duckdb connection "model.projet_trivial.mart_prompt_performance"
[0m10:08:00.290274 [debug] [Thread-1 (]: On model.projet_trivial.mart_prompt_performance: /* {"app": "dbt", "dbt_version": "1.12.5", "profile_name": "trivial_tp", "target_name": "dev", "node_id": "model.projet_trivial.mart_prompt_performance"} */

    

    create  table
      "trivial"."main_gold"."mart_prompt_performance__dbt_tmp"
  
    
    as (
      select
    model,
    prompt_version,
    count(*) as total_questions,
    sum(correct_flag) as correct_answers,
    avg(correct_flag) * 100 as accuracy,
    avg(response_time) as avg_response_time

from "trivial"."main"."int_responses"

group by
    model,
    prompt_version
    );
    
  
[0m10:08:00.294335 [debug] [Thread-1 (]: SQL status: OK in 0.004 seconds
[0m10:08:00.295449 [debug] [Thread-1 (]: Using duckdb connection "model.projet_trivial.mart_prompt_performance"
[0m10:08:00.295779 [debug] [Thread-1 (]: On model.projet_trivial.mart_prompt_performance: /* {"app": "dbt", "dbt_version": "1.12.5", "profile_name": "trivial_tp", "target_name": "dev", "node_id": "model.projet_trivial.mart_prompt_performance"} */

    SELECT index_name
    FROM duckdb_indexes()
    WHERE database_name = 'trivial'
      AND schema_name = 'main_gold'
      AND table_name = 'mart_prompt_performance'
  
[0m10:08:00.296576 [debug] [Thread-1 (]: SQL status: OK in 0.000 seconds
[0m10:08:00.298614 [debug] [Thread-1 (]: Using duckdb connection "model.projet_trivial.mart_prompt_performance"
[0m10:08:00.298938 [debug] [Thread-1 (]: On model.projet_trivial.mart_prompt_performance: /* {"app": "dbt", "dbt_version": "1.12.5", "profile_name": "trivial_tp", "target_name": "dev", "node_id": "model.projet_trivial.mart_prompt_performance"} */
alter table "trivial"."main_gold"."mart_prompt_performance" rename to "mart_prompt_performance__dbt_backup"
[0m10:08:00.299681 [debug] [Thread-1 (]: SQL status: OK in 0.000 seconds
[0m10:08:00.302013 [debug] [Thread-1 (]: Using duckdb connection "model.projet_trivial.mart_prompt_performance"
[0m10:08:00.302441 [debug] [Thread-1 (]: On model.projet_trivial.mart_prompt_performance: /* {"app": "dbt", "dbt_version": "1.12.5", "profile_name": "trivial_tp", "target_name": "dev", "node_id": "model.projet_trivial.mart_prompt_performance"} */
alter table "trivial"."main_gold"."mart_prompt_performance__dbt_tmp" rename to "mart_prompt_performance"
[0m10:08:00.303065 [debug] [Thread-1 (]: SQL status: OK in 0.000 seconds
[0m10:08:00.304470 [debug] [Thread-1 (]: On model.projet_trivial.mart_prompt_performance: COMMIT
[0m10:08:00.304774 [debug] [Thread-1 (]: Using duckdb connection "model.projet_trivial.mart_prompt_performance"
[0m10:08:00.305052 [debug] [Thread-1 (]: On model.projet_trivial.mart_prompt_performance: COMMIT
[0m10:08:00.307110 [debug] [Thread-1 (]: SQL status: OK in 0.002 seconds
[0m10:08:00.308906 [debug] [Thread-1 (]: Using duckdb connection "model.projet_trivial.mart_prompt_performance"
[0m10:08:00.309216 [debug] [Thread-1 (]: On model.projet_trivial.mart_prompt_performance: /* {"app": "dbt", "dbt_version": "1.12.5", "profile_name": "trivial_tp", "target_name": "dev", "node_id": "model.projet_trivial.mart_prompt_performance"} */

      drop table if exists "trivial"."main_gold"."mart_prompt_performance__dbt_backup" cascade
    
[0m10:08:00.310897 [debug] [Thread-1 (]: SQL status: OK in 0.001 seconds
[0m10:08:00.311915 [debug] [Thread-1 (]: On model.projet_trivial.mart_prompt_performance: Close
[0m10:08:00.312405 [debug] [Thread-1 (]: Sending event: {'category': 'dbt', 'action': 'run_model', 'label': '524dc1eb-9028-492b-955e-be391f17b595', 'context': [<snowplow_tracker.self_describing_json.SelfDescribingJson object at 0x0000029F96AFA510>]}
[0m10:08:00.312929 [info ] [Thread-1 (]: 5 of 6 OK created sql table model main_gold.mart_prompt_performance ............ [[32mOK[0m in 0.03s]
[0m10:08:00.313658 [debug] [Thread-1 (]: Finished running node model.projet_trivial.mart_prompt_performance
[0m10:08:00.314086 [debug] [Thread-1 (]: Began running node model.projet_trivial.mart_type_performance
[0m10:08:00.314598 [info ] [Thread-1 (]: 6 of 6 START sql table model main_gold.mart_type_performance ................... [RUN]
[0m10:08:00.315097 [debug] [Thread-1 (]: Re-using an available connection from the pool (formerly model.projet_trivial.mart_prompt_performance, now model.projet_trivial.mart_type_performance)
[0m10:08:00.315441 [debug] [Thread-1 (]: Began compiling node model.projet_trivial.mart_type_performance
[0m10:08:00.317102 [debug] [Thread-1 (]: Writing injected SQL for node "model.projet_trivial.mart_type_performance"
[0m10:08:00.318017 [debug] [Thread-1 (]: Began executing node model.projet_trivial.mart_type_performance
[0m10:08:00.320514 [debug] [Thread-1 (]: Writing runtime sql for node "model.projet_trivial.mart_type_performance"
[0m10:08:00.321584 [debug] [Thread-1 (]: Using duckdb connection "model.projet_trivial.mart_type_performance"
[0m10:08:00.321945 [debug] [Thread-1 (]: On model.projet_trivial.mart_type_performance: BEGIN
[0m10:08:00.322262 [debug] [Thread-1 (]: Opening a new connection, currently in state closed
[0m10:08:00.322865 [debug] [Thread-1 (]: SQL status: OK in 0.001 seconds
[0m10:08:00.323177 [debug] [Thread-1 (]: Using duckdb connection "model.projet_trivial.mart_type_performance"
[0m10:08:00.323477 [debug] [Thread-1 (]: On model.projet_trivial.mart_type_performance: /* {"app": "dbt", "dbt_version": "1.12.5", "profile_name": "trivial_tp", "target_name": "dev", "node_id": "model.projet_trivial.mart_type_performance"} */

    

    create  table
      "trivial"."main_gold"."mart_type_performance__dbt_tmp"
  
    
    as (
      select
    model,
    type,
    count(*) as total_questions,
    sum(correct_flag) as correct_answers,
    avg(correct_flag) * 100 as accuracy,
    avg(response_time) as avg_response_time

from "trivial"."main"."int_responses"

group by model, type
    );
    
  
[0m10:08:00.327578 [debug] [Thread-1 (]: SQL status: OK in 0.004 seconds
[0m10:08:00.328574 [debug] [Thread-1 (]: Using duckdb connection "model.projet_trivial.mart_type_performance"
[0m10:08:00.328948 [debug] [Thread-1 (]: On model.projet_trivial.mart_type_performance: /* {"app": "dbt", "dbt_version": "1.12.5", "profile_name": "trivial_tp", "target_name": "dev", "node_id": "model.projet_trivial.mart_type_performance"} */

    SELECT index_name
    FROM duckdb_indexes()
    WHERE database_name = 'trivial'
      AND schema_name = 'main_gold'
      AND table_name = 'mart_type_performance'
  
[0m10:08:00.329681 [debug] [Thread-1 (]: SQL status: OK in 0.000 seconds
[0m10:08:00.331629 [debug] [Thread-1 (]: Using duckdb connection "model.projet_trivial.mart_type_performance"
[0m10:08:00.331964 [debug] [Thread-1 (]: On model.projet_trivial.mart_type_performance: /* {"app": "dbt", "dbt_version": "1.12.5", "profile_name": "trivial_tp", "target_name": "dev", "node_id": "model.projet_trivial.mart_type_performance"} */
alter table "trivial"."main_gold"."mart_type_performance" rename to "mart_type_performance__dbt_backup"
[0m10:08:00.332580 [debug] [Thread-1 (]: SQL status: OK in 0.000 seconds
[0m10:08:00.334509 [debug] [Thread-1 (]: Using duckdb connection "model.projet_trivial.mart_type_performance"
[0m10:08:00.334867 [debug] [Thread-1 (]: On model.projet_trivial.mart_type_performance: /* {"app": "dbt", "dbt_version": "1.12.5", "profile_name": "trivial_tp", "target_name": "dev", "node_id": "model.projet_trivial.mart_type_performance"} */
alter table "trivial"."main_gold"."mart_type_performance__dbt_tmp" rename to "mart_type_performance"
[0m10:08:00.335651 [debug] [Thread-1 (]: SQL status: OK in 0.000 seconds
[0m10:08:00.337670 [debug] [Thread-1 (]: On model.projet_trivial.mart_type_performance: COMMIT
[0m10:08:00.338045 [debug] [Thread-1 (]: Using duckdb connection "model.projet_trivial.mart_type_performance"
[0m10:08:00.338393 [debug] [Thread-1 (]: On model.projet_trivial.mart_type_performance: COMMIT
[0m10:08:00.339993 [debug] [Thread-1 (]: SQL status: OK in 0.001 seconds
[0m10:08:00.341345 [debug] [Thread-1 (]: Using duckdb connection "model.projet_trivial.mart_type_performance"
[0m10:08:00.341646 [debug] [Thread-1 (]: On model.projet_trivial.mart_type_performance: /* {"app": "dbt", "dbt_version": "1.12.5", "profile_name": "trivial_tp", "target_name": "dev", "node_id": "model.projet_trivial.mart_type_performance"} */

      drop table if exists "trivial"."main_gold"."mart_type_performance__dbt_backup" cascade
    
[0m10:08:00.343356 [debug] [Thread-1 (]: SQL status: OK in 0.001 seconds
[0m10:08:00.344883 [debug] [Thread-1 (]: On model.projet_trivial.mart_type_performance: Close
[0m10:08:00.345365 [debug] [Thread-1 (]: Sending event: {'category': 'dbt', 'action': 'run_model', 'label': '524dc1eb-9028-492b-955e-be391f17b595', 'context': [<snowplow_tracker.self_describing_json.SelfDescribingJson object at 0x0000029F96E17470>]}
[0m10:08:00.345905 [info ] [Thread-1 (]: 6 of 6 OK created sql table model main_gold.mart_type_performance .............. [[32mOK[0m in 0.03s]
[0m10:08:00.346720 [debug] [Thread-1 (]: Finished running node model.projet_trivial.mart_type_performance
[0m10:08:00.348101 [debug] [MainThread]: Using duckdb connection "master"
[0m10:08:00.348392 [debug] [MainThread]: On master: BEGIN
[0m10:08:00.348645 [debug] [MainThread]: Opening a new connection, currently in state closed
[0m10:08:00.349131 [debug] [MainThread]: SQL status: OK in 0.000 seconds
[0m10:08:00.349416 [debug] [MainThread]: On master: COMMIT
[0m10:08:00.349655 [debug] [MainThread]: Using duckdb connection "master"
[0m10:08:00.349883 [debug] [MainThread]: On master: COMMIT
[0m10:08:00.350246 [debug] [MainThread]: SQL status: OK in 0.000 seconds
[0m10:08:00.350508 [debug] [MainThread]: On master: Close
[0m10:08:00.350872 [debug] [MainThread]: Connection 'master' was properly closed.
[0m10:08:00.351106 [debug] [MainThread]: Connection 'create_trivial_main' was properly closed.
[0m10:08:00.351321 [debug] [MainThread]: Connection 'list_trivial_main' was properly closed.
[0m10:08:00.351534 [debug] [MainThread]: Connection 'model.projet_trivial.mart_type_performance' was properly closed.
[0m10:08:00.351839 [info ] [MainThread]: 
[0m10:08:00.352255 [info ] [MainThread]: Finished running 5 table models, 1 view model in 0 hours 0 minutes and 0.47 seconds (0.47s).
[0m10:08:00.354093 [debug] [MainThread]: Command end result
[0m10:08:00.383188 [debug] [MainThread]: Wrote artifact WritableManifest to C:\Users\Utilisateur\Documents\MasteredataIA\COURS\datalakes\projetTrivialPoursuite\target\manifest.json
[0m10:08:00.386915 [debug] [MainThread]: Wrote artifact SemanticManifest to C:\Users\Utilisateur\Documents\MasteredataIA\COURS\datalakes\projetTrivialPoursuite\target\semantic_manifest.json
[0m10:08:00.390223 [debug] [MainThread]: Wrote artifact OsiDocument to C:\Users\Utilisateur\Documents\MasteredataIA\COURS\datalakes\projetTrivialPoursuite\target\osi_document.json
[0m10:08:00.397791 [debug] [MainThread]: Wrote artifact RunExecutionResult to C:\Users\Utilisateur\Documents\MasteredataIA\COURS\datalakes\projetTrivialPoursuite\target\run_results.json
[0m10:08:00.398382 [info ] [MainThread]: 
[0m10:08:00.398982 [info ] [MainThread]: [32mCompleted successfully[0m
[0m10:08:00.399435 [info ] [MainThread]: 
[0m10:08:00.399827 [info ] [MainThread]: Done. PASS=6 WARN=0 ERROR=0 SKIP=0 NO-OP=0 REUSED=0 TOTAL=6
[0m10:08:00.400967 [debug] [MainThread]: Command `dbt run` succeeded at 10:08:00.400857 after 1.91 seconds
[0m10:08:00.401323 [debug] [MainThread]: Sending event: {'category': 'dbt', 'action': 'invocation', 'label': 'end', 'context': [<snowplow_tracker.self_describing_json.SelfDescribingJson object at 0x0000029F969E3890>, <snowplow_tracker.self_describing_json.SelfDescribingJson object at 0x0000029F94F7A270>, <snowplow_tracker.self_describing_json.SelfDescribingJson object at 0x0000029F96E16ED0>]}
[0m10:08:00.401670 [debug] [MainThread]: Flushing usage events
[0m10:08:00.924108 [debug] [MainThread]: An error was encountered while trying to flush usage events
[0m10:15:51.206808 [debug] [MainThread]: Sending event: {'category': 'dbt', 'action': 'invocation', 'label': 'start', 'context': [<snowplow_tracker.self_describing_json.SelfDescribingJson object at 0x000001EDDD5BA3C0>, <snowplow_tracker.self_describing_json.SelfDescribingJson object at 0x000001EDDB174410>, <snowplow_tracker.self_describing_json.SelfDescribingJson object at 0x000001EDDFF8B890>]}


============================== 10:15:51.211686 | 5f624e22-6e5d-4c02-8c46-535faa195142 ==============================
[0m10:15:51.211686 [info ] [MainThread]: Running with dbt=1.12.5
[0m10:15:51.212399 [debug] [MainThread]: running dbt with arguments {'maximum_seed_size_mib': '1', 'no_print': 'None', 'version_check': 'True', 'warn_error_options': 'WarnErrorOptionsV2(error=[], warn=[], silence=[])', 'static_parser': 'True', 'target_path': 'None', 'printer_width': '80', 'write_json': 'True', 'empty': 'False', 'log_cache_events': 'False', 'introspect': 'True', 'cache_selected_only': 'False', 'log_format': 'default', 'debug': 'False', 'fail_fast': 'False', 'profiles_dir': 'C:\\Users\\Utilisateur\\Documents\\MasteredataIA\\COURS\\datalakes\\projetTrivialPoursuite', 'send_anonymous_usage_stats': 'True', 'quiet': 'False', 'warn_error': 'None', 'partial_parse': 'True', 'indirect_selection': 'eager', 'hints_enabled': 'True', 'use_colors': 'True', 'use_experimental_parser': 'False', 'invocation_command': 'dbt run', 'log_path': 'C:\\Users\\Utilisateur\\Documents\\MasteredataIA\\COURS\\datalakes\\projetTrivialPoursuite\\logs'}
[0m10:15:51.513611 [debug] [MainThread]: Sending event: {'category': 'dbt', 'action': 'project_id', 'label': '5f624e22-6e5d-4c02-8c46-535faa195142', 'context': [<snowplow_tracker.self_describing_json.SelfDescribingJson object at 0x000001EDE0042FD0>]}
[0m10:15:51.610112 [debug] [MainThread]: Sending event: {'category': 'dbt', 'action': 'adapter_info', 'label': '5f624e22-6e5d-4c02-8c46-535faa195142', 'context': [<snowplow_tracker.self_describing_json.SelfDescribingJson object at 0x000001EDE0234E20>]}
[0m10:15:51.613638 [info ] [MainThread]: Registered adapter: duckdb=1.11.0
[0m10:15:51.954811 [debug] [MainThread]: checksum: 0942d943003f3fccaeb7c0773b635c3723a3df5117ad06592b70e020d80bc06e, vars: {}, profile: trivial_tp, target: dev, version: 1.12.5
[0m10:15:52.111562 [debug] [MainThread]: Partial parsing enabled: 0 files deleted, 0 files added, 4 files changed.
[0m10:15:52.112218 [debug] [MainThread]: Partial parsing: updated file: projet_trivial://src/models\mart\mart_prompt_performance.sql
[0m10:15:52.112637 [debug] [MainThread]: Partial parsing: updated file: projet_trivial://src/models\mart\mart_difficulty_performance.sql
[0m10:15:52.113051 [debug] [MainThread]: Partial parsing: updated file: projet_trivial://src/models\mart\mart_type_performance.sql
[0m10:15:52.113425 [debug] [MainThread]: Partial parsing: updated file: projet_trivial://src/models\mart\mart_category_performance.sql
[0m10:15:52.460162 [debug] [MainThread]: Sending event: {'category': 'dbt', 'action': 'load_project', 'label': '5f624e22-6e5d-4c02-8c46-535faa195142', 'context': [<snowplow_tracker.self_describing_json.SelfDescribingJson object at 0x000001EDE05CF250>]}
[0m10:15:52.542050 [debug] [MainThread]: Wrote artifact WritableManifest to C:\Users\Utilisateur\Documents\MasteredataIA\COURS\datalakes\projetTrivialPoursuite\target\manifest.json
[0m10:15:52.545654 [debug] [MainThread]: Wrote artifact SemanticManifest to C:\Users\Utilisateur\Documents\MasteredataIA\COURS\datalakes\projetTrivialPoursuite\target\semantic_manifest.json
[0m10:15:52.574919 [debug] [MainThread]: Wrote artifact OsiDocument to C:\Users\Utilisateur\Documents\MasteredataIA\COURS\datalakes\projetTrivialPoursuite\target\osi_document.json
[0m10:15:52.587870 [debug] [MainThread]: Sending event: {'category': 'dbt', 'action': 'resource_counts', 'label': '5f624e22-6e5d-4c02-8c46-535faa195142', 'context': [<snowplow_tracker.self_describing_json.SelfDescribingJson object at 0x000001EDE1AD74D0>]}
[0m10:15:52.588376 [info ] [MainThread]: Found 6 models, 2 sources, 500 macros
[0m10:15:52.588814 [debug] [MainThread]: Sending event: {'category': 'dbt', 'action': 'runnable_timing', 'label': '5f624e22-6e5d-4c02-8c46-535faa195142', 'context': [<snowplow_tracker.self_describing_json.SelfDescribingJson object at 0x000001EDE1AC7690>]}
[0m10:15:52.590808 [info ] [MainThread]: 
[0m10:15:52.591247 [info ] [MainThread]: Concurrency: 1 threads (target='dev')
[0m10:15:52.591629 [info ] [MainThread]: 
[0m10:15:52.592226 [debug] [MainThread]: Acquiring new duckdb connection 'master'
[0m10:15:52.596774 [debug] [ThreadPool]: Acquiring new duckdb connection 'list_trivial'
[0m10:15:52.689561 [debug] [ThreadPool]: Using duckdb connection "list_trivial"
[0m10:15:52.689959 [debug] [ThreadPool]: On list_trivial: /* {"app": "dbt", "dbt_version": "1.12.5", "profile_name": "trivial_tp", "target_name": "dev", "connection_name": "list_trivial"} */

    
    select schema_name
    from system.information_schema.schemata
    
    where lower(catalog_name) = '"trivial"'
    
  
  
[0m10:15:52.690247 [debug] [ThreadPool]: Opening a new connection, currently in state init
[0m10:15:52.705512 [debug] [ThreadPool]: SQL status: OK in 0.015 seconds
[0m10:15:52.706849 [debug] [ThreadPool]: On list_trivial: Close
[0m10:15:52.708369 [debug] [ThreadPool]: Using duckdb connection "list_trivial"
[0m10:15:52.708730 [debug] [ThreadPool]: On list_trivial: /* {"app": "dbt", "dbt_version": "1.12.5", "profile_name": "trivial_tp", "target_name": "dev", "connection_name": "list_trivial"} */

    
    select schema_name
    from system.information_schema.schemata
    
    where lower(catalog_name) = '"trivial"'
    
  
  
[0m10:15:52.709031 [debug] [ThreadPool]: Opening a new connection, currently in state closed
[0m10:15:52.710003 [debug] [ThreadPool]: SQL status: OK in 0.001 seconds
[0m10:15:52.710867 [debug] [ThreadPool]: On list_trivial: Close
[0m10:15:52.711452 [debug] [ThreadPool]: Re-using an available connection from the pool (formerly list_trivial, now create_trivial_main_gold)
[0m10:15:52.711858 [debug] [ThreadPool]: Creating schema "database: "trivial"
schema: "main_gold"
"
[0m10:15:52.717799 [debug] [ThreadPool]: Using duckdb connection "create_trivial_main_gold"
[0m10:15:52.718108 [debug] [ThreadPool]: On create_trivial_main_gold: /* {"app": "dbt", "dbt_version": "1.12.5", "profile_name": "trivial_tp", "target_name": "dev", "connection_name": "create_trivial_main_gold"} */

    
        select type from duckdb_databases()
        where lower(database_name)='trivial'
        and type != 'duckdb'
    
  
[0m10:15:52.718423 [debug] [ThreadPool]: Opening a new connection, currently in state closed
[0m10:15:52.719282 [debug] [ThreadPool]: SQL status: OK in 0.001 seconds
[0m10:15:52.720203 [debug] [ThreadPool]: Using duckdb connection "create_trivial_main_gold"
[0m10:15:52.720482 [debug] [ThreadPool]: On create_trivial_main_gold: BEGIN
[0m10:15:52.720890 [debug] [ThreadPool]: SQL status: OK in 0.000 seconds
[0m10:15:52.721143 [debug] [ThreadPool]: Using duckdb connection "create_trivial_main_gold"
[0m10:15:52.721396 [debug] [ThreadPool]: On create_trivial_main_gold: /* {"app": "dbt", "dbt_version": "1.12.5", "profile_name": "trivial_tp", "target_name": "dev", "connection_name": "create_trivial_main_gold"} */

    
    
        create schema if not exists "trivial"."main_gold"
    
[0m10:15:52.721827 [debug] [ThreadPool]: SQL status: OK in 0.000 seconds
[0m10:15:52.722452 [debug] [ThreadPool]: On create_trivial_main_gold: COMMIT
[0m10:15:52.722711 [debug] [ThreadPool]: Using duckdb connection "create_trivial_main_gold"
[0m10:15:52.722949 [debug] [ThreadPool]: On create_trivial_main_gold: COMMIT
[0m10:15:52.723342 [debug] [ThreadPool]: SQL status: OK in 0.000 seconds
[0m10:15:52.723603 [debug] [ThreadPool]: On create_trivial_main_gold: Close
[0m10:15:52.724127 [debug] [ThreadPool]: Re-using an available connection from the pool (formerly create_trivial_main_gold, now create_trivial_main)
[0m10:15:52.724554 [debug] [ThreadPool]: Creating schema "database: "trivial"
schema: "main"
"
[0m10:15:52.725461 [debug] [ThreadPool]: Using duckdb connection "create_trivial_main"
[0m10:15:52.725723 [debug] [ThreadPool]: On create_trivial_main: /* {"app": "dbt", "dbt_version": "1.12.5", "profile_name": "trivial_tp", "target_name": "dev", "connection_name": "create_trivial_main"} */

    
        select type from duckdb_databases()
        where lower(database_name)='trivial'
        and type != 'duckdb'
    
  
[0m10:15:52.725964 [debug] [ThreadPool]: Opening a new connection, currently in state closed
[0m10:15:52.726659 [debug] [ThreadPool]: SQL status: OK in 0.001 seconds
[0m10:15:52.727516 [debug] [ThreadPool]: Using duckdb connection "create_trivial_main"
[0m10:15:52.727780 [debug] [ThreadPool]: On create_trivial_main: BEGIN
[0m10:15:52.728172 [debug] [ThreadPool]: SQL status: OK in 0.000 seconds
[0m10:15:52.728461 [debug] [ThreadPool]: Using duckdb connection "create_trivial_main"
[0m10:15:52.728703 [debug] [ThreadPool]: On create_trivial_main: /* {"app": "dbt", "dbt_version": "1.12.5", "profile_name": "trivial_tp", "target_name": "dev", "connection_name": "create_trivial_main"} */

    
    
        create schema if not exists "trivial"."main"
    
[0m10:15:52.729103 [debug] [ThreadPool]: SQL status: OK in 0.000 seconds
[0m10:15:52.729782 [debug] [ThreadPool]: On create_trivial_main: COMMIT
[0m10:15:52.730036 [debug] [ThreadPool]: Using duckdb connection "create_trivial_main"
[0m10:15:52.730290 [debug] [ThreadPool]: On create_trivial_main: COMMIT
[0m10:15:52.730669 [debug] [ThreadPool]: SQL status: OK in 0.000 seconds
[0m10:15:52.730923 [debug] [ThreadPool]: On create_trivial_main: Close
[0m10:15:52.732454 [debug] [ThreadPool]: Acquiring new duckdb connection 'list_trivial_main_gold'
[0m10:15:52.737424 [debug] [ThreadPool]: Using duckdb connection "list_trivial_main_gold"
[0m10:15:52.737764 [debug] [ThreadPool]: On list_trivial_main_gold: BEGIN
[0m10:15:52.738016 [debug] [ThreadPool]: Opening a new connection, currently in state init
[0m10:15:52.738596 [debug] [ThreadPool]: SQL status: OK in 0.001 seconds
[0m10:15:52.738992 [debug] [ThreadPool]: Using duckdb connection "list_trivial_main_gold"
[0m10:15:52.739463 [debug] [ThreadPool]: On list_trivial_main_gold: /* {"app": "dbt", "dbt_version": "1.12.5", "profile_name": "trivial_tp", "target_name": "dev", "connection_name": "list_trivial_main_gold"} */
select
      'trivial' as database,
      table_name as name,
      table_schema as schema,
      CASE table_type
        WHEN 'BASE TABLE' THEN 'table'
        WHEN 'VIEW' THEN 'view'
        WHEN 'LOCAL TEMPORARY' THEN 'table'
        END as type
    from system.information_schema.tables
    where lower(table_schema) = 'main_gold'
    and lower(table_catalog) = 'trivial'
  
[0m10:15:52.743357 [debug] [ThreadPool]: SQL status: OK in 0.003 seconds
[0m10:15:52.744468 [debug] [ThreadPool]: On list_trivial_main_gold: ROLLBACK
[0m10:15:52.744887 [debug] [ThreadPool]: On list_trivial_main_gold: Close
[0m10:15:52.745489 [debug] [ThreadPool]: Re-using an available connection from the pool (formerly list_trivial_main_gold, now list_trivial_main)
[0m10:15:52.747168 [debug] [ThreadPool]: Using duckdb connection "list_trivial_main"
[0m10:15:52.747428 [debug] [ThreadPool]: On list_trivial_main: BEGIN
[0m10:15:52.747658 [debug] [ThreadPool]: Opening a new connection, currently in state closed
[0m10:15:52.748153 [debug] [ThreadPool]: SQL status: OK in 0.000 seconds
[0m10:15:52.748477 [debug] [ThreadPool]: Using duckdb connection "list_trivial_main"
[0m10:15:52.748778 [debug] [ThreadPool]: On list_trivial_main: /* {"app": "dbt", "dbt_version": "1.12.5", "profile_name": "trivial_tp", "target_name": "dev", "connection_name": "list_trivial_main"} */
select
      'trivial' as database,
      table_name as name,
      table_schema as schema,
      CASE table_type
        WHEN 'BASE TABLE' THEN 'table'
        WHEN 'VIEW' THEN 'view'
        WHEN 'LOCAL TEMPORARY' THEN 'table'
        END as type
    from system.information_schema.tables
    where lower(table_schema) = 'main'
    and lower(table_catalog) = 'trivial'
  
[0m10:15:52.750490 [debug] [ThreadPool]: SQL status: OK in 0.001 seconds
[0m10:15:52.751448 [debug] [ThreadPool]: On list_trivial_main: ROLLBACK
[0m10:15:52.751913 [debug] [ThreadPool]: On list_trivial_main: Close
[0m10:15:52.752985 [debug] [MainThread]: Sending event: {'category': 'dbt', 'action': 'runnable_timing', 'label': '5f624e22-6e5d-4c02-8c46-535faa195142', 'context': [<snowplow_tracker.self_describing_json.SelfDescribingJson object at 0x000001EDE1D9D4A0>]}
[0m10:15:52.753391 [debug] [MainThread]: Using duckdb connection "master"
[0m10:15:52.753643 [debug] [MainThread]: On master: BEGIN
[0m10:15:52.753885 [debug] [MainThread]: Opening a new connection, currently in state init
[0m10:15:52.754328 [debug] [MainThread]: SQL status: OK in 0.000 seconds
[0m10:15:52.754587 [debug] [MainThread]: On master: COMMIT
[0m10:15:52.754825 [debug] [MainThread]: Using duckdb connection "master"
[0m10:15:52.755066 [debug] [MainThread]: On master: COMMIT
[0m10:15:52.755462 [debug] [MainThread]: SQL status: OK in 0.000 seconds
[0m10:15:52.755726 [debug] [MainThread]: On master: Close
[0m10:15:52.759115 [debug] [Thread-1 (]: Began running node model.projet_trivial.stg_responses
[0m10:15:52.759647 [info ] [Thread-1 (]: 1 of 6 START sql view model main.stg_responses ................................. [RUN]
[0m10:15:52.760214 [debug] [Thread-1 (]: Acquiring new duckdb connection 'model.projet_trivial.stg_responses'
[0m10:15:52.760523 [debug] [Thread-1 (]: Began compiling node model.projet_trivial.stg_responses
[0m10:15:52.766117 [debug] [Thread-1 (]: Writing injected SQL for node "model.projet_trivial.stg_responses"
[0m10:15:52.766999 [debug] [Thread-1 (]: Began executing node model.projet_trivial.stg_responses
[0m10:15:52.793716 [debug] [Thread-1 (]: Writing runtime sql for node "model.projet_trivial.stg_responses"
[0m10:15:52.794860 [debug] [Thread-1 (]: Using duckdb connection "model.projet_trivial.stg_responses"
[0m10:15:52.795229 [debug] [Thread-1 (]: On model.projet_trivial.stg_responses: BEGIN
[0m10:15:52.795549 [debug] [Thread-1 (]: Opening a new connection, currently in state init
[0m10:15:52.796380 [debug] [Thread-1 (]: SQL status: OK in 0.001 seconds
[0m10:15:52.796698 [debug] [Thread-1 (]: Using duckdb connection "model.projet_trivial.stg_responses"
[0m10:15:52.797015 [debug] [Thread-1 (]: On model.projet_trivial.stg_responses: /* {"app": "dbt", "dbt_version": "1.12.5", "profile_name": "trivial_tp", "target_name": "dev", "node_id": "model.projet_trivial.stg_responses"} */

  
  create view "trivial"."main"."stg_responses__dbt_tmp" as (
    with responses as (

    select *
    from read_parquet('data/silver/responses.parquet')

),

questions as (

    select *
    from read_parquet('data/silver/questions_clean.parquet')

)

select
    r.question_id,

    q.category,
    q.difficulty,
    q.type,
    q.question,
    q.correct_answer,

    r.ai_answer_raw,
    r.ai_answer_letter,
    r.correct_letter,
    r.ai_correct,
    r.response_time,
    r.model,
    r.prompt_version,
    r.status

from responses r

left join questions q
    on r.question_id = q.question_id

where r.status = 'success'
  );

[0m10:15:52.798910 [debug] [Thread-1 (]: SQL status: OK in 0.002 seconds
[0m10:15:52.803683 [debug] [Thread-1 (]: Using duckdb connection "model.projet_trivial.stg_responses"
[0m10:15:52.804041 [debug] [Thread-1 (]: On model.projet_trivial.stg_responses: /* {"app": "dbt", "dbt_version": "1.12.5", "profile_name": "trivial_tp", "target_name": "dev", "node_id": "model.projet_trivial.stg_responses"} */
alter view "trivial"."main"."stg_responses" rename to "stg_responses__dbt_backup"
[0m10:15:52.804720 [debug] [Thread-1 (]: SQL status: OK in 0.000 seconds
[0m10:15:52.806631 [debug] [Thread-1 (]: Using duckdb connection "model.projet_trivial.stg_responses"
[0m10:15:52.806949 [debug] [Thread-1 (]: On model.projet_trivial.stg_responses: /* {"app": "dbt", "dbt_version": "1.12.5", "profile_name": "trivial_tp", "target_name": "dev", "node_id": "model.projet_trivial.stg_responses"} */
alter view "trivial"."main"."stg_responses__dbt_tmp" rename to "stg_responses"
[0m10:15:52.807580 [debug] [Thread-1 (]: SQL status: OK in 0.000 seconds
[0m10:15:52.820822 [debug] [Thread-1 (]: On model.projet_trivial.stg_responses: COMMIT
[0m10:15:52.821248 [debug] [Thread-1 (]: Using duckdb connection "model.projet_trivial.stg_responses"
[0m10:15:52.821688 [debug] [Thread-1 (]: On model.projet_trivial.stg_responses: COMMIT
[0m10:15:52.830935 [debug] [Thread-1 (]: SQL status: OK in 0.009 seconds
[0m10:15:52.835553 [debug] [Thread-1 (]: Using duckdb connection "model.projet_trivial.stg_responses"
[0m10:15:52.835955 [debug] [Thread-1 (]: On model.projet_trivial.stg_responses: /* {"app": "dbt", "dbt_version": "1.12.5", "profile_name": "trivial_tp", "target_name": "dev", "node_id": "model.projet_trivial.stg_responses"} */

      drop view if exists "trivial"."main"."stg_responses__dbt_backup" cascade
    
[0m10:15:52.837971 [debug] [Thread-1 (]: SQL status: OK in 0.002 seconds
[0m10:15:52.840069 [debug] [Thread-1 (]: On model.projet_trivial.stg_responses: Close
[0m10:15:52.841998 [debug] [Thread-1 (]: Sending event: {'category': 'dbt', 'action': 'run_model', 'label': '5f624e22-6e5d-4c02-8c46-535faa195142', 'context': [<snowplow_tracker.self_describing_json.SelfDescribingJson object at 0x000001EDE1AB3B90>]}
[0m10:15:52.842579 [info ] [Thread-1 (]: 1 of 6 OK created sql view model main.stg_responses ............................ [[32mOK[0m in 0.08s]
[0m10:15:52.843318 [debug] [Thread-1 (]: Finished running node model.projet_trivial.stg_responses
[0m10:15:52.844009 [debug] [Thread-1 (]: Began running node model.projet_trivial.int_responses
[0m10:15:52.844439 [info ] [Thread-1 (]: 2 of 6 START sql table model main.int_responses ................................ [RUN]
[0m10:15:52.844991 [debug] [Thread-1 (]: Re-using an available connection from the pool (formerly model.projet_trivial.stg_responses, now model.projet_trivial.int_responses)
[0m10:15:52.845359 [debug] [Thread-1 (]: Began compiling node model.projet_trivial.int_responses
[0m10:15:52.846910 [debug] [Thread-1 (]: Writing injected SQL for node "model.projet_trivial.int_responses"
[0m10:15:52.847857 [debug] [Thread-1 (]: Began executing node model.projet_trivial.int_responses
[0m10:15:52.881238 [debug] [Thread-1 (]: Writing runtime sql for node "model.projet_trivial.int_responses"
[0m10:15:52.882361 [debug] [Thread-1 (]: Using duckdb connection "model.projet_trivial.int_responses"
[0m10:15:52.882763 [debug] [Thread-1 (]: On model.projet_trivial.int_responses: BEGIN
[0m10:15:52.883093 [debug] [Thread-1 (]: Opening a new connection, currently in state closed
[0m10:15:52.883712 [debug] [Thread-1 (]: SQL status: OK in 0.001 seconds
[0m10:15:52.884029 [debug] [Thread-1 (]: Using duckdb connection "model.projet_trivial.int_responses"
[0m10:15:52.884334 [debug] [Thread-1 (]: On model.projet_trivial.int_responses: /* {"app": "dbt", "dbt_version": "1.12.5", "profile_name": "trivial_tp", "target_name": "dev", "node_id": "model.projet_trivial.int_responses"} */

    

    create  table
      "trivial"."main"."int_responses__dbt_tmp"
  
    
    as (
      select
    question_id,
    category,
    difficulty,
    type,
    model,
    prompt_version,
    ai_correct,
    response_time,

    case
        when ai_correct = true then 1
        else 0
    end as correct_flag

from "trivial"."main"."stg_responses"
    );
    
  
[0m10:15:52.896878 [debug] [Thread-1 (]: SQL status: OK in 0.012 seconds
[0m10:15:52.901416 [debug] [Thread-1 (]: Using duckdb connection "model.projet_trivial.int_responses"
[0m10:15:52.901840 [debug] [Thread-1 (]: On model.projet_trivial.int_responses: /* {"app": "dbt", "dbt_version": "1.12.5", "profile_name": "trivial_tp", "target_name": "dev", "node_id": "model.projet_trivial.int_responses"} */

    SELECT index_name
    FROM duckdb_indexes()
    WHERE database_name = 'trivial'
      AND schema_name = 'main'
      AND table_name = 'int_responses'
  
[0m10:15:52.902880 [debug] [Thread-1 (]: SQL status: OK in 0.001 seconds
[0m10:15:52.905047 [debug] [Thread-1 (]: Using duckdb connection "model.projet_trivial.int_responses"
[0m10:15:52.905395 [debug] [Thread-1 (]: On model.projet_trivial.int_responses: /* {"app": "dbt", "dbt_version": "1.12.5", "profile_name": "trivial_tp", "target_name": "dev", "node_id": "model.projet_trivial.int_responses"} */
alter table "trivial"."main"."int_responses" rename to "int_responses__dbt_backup"
[0m10:15:52.905981 [debug] [Thread-1 (]: SQL status: OK in 0.000 seconds
[0m10:15:52.908262 [debug] [Thread-1 (]: Using duckdb connection "model.projet_trivial.int_responses"
[0m10:15:52.908573 [debug] [Thread-1 (]: On model.projet_trivial.int_responses: /* {"app": "dbt", "dbt_version": "1.12.5", "profile_name": "trivial_tp", "target_name": "dev", "node_id": "model.projet_trivial.int_responses"} */
alter table "trivial"."main"."int_responses__dbt_tmp" rename to "int_responses"
[0m10:15:52.909112 [debug] [Thread-1 (]: SQL status: OK in 0.000 seconds
[0m10:15:52.913385 [debug] [Thread-1 (]: On model.projet_trivial.int_responses: COMMIT
[0m10:15:52.913698 [debug] [Thread-1 (]: Using duckdb connection "model.projet_trivial.int_responses"
[0m10:15:52.913980 [debug] [Thread-1 (]: On model.projet_trivial.int_responses: COMMIT
[0m10:15:52.922789 [debug] [Thread-1 (]: SQL status: OK in 0.008 seconds
[0m10:15:52.924339 [debug] [Thread-1 (]: Using duckdb connection "model.projet_trivial.int_responses"
[0m10:15:52.924667 [debug] [Thread-1 (]: On model.projet_trivial.int_responses: /* {"app": "dbt", "dbt_version": "1.12.5", "profile_name": "trivial_tp", "target_name": "dev", "node_id": "model.projet_trivial.int_responses"} */

      drop table if exists "trivial"."main"."int_responses__dbt_backup" cascade
    
[0m10:15:52.926613 [debug] [Thread-1 (]: SQL status: OK in 0.002 seconds
[0m10:15:52.927744 [debug] [Thread-1 (]: On model.projet_trivial.int_responses: Close
[0m10:15:52.928253 [debug] [Thread-1 (]: Sending event: {'category': 'dbt', 'action': 'run_model', 'label': '5f624e22-6e5d-4c02-8c46-535faa195142', 'context': [<snowplow_tracker.self_describing_json.SelfDescribingJson object at 0x000001EDE1B67330>]}
[0m10:15:52.928784 [info ] [Thread-1 (]: 2 of 6 OK created sql table model main.int_responses ........................... [[32mOK[0m in 0.08s]
[0m10:15:52.929504 [debug] [Thread-1 (]: Finished running node model.projet_trivial.int_responses
[0m10:15:52.930234 [debug] [Thread-1 (]: Began running node model.projet_trivial.mart_category_performance
[0m10:15:52.930645 [info ] [Thread-1 (]: 3 of 6 START sql table model main_gold.mart_category_performance ............... [RUN]
[0m10:15:52.931219 [debug] [Thread-1 (]: Re-using an available connection from the pool (formerly model.projet_trivial.int_responses, now model.projet_trivial.mart_category_performance)
[0m10:15:52.931531 [debug] [Thread-1 (]: Began compiling node model.projet_trivial.mart_category_performance
[0m10:15:52.933092 [debug] [Thread-1 (]: Writing injected SQL for node "model.projet_trivial.mart_category_performance"
[0m10:15:52.934053 [debug] [Thread-1 (]: Began executing node model.projet_trivial.mart_category_performance
[0m10:15:52.936519 [debug] [Thread-1 (]: Writing runtime sql for node "model.projet_trivial.mart_category_performance"
[0m10:15:52.937618 [debug] [Thread-1 (]: Using duckdb connection "model.projet_trivial.mart_category_performance"
[0m10:15:52.938023 [debug] [Thread-1 (]: On model.projet_trivial.mart_category_performance: BEGIN
[0m10:15:52.938374 [debug] [Thread-1 (]: Opening a new connection, currently in state closed
[0m10:15:52.938968 [debug] [Thread-1 (]: SQL status: OK in 0.001 seconds
[0m10:15:52.939277 [debug] [Thread-1 (]: Using duckdb connection "model.projet_trivial.mart_category_performance"
[0m10:15:52.939659 [debug] [Thread-1 (]: On model.projet_trivial.mart_category_performance: /* {"app": "dbt", "dbt_version": "1.12.5", "profile_name": "trivial_tp", "target_name": "dev", "node_id": "model.projet_trivial.mart_category_performance"} */

    

    create  table
      "trivial"."main_gold"."mart_category_performance__dbt_tmp"
  
    
    as (
      select
    category,
    count(*) as total_questions,
    sum(correct_flag) as correct_answers,
    round(avg(correct_flag) * 100, 2) as accuracy_percent,
    round(avg(response_time), 2) as avg_response_time

from "trivial"."main"."int_responses"

group by category
    );
    
  
[0m10:15:52.944756 [debug] [Thread-1 (]: SQL status: OK in 0.005 seconds
[0m10:15:52.945978 [debug] [Thread-1 (]: Using duckdb connection "model.projet_trivial.mart_category_performance"
[0m10:15:52.946386 [debug] [Thread-1 (]: On model.projet_trivial.mart_category_performance: /* {"app": "dbt", "dbt_version": "1.12.5", "profile_name": "trivial_tp", "target_name": "dev", "node_id": "model.projet_trivial.mart_category_performance"} */

    SELECT index_name
    FROM duckdb_indexes()
    WHERE database_name = 'trivial'
      AND schema_name = 'main_gold'
      AND table_name = 'mart_category_performance'
  
[0m10:15:52.947280 [debug] [Thread-1 (]: SQL status: OK in 0.001 seconds
[0m10:15:52.949339 [debug] [Thread-1 (]: Using duckdb connection "model.projet_trivial.mart_category_performance"
[0m10:15:52.949688 [debug] [Thread-1 (]: On model.projet_trivial.mart_category_performance: /* {"app": "dbt", "dbt_version": "1.12.5", "profile_name": "trivial_tp", "target_name": "dev", "node_id": "model.projet_trivial.mart_category_performance"} */
alter table "trivial"."main_gold"."mart_category_performance" rename to "mart_category_performance__dbt_backup"
[0m10:15:52.950488 [debug] [Thread-1 (]: SQL status: OK in 0.000 seconds
[0m10:15:52.952960 [debug] [Thread-1 (]: Using duckdb connection "model.projet_trivial.mart_category_performance"
[0m10:15:52.953304 [debug] [Thread-1 (]: On model.projet_trivial.mart_category_performance: /* {"app": "dbt", "dbt_version": "1.12.5", "profile_name": "trivial_tp", "target_name": "dev", "node_id": "model.projet_trivial.mart_category_performance"} */
alter table "trivial"."main_gold"."mart_category_performance__dbt_tmp" rename to "mart_category_performance"
[0m10:15:52.954079 [debug] [Thread-1 (]: SQL status: OK in 0.000 seconds
[0m10:15:52.955775 [debug] [Thread-1 (]: On model.projet_trivial.mart_category_performance: COMMIT
[0m10:15:52.956178 [debug] [Thread-1 (]: Using duckdb connection "model.projet_trivial.mart_category_performance"
[0m10:15:52.956500 [debug] [Thread-1 (]: On model.projet_trivial.mart_category_performance: COMMIT
[0m10:15:52.960170 [debug] [Thread-1 (]: SQL status: OK in 0.003 seconds
[0m10:15:52.962407 [debug] [Thread-1 (]: Using duckdb connection "model.projet_trivial.mart_category_performance"
[0m10:15:52.963008 [debug] [Thread-1 (]: On model.projet_trivial.mart_category_performance: /* {"app": "dbt", "dbt_version": "1.12.5", "profile_name": "trivial_tp", "target_name": "dev", "node_id": "model.projet_trivial.mart_category_performance"} */

      drop table if exists "trivial"."main_gold"."mart_category_performance__dbt_backup" cascade
    
[0m10:15:52.965318 [debug] [Thread-1 (]: SQL status: OK in 0.002 seconds
[0m10:15:52.966738 [debug] [Thread-1 (]: On model.projet_trivial.mart_category_performance: Close
[0m10:15:52.967275 [debug] [Thread-1 (]: Sending event: {'category': 'dbt', 'action': 'run_model', 'label': '5f624e22-6e5d-4c02-8c46-535faa195142', 'context': [<snowplow_tracker.self_describing_json.SelfDescribingJson object at 0x000001EDE1F42DF0>]}
[0m10:15:52.967818 [info ] [Thread-1 (]: 3 of 6 OK created sql table model main_gold.mart_category_performance .......... [[32mOK[0m in 0.04s]
[0m10:15:52.968857 [debug] [Thread-1 (]: Finished running node model.projet_trivial.mart_category_performance
[0m10:15:52.969542 [debug] [Thread-1 (]: Began running node model.projet_trivial.mart_difficulty_performance
[0m10:15:52.970094 [info ] [Thread-1 (]: 4 of 6 START sql table model main_gold.mart_difficulty_performance ............. [RUN]
[0m10:15:52.970691 [debug] [Thread-1 (]: Re-using an available connection from the pool (formerly model.projet_trivial.mart_category_performance, now model.projet_trivial.mart_difficulty_performance)
[0m10:15:52.971081 [debug] [Thread-1 (]: Began compiling node model.projet_trivial.mart_difficulty_performance
[0m10:15:52.973025 [debug] [Thread-1 (]: Writing injected SQL for node "model.projet_trivial.mart_difficulty_performance"
[0m10:15:52.974123 [debug] [Thread-1 (]: Began executing node model.projet_trivial.mart_difficulty_performance
[0m10:15:52.976630 [debug] [Thread-1 (]: Writing runtime sql for node "model.projet_trivial.mart_difficulty_performance"
[0m10:15:52.977579 [debug] [Thread-1 (]: Using duckdb connection "model.projet_trivial.mart_difficulty_performance"
[0m10:15:52.977909 [debug] [Thread-1 (]: On model.projet_trivial.mart_difficulty_performance: BEGIN
[0m10:15:52.978198 [debug] [Thread-1 (]: Opening a new connection, currently in state closed
[0m10:15:52.978942 [debug] [Thread-1 (]: SQL status: OK in 0.001 seconds
[0m10:15:52.979340 [debug] [Thread-1 (]: Using duckdb connection "model.projet_trivial.mart_difficulty_performance"
[0m10:15:52.979733 [debug] [Thread-1 (]: On model.projet_trivial.mart_difficulty_performance: /* {"app": "dbt", "dbt_version": "1.12.5", "profile_name": "trivial_tp", "target_name": "dev", "node_id": "model.projet_trivial.mart_difficulty_performance"} */

    

    create  table
      "trivial"."main_gold"."mart_difficulty_performance__dbt_tmp"
  
    
    as (
      select
    difficulty,
    count(*) as total_questions,
    sum(correct_flag) as correct_answers,
    round(avg(correct_flag) * 100 ,2) as accuracy_percent,
    round(avg(response_time) ,2) as avg_response_time

from "trivial"."main"."int_responses"

group by difficulty
    );
    
  
[0m10:15:52.983730 [debug] [Thread-1 (]: SQL status: OK in 0.003 seconds
[0m10:15:52.985638 [debug] [Thread-1 (]: Using duckdb connection "model.projet_trivial.mart_difficulty_performance"
[0m10:15:52.986342 [debug] [Thread-1 (]: On model.projet_trivial.mart_difficulty_performance: /* {"app": "dbt", "dbt_version": "1.12.5", "profile_name": "trivial_tp", "target_name": "dev", "node_id": "model.projet_trivial.mart_difficulty_performance"} */

    SELECT index_name
    FROM duckdb_indexes()
    WHERE database_name = 'trivial'
      AND schema_name = 'main_gold'
      AND table_name = 'mart_difficulty_performance'
  
[0m10:15:52.987880 [debug] [Thread-1 (]: SQL status: OK in 0.001 seconds
[0m10:15:52.991327 [debug] [Thread-1 (]: Using duckdb connection "model.projet_trivial.mart_difficulty_performance"
[0m10:15:52.992027 [debug] [Thread-1 (]: On model.projet_trivial.mart_difficulty_performance: /* {"app": "dbt", "dbt_version": "1.12.5", "profile_name": "trivial_tp", "target_name": "dev", "node_id": "model.projet_trivial.mart_difficulty_performance"} */
alter table "trivial"."main_gold"."mart_difficulty_performance" rename to "mart_difficulty_performance__dbt_backup"
[0m10:15:52.993219 [debug] [Thread-1 (]: SQL status: OK in 0.001 seconds
[0m10:15:52.996512 [debug] [Thread-1 (]: Using duckdb connection "model.projet_trivial.mart_difficulty_performance"
[0m10:15:52.997102 [debug] [Thread-1 (]: On model.projet_trivial.mart_difficulty_performance: /* {"app": "dbt", "dbt_version": "1.12.5", "profile_name": "trivial_tp", "target_name": "dev", "node_id": "model.projet_trivial.mart_difficulty_performance"} */
alter table "trivial"."main_gold"."mart_difficulty_performance__dbt_tmp" rename to "mart_difficulty_performance"
[0m10:15:52.998288 [debug] [Thread-1 (]: SQL status: OK in 0.001 seconds
[0m10:15:53.001688 [debug] [Thread-1 (]: On model.projet_trivial.mart_difficulty_performance: COMMIT
[0m10:15:53.002482 [debug] [Thread-1 (]: Using duckdb connection "model.projet_trivial.mart_difficulty_performance"
[0m10:15:53.002893 [debug] [Thread-1 (]: On model.projet_trivial.mart_difficulty_performance: COMMIT
[0m10:15:53.006057 [debug] [Thread-1 (]: SQL status: OK in 0.003 seconds
[0m10:15:53.008550 [debug] [Thread-1 (]: Using duckdb connection "model.projet_trivial.mart_difficulty_performance"
[0m10:15:53.009121 [debug] [Thread-1 (]: On model.projet_trivial.mart_difficulty_performance: /* {"app": "dbt", "dbt_version": "1.12.5", "profile_name": "trivial_tp", "target_name": "dev", "node_id": "model.projet_trivial.mart_difficulty_performance"} */

      drop table if exists "trivial"."main_gold"."mart_difficulty_performance__dbt_backup" cascade
    
[0m10:15:53.011599 [debug] [Thread-1 (]: SQL status: OK in 0.002 seconds
[0m10:15:53.013032 [debug] [Thread-1 (]: On model.projet_trivial.mart_difficulty_performance: Close
[0m10:15:53.013611 [debug] [Thread-1 (]: Sending event: {'category': 'dbt', 'action': 'run_model', 'label': '5f624e22-6e5d-4c02-8c46-535faa195142', 'context': [<snowplow_tracker.self_describing_json.SelfDescribingJson object at 0x000001EDE1F25C50>]}
[0m10:15:53.014215 [info ] [Thread-1 (]: 4 of 6 OK created sql table model main_gold.mart_difficulty_performance ........ [[32mOK[0m in 0.04s]
[0m10:15:53.015088 [debug] [Thread-1 (]: Finished running node model.projet_trivial.mart_difficulty_performance
[0m10:15:53.015634 [debug] [Thread-1 (]: Began running node model.projet_trivial.mart_prompt_performance
[0m10:15:53.016338 [info ] [Thread-1 (]: 5 of 6 START sql table model main_gold.mart_prompt_performance ................. [RUN]
[0m10:15:53.017127 [debug] [Thread-1 (]: Re-using an available connection from the pool (formerly model.projet_trivial.mart_difficulty_performance, now model.projet_trivial.mart_prompt_performance)
[0m10:15:53.017645 [debug] [Thread-1 (]: Began compiling node model.projet_trivial.mart_prompt_performance
[0m10:15:53.020276 [debug] [Thread-1 (]: Writing injected SQL for node "model.projet_trivial.mart_prompt_performance"
[0m10:15:53.021887 [debug] [Thread-1 (]: Began executing node model.projet_trivial.mart_prompt_performance
[0m10:15:53.025003 [debug] [Thread-1 (]: Writing runtime sql for node "model.projet_trivial.mart_prompt_performance"
[0m10:15:53.026215 [debug] [Thread-1 (]: Using duckdb connection "model.projet_trivial.mart_prompt_performance"
[0m10:15:53.026608 [debug] [Thread-1 (]: On model.projet_trivial.mart_prompt_performance: BEGIN
[0m10:15:53.026941 [debug] [Thread-1 (]: Opening a new connection, currently in state closed
[0m10:15:53.027669 [debug] [Thread-1 (]: SQL status: OK in 0.001 seconds
[0m10:15:53.028066 [debug] [Thread-1 (]: Using duckdb connection "model.projet_trivial.mart_prompt_performance"
[0m10:15:53.028470 [debug] [Thread-1 (]: On model.projet_trivial.mart_prompt_performance: /* {"app": "dbt", "dbt_version": "1.12.5", "profile_name": "trivial_tp", "target_name": "dev", "node_id": "model.projet_trivial.mart_prompt_performance"} */

    

    create  table
      "trivial"."main_gold"."mart_prompt_performance__dbt_tmp"
  
    
    as (
      select
    prompt_version,
    count(*) as total_questions,
    sum(correct_flag) as correct_answers,
    round(avg(correct_flag) * 100, 2) as accuracy_percent,
    round(avg(response_time), 2) as avg_response_time

from "trivial"."main"."int_responses"

group by
    prompt_version
    );
    
  
[0m10:15:53.031603 [debug] [Thread-1 (]: SQL status: OK in 0.003 seconds
[0m10:15:53.033106 [debug] [Thread-1 (]: Using duckdb connection "model.projet_trivial.mart_prompt_performance"
[0m10:15:53.033754 [debug] [Thread-1 (]: On model.projet_trivial.mart_prompt_performance: /* {"app": "dbt", "dbt_version": "1.12.5", "profile_name": "trivial_tp", "target_name": "dev", "node_id": "model.projet_trivial.mart_prompt_performance"} */

    SELECT index_name
    FROM duckdb_indexes()
    WHERE database_name = 'trivial'
      AND schema_name = 'main_gold'
      AND table_name = 'mart_prompt_performance'
  
[0m10:15:53.035978 [debug] [Thread-1 (]: SQL status: OK in 0.002 seconds
[0m10:15:53.040312 [debug] [Thread-1 (]: Using duckdb connection "model.projet_trivial.mart_prompt_performance"
[0m10:15:53.040799 [debug] [Thread-1 (]: On model.projet_trivial.mart_prompt_performance: /* {"app": "dbt", "dbt_version": "1.12.5", "profile_name": "trivial_tp", "target_name": "dev", "node_id": "model.projet_trivial.mart_prompt_performance"} */
alter table "trivial"."main_gold"."mart_prompt_performance" rename to "mart_prompt_performance__dbt_backup"
[0m10:15:53.041703 [debug] [Thread-1 (]: SQL status: OK in 0.000 seconds
[0m10:15:53.043633 [debug] [Thread-1 (]: Using duckdb connection "model.projet_trivial.mart_prompt_performance"
[0m10:15:53.043966 [debug] [Thread-1 (]: On model.projet_trivial.mart_prompt_performance: /* {"app": "dbt", "dbt_version": "1.12.5", "profile_name": "trivial_tp", "target_name": "dev", "node_id": "model.projet_trivial.mart_prompt_performance"} */
alter table "trivial"."main_gold"."mart_prompt_performance__dbt_tmp" rename to "mart_prompt_performance"
[0m10:15:53.044643 [debug] [Thread-1 (]: SQL status: OK in 0.000 seconds
[0m10:15:53.046271 [debug] [Thread-1 (]: On model.projet_trivial.mart_prompt_performance: COMMIT
[0m10:15:53.046802 [debug] [Thread-1 (]: Using duckdb connection "model.projet_trivial.mart_prompt_performance"
[0m10:15:53.047292 [debug] [Thread-1 (]: On model.projet_trivial.mart_prompt_performance: COMMIT
[0m10:15:53.049887 [debug] [Thread-1 (]: SQL status: OK in 0.002 seconds
[0m10:15:53.052367 [debug] [Thread-1 (]: Using duckdb connection "model.projet_trivial.mart_prompt_performance"
[0m10:15:53.054462 [debug] [Thread-1 (]: On model.projet_trivial.mart_prompt_performance: /* {"app": "dbt", "dbt_version": "1.12.5", "profile_name": "trivial_tp", "target_name": "dev", "node_id": "model.projet_trivial.mart_prompt_performance"} */

      drop table if exists "trivial"."main_gold"."mart_prompt_performance__dbt_backup" cascade
    
[0m10:15:53.058186 [debug] [Thread-1 (]: SQL status: OK in 0.003 seconds
[0m10:15:53.059605 [debug] [Thread-1 (]: On model.projet_trivial.mart_prompt_performance: Close
[0m10:15:53.060169 [debug] [Thread-1 (]: Sending event: {'category': 'dbt', 'action': 'run_model', 'label': '5f624e22-6e5d-4c02-8c46-535faa195142', 'context': [<snowplow_tracker.self_describing_json.SelfDescribingJson object at 0x000001EDE1B02DD0>]}
[0m10:15:53.060725 [info ] [Thread-1 (]: 5 of 6 OK created sql table model main_gold.mart_prompt_performance ............ [[32mOK[0m in 0.04s]
[0m10:15:53.061538 [debug] [Thread-1 (]: Finished running node model.projet_trivial.mart_prompt_performance
[0m10:15:53.061914 [debug] [Thread-1 (]: Began running node model.projet_trivial.mart_type_performance
[0m10:15:53.062365 [info ] [Thread-1 (]: 6 of 6 START sql table model main_gold.mart_type_performance ................... [RUN]
[0m10:15:53.062894 [debug] [Thread-1 (]: Re-using an available connection from the pool (formerly model.projet_trivial.mart_prompt_performance, now model.projet_trivial.mart_type_performance)
[0m10:15:53.063281 [debug] [Thread-1 (]: Began compiling node model.projet_trivial.mart_type_performance
[0m10:15:53.065131 [debug] [Thread-1 (]: Writing injected SQL for node "model.projet_trivial.mart_type_performance"
[0m10:15:53.066077 [debug] [Thread-1 (]: Began executing node model.projet_trivial.mart_type_performance
[0m10:15:53.068305 [debug] [Thread-1 (]: Writing runtime sql for node "model.projet_trivial.mart_type_performance"
[0m10:15:53.069262 [debug] [Thread-1 (]: Using duckdb connection "model.projet_trivial.mart_type_performance"
[0m10:15:53.069626 [debug] [Thread-1 (]: On model.projet_trivial.mart_type_performance: BEGIN
[0m10:15:53.069919 [debug] [Thread-1 (]: Opening a new connection, currently in state closed
[0m10:15:53.070542 [debug] [Thread-1 (]: SQL status: OK in 0.001 seconds
[0m10:15:53.070853 [debug] [Thread-1 (]: Using duckdb connection "model.projet_trivial.mart_type_performance"
[0m10:15:53.071162 [debug] [Thread-1 (]: On model.projet_trivial.mart_type_performance: /* {"app": "dbt", "dbt_version": "1.12.5", "profile_name": "trivial_tp", "target_name": "dev", "node_id": "model.projet_trivial.mart_type_performance"} */

    

    create  table
      "trivial"."main_gold"."mart_type_performance__dbt_tmp"
  
    
    as (
      select
    type,
    count(*) as total_questions,
    sum(correct_flag) as correct_answers,
    round(avg(correct_flag) * 100, 2) as accuracy_percent,
    round(avg(response_time),2) as avg_response_time

from "trivial"."main"."int_responses"

group by 
    type
    );
    
  
[0m10:15:53.075035 [debug] [Thread-1 (]: SQL status: OK in 0.003 seconds
[0m10:15:53.076172 [debug] [Thread-1 (]: Using duckdb connection "model.projet_trivial.mart_type_performance"
[0m10:15:53.076595 [debug] [Thread-1 (]: On model.projet_trivial.mart_type_performance: /* {"app": "dbt", "dbt_version": "1.12.5", "profile_name": "trivial_tp", "target_name": "dev", "node_id": "model.projet_trivial.mart_type_performance"} */

    SELECT index_name
    FROM duckdb_indexes()
    WHERE database_name = 'trivial'
      AND schema_name = 'main_gold'
      AND table_name = 'mart_type_performance'
  
[0m10:15:53.077855 [debug] [Thread-1 (]: SQL status: OK in 0.001 seconds
[0m10:15:53.079857 [debug] [Thread-1 (]: Using duckdb connection "model.projet_trivial.mart_type_performance"
[0m10:15:53.080180 [debug] [Thread-1 (]: On model.projet_trivial.mart_type_performance: /* {"app": "dbt", "dbt_version": "1.12.5", "profile_name": "trivial_tp", "target_name": "dev", "node_id": "model.projet_trivial.mart_type_performance"} */
alter table "trivial"."main_gold"."mart_type_performance" rename to "mart_type_performance__dbt_backup"
[0m10:15:53.080874 [debug] [Thread-1 (]: SQL status: OK in 0.000 seconds
[0m10:15:53.082793 [debug] [Thread-1 (]: Using duckdb connection "model.projet_trivial.mart_type_performance"
[0m10:15:53.083240 [debug] [Thread-1 (]: On model.projet_trivial.mart_type_performance: /* {"app": "dbt", "dbt_version": "1.12.5", "profile_name": "trivial_tp", "target_name": "dev", "node_id": "model.projet_trivial.mart_type_performance"} */
alter table "trivial"."main_gold"."mart_type_performance__dbt_tmp" rename to "mart_type_performance"
[0m10:15:53.084028 [debug] [Thread-1 (]: SQL status: OK in 0.000 seconds
[0m10:15:53.085975 [debug] [Thread-1 (]: On model.projet_trivial.mart_type_performance: COMMIT
[0m10:15:53.086374 [debug] [Thread-1 (]: Using duckdb connection "model.projet_trivial.mart_type_performance"
[0m10:15:53.086719 [debug] [Thread-1 (]: On model.projet_trivial.mart_type_performance: COMMIT
[0m10:15:53.088765 [debug] [Thread-1 (]: SQL status: OK in 0.002 seconds
[0m10:15:53.090398 [debug] [Thread-1 (]: Using duckdb connection "model.projet_trivial.mart_type_performance"
[0m10:15:53.090753 [debug] [Thread-1 (]: On model.projet_trivial.mart_type_performance: /* {"app": "dbt", "dbt_version": "1.12.5", "profile_name": "trivial_tp", "target_name": "dev", "node_id": "model.projet_trivial.mart_type_performance"} */

      drop table if exists "trivial"."main_gold"."mart_type_performance__dbt_backup" cascade
    
[0m10:15:53.092786 [debug] [Thread-1 (]: SQL status: OK in 0.002 seconds
[0m10:15:53.094849 [debug] [Thread-1 (]: On model.projet_trivial.mart_type_performance: Close
[0m10:15:53.095361 [debug] [Thread-1 (]: Sending event: {'category': 'dbt', 'action': 'run_model', 'label': '5f624e22-6e5d-4c02-8c46-535faa195142', 'context': [<snowplow_tracker.self_describing_json.SelfDescribingJson object at 0x000001EDE1F2F890>]}
[0m10:15:53.095915 [info ] [Thread-1 (]: 6 of 6 OK created sql table model main_gold.mart_type_performance .............. [[32mOK[0m in 0.03s]
[0m10:15:53.096688 [debug] [Thread-1 (]: Finished running node model.projet_trivial.mart_type_performance
[0m10:15:53.098173 [debug] [MainThread]: Using duckdb connection "master"
[0m10:15:53.098452 [debug] [MainThread]: On master: BEGIN
[0m10:15:53.098697 [debug] [MainThread]: Opening a new connection, currently in state closed
[0m10:15:53.099183 [debug] [MainThread]: SQL status: OK in 0.000 seconds
[0m10:15:53.099447 [debug] [MainThread]: On master: COMMIT
[0m10:15:53.099688 [debug] [MainThread]: Using duckdb connection "master"
[0m10:15:53.099916 [debug] [MainThread]: On master: COMMIT
[0m10:15:53.100295 [debug] [MainThread]: SQL status: OK in 0.000 seconds
[0m10:15:53.100583 [debug] [MainThread]: On master: Close
[0m10:15:53.100924 [debug] [MainThread]: Connection 'master' was properly closed.
[0m10:15:53.101158 [debug] [MainThread]: Connection 'create_trivial_main' was properly closed.
[0m10:15:53.101377 [debug] [MainThread]: Connection 'list_trivial_main' was properly closed.
[0m10:15:53.101591 [debug] [MainThread]: Connection 'model.projet_trivial.mart_type_performance' was properly closed.
[0m10:15:53.101896 [info ] [MainThread]: 
[0m10:15:53.102317 [info ] [MainThread]: Finished running 5 table models, 1 view model in 0 hours 0 minutes and 0.51 seconds (0.51s).
[0m10:15:53.104049 [debug] [MainThread]: Command end result
[0m10:15:53.140771 [debug] [MainThread]: Wrote artifact WritableManifest to C:\Users\Utilisateur\Documents\MasteredataIA\COURS\datalakes\projetTrivialPoursuite\target\manifest.json
[0m10:15:53.144670 [debug] [MainThread]: Wrote artifact SemanticManifest to C:\Users\Utilisateur\Documents\MasteredataIA\COURS\datalakes\projetTrivialPoursuite\target\semantic_manifest.json
[0m10:15:53.148286 [debug] [MainThread]: Wrote artifact OsiDocument to C:\Users\Utilisateur\Documents\MasteredataIA\COURS\datalakes\projetTrivialPoursuite\target\osi_document.json
[0m10:15:53.155810 [debug] [MainThread]: Wrote artifact RunExecutionResult to C:\Users\Utilisateur\Documents\MasteredataIA\COURS\datalakes\projetTrivialPoursuite\target\run_results.json
[0m10:15:53.156233 [info ] [MainThread]: 
[0m10:15:53.156771 [info ] [MainThread]: [32mCompleted successfully[0m
[0m10:15:53.157268 [info ] [MainThread]: 
[0m10:15:53.157775 [info ] [MainThread]: Done. PASS=6 WARN=0 ERROR=0 SKIP=0 NO-OP=0 REUSED=0 TOTAL=6
[0m10:15:53.159115 [debug] [MainThread]: Command `dbt run` succeeded at 10:15:53.159004 after 2.11 seconds
[0m10:15:53.159475 [debug] [MainThread]: Sending event: {'category': 'dbt', 'action': 'invocation', 'label': 'end', 'context': [<snowplow_tracker.self_describing_json.SelfDescribingJson object at 0x000001EDDE26AAB0>, <snowplow_tracker.self_describing_json.SelfDescribingJson object at 0x000001EDE09613D0>, <snowplow_tracker.self_describing_json.SelfDescribingJson object at 0x000001EDE1E1F1D0>]}
[0m10:15:53.159817 [debug] [MainThread]: Flushing usage events
[0m10:15:53.687455 [debug] [MainThread]: An error was encountered while trying to flush usage events
